GOC_ID,STEP_ID,1
NI02PANNUIT2021,PVFC_LRC_UNWIND,0.0
NI02PANNUIT2021,PVFC_LRC_EXP_PREM_FUT_CF,0.0
NI02PANNUIT2021,PVFC_LRC_EXP_ACQ_FUT_CF,0.0
NI02PANNUIT2021,PVFC_LRC_EXP_INCLAIM,-289475141.0057062
NI02PANNUIT2021,PVFC_LRC_EXP_IC_PAYBL,-265190274.33333352
NI02PANNUIT2021,PVFC_LRC_EXP_ATTEXP,-3004093.7914535217
NI02PANNUIT2021,PVFC_LIC_UNWIND,0.0
NI02PANNUIT2021,PVFC_LIC_EXP_CLAIM_CF_CY,0.0
NI02PANNUIT2021,PVFC_LIC_EXP_ATTEXP_CY,0.0
NI02PANNUIT2021,PVFC_LIC_EXP_CLAIM_CF_PY,0.0
NI02PANNUIT2021,PVFC_LIC_EXP_ATTEXP_PY,0.0
NI02PANNUIT2021,RA_LRC_OP,31155513.67736315
NI02PANNUIT2021,RA_LRC_NB_POS,0.0
NI02PANNUIT2021,RA_LRC_UNWIND,1870255.647856485
NI02PANNUIT2021,RA_LRC_RELEASE,-4243837.880144421
NI02PANNUIT2021,RA_LRC_DEREC,0.0
NI02PANNUIT2021,RA_LRC_TASSCHG,-7965319.7763330005
NI02PANNUIT2021,RA_LRC_FASSCHG,86547.95828184858
NI02PANNUIT2021,RA_LRC_CLO,20903159.627024062
NI02PANNUIT2021,RA_LIC_OP,0.0
NI02PANNUIT2021,RA_LIC_UNWIND,0.0
NI02PANNUIT2021,RA_LIC_INCLAIM,0.0
NI02PANNUIT2021,RA_LIC_RELEASE_PY,0.0
NI02PANNUIT2021,RA_LIC_DEREC,0.0
NI02PANNUIT2021,RA_LIC_TASSCHG_PY,0.0
NI02PANNUIT2021,RA_LIC_FASSCHG_PY,0.0
NI02PANNUIT2021,RA_LIC_CLO,0.0
NI02PANNUIT2021,ACQ_CF_LRC_UNWIND,0.0
NI02PANNUIT2021,ACQ_CF_LRC_EXP_ACQ_CF,0.0
NI02PANNUIT2021,CROSS_SUB_OP,0.0
NI02PANNUIT2021,CROSS_SUB_EXP,0.0
NI02PANNUIT2021,CROSS_SUB_NB,0.0
NI02PANNUIT2021,CROSS_SUB_IF_NB_TECH,0.0
NI02PANNUIT2021,CROSS_SUB_TASSCHG,0.0
NI02PANNUIT2021,CROSS_SUB_FASSCHG,0.0
NI02PANNUIT2021,CROSS_SUB_CLO,0.0
NI02PANNUIT2021,CROSS_SUB_IF_NB_FIN,0.0
NI02PANNUIT2021,RA_LIC_RELEASE_CY,0.0
NI02PANNUIT2021,PVFC_LRC_EXP_PREM_CURR_CF,0.0
NI02PANNUIT2021,PVFC_LRC_EXP_ACQ_CURR_CF,0.0
NI02PANNUIT2021,RA_LIC_FEXPVAR_CY,0.0
NI02OMORTGE2021,PVFC_LRC_UNWIND,0.0
NI02OMORTGE2021,PVFC_LRC_EXP_PREM_FUT_CF,5840377.195845983
NI02OMORTGE2021,PVFC_LRC_EXP_ACQ_FUT_CF,-584037.7195845982
NI02OMORTGE2021,PVFC_LRC_EXP_INCLAIM,-17520306.985162035
NI02OMORTGE2021,PVFC_LRC_EXP_IC_PAYBL,0.0
NI02OMORTGE2021,PVFC_LRC_EXP_ATTEXP,-209701.00109320332
NI02OMORTGE2021,PVFC_LIC_UNWIND,0.0
NI02OMORTGE2021,PVFC_LIC_EXP_CLAIM_CF_CY,0.0
NI02OMORTGE2021,PVFC_LIC_EXP_ATTEXP_CY,0.0
NI02OMORTGE2021,PVFC_LIC_EXP_CLAIM_CF_PY,0.0
NI02OMORTGE2021,PVFC_LIC_EXP_ATTEXP_PY,0.0
NI02OMORTGE2021,RA_LRC_OP,6263542.129420678
NI02OMORTGE2021,RA_LRC_NB_POS,0.0
NI02OMORTGE2021,RA_LRC_UNWIND,341907.0476075625
NI02OMORTGE2021,RA_LRC_RELEASE,-1282697.102932216
NI02OMORTGE2021,RA_LRC_DEREC,0.0
NI02OMORTGE2021,RA_LRC_TASSCHG,-288741.29560080636
NI02OMORTGE2021,RA_LRC_FASSCHG,107590.69536803197
NI02OMORTGE2021,RA_LRC_CLO,5141601.473863251
NI02OMORTGE2021,RA_LIC_OP,0.0
NI02OMORTGE2021,RA_LIC_UNWIND,0.0
NI02OMORTGE2021,RA_LIC_INCLAIM,0.0
NI02OMORTGE2021,RA_LIC_RELEASE_PY,0.0
NI02OMORTGE2021,RA_LIC_DEREC,0.0
NI02OMORTGE2021,RA_LIC_TASSCHG_PY,0.0
NI02OMORTGE2021,RA_LIC_FASSCHG_PY,0.0
NI02OMORTGE2021,RA_LIC_CLO,0.0
NI02OMORTGE2021,ACQ_CF_LRC_UNWIND,0.0
NI02OMORTGE2021,ACQ_CF_LRC_EXP_ACQ_CF,0.0
NI02OMORTGE2021,CROSS_SUB_OP,0.0
NI02OMORTGE2021,CROSS_SUB_EXP,0.0
NI02OMORTGE2021,CROSS_SUB_NB,0.0
NI02OMORTGE2021,CROSS_SUB_IF_NB_TECH,0.0
NI02OMORTGE2021,CROSS_SUB_TASSCHG,0.0
NI02OMORTGE2021,CROSS_SUB_FASSCHG,0.0
NI02OMORTGE2021,CROSS_SUB_CLO,0.0
NI02OMORTGE2021,CROSS_SUB_IF_NB_FIN,0.0
NI02OMORTGE2021,RA_LIC_RELEASE_CY,0.0
NI02OMORTGE2021,PVFC_LRC_EXP_PREM_CURR_CF,0.0
NI02OMORTGE2021,PVFC_LRC_EXP_ACQ_CURR_CF,0.0
NI02OMORTGE2021,RA_LIC_FEXPVAR_CY,0.0
NI02PMORTGE2022,PVFC_LRC_UNWIND,0.0
NI02PMORTGE2022,PVFC_LRC_EXP_PREM_FUT_CF,12907406.569999998
NI02PMORTGE2022,PVFC_LRC_EXP_ACQ_FUT_CF,-1290740.657
NI02PMORTGE2022,PVFC_LRC_EXP_INCLAIM,-1396693.8144118732
NI02PMORTGE2022,PVFC_LRC_EXP_IC_PAYBL,0.0
NI02PMORTGE2022,PVFC_LRC_EXP_ATTEXP,-2943927.646975238
NI02PMORTGE2022,PVFC_LIC_UNWIND,0.0
NI02PMORTGE2022,PVFC_LIC_EXP_CLAIM_CF_CY,0.0
NI02PMORTGE2022,PVFC_LIC_EXP_ATTEXP_CY,0.0
NI02PMORTGE2022,PVFC_LIC_EXP_CLAIM_CF_PY,0.0
NI02PMORTGE2022,PVFC_LIC_EXP_ATTEXP_PY,0.0
NI02PMORTGE2022,RA_LRC_OP,353503.6164182872
NI02PMORTGE2022,RA_LRC_NB_POS,0.0
NI02PMORTGE2022,RA_LRC_UNWIND,-4636.570277476276
NI02PMORTGE2022,RA_LRC_RELEASE,-338139.57517121907
NI02PMORTGE2022,RA_LRC_DEREC,0.0
NI02PMORTGE2022,RA_LRC_TASSCHG,147467.3799720091
NI02PMORTGE2022,RA_LRC_FASSCHG,546.7505071496125
NI02PMORTGE2022,RA_LRC_CLO,158741.6014487506
NI02PMORTGE2022,RA_LIC_OP,0.0
NI02PMORTGE2022,RA_LIC_UNWIND,0.0
NI02PMORTGE2022,RA_LIC_INCLAIM,0.0
NI02PMORTGE2022,RA_LIC_RELEASE_PY,0.0
NI02PMORTGE2022,RA_LIC_DEREC,0.0
NI02PMORTGE2022,RA_LIC_TASSCHG_PY,0.0
NI02PMORTGE2022,RA_LIC_FASSCHG_PY,0.0
NI02PMORTGE2022,RA_LIC_CLO,0.0
NI02PMORTGE2022,ACQ_CF_LRC_UNWIND,0.0
NI02PMORTGE2022,ACQ_CF_LRC_EXP_ACQ_CF,0.0
NI02PMORTGE2022,CROSS_SUB_OP,0.0
NI02PMORTGE2022,CROSS_SUB_EXP,0.0
NI02PMORTGE2022,CROSS_SUB_NB,0.0
NI02PMORTGE2022,CROSS_SUB_IF_NB_TECH,0.0
NI02PMORTGE2022,CROSS_SUB_TASSCHG,0.0
NI02PMORTGE2022,CROSS_SUB_FASSCHG,0.0
NI02PMORTGE2022,CROSS_SUB_CLO,0.0
NI02PMORTGE2022,CROSS_SUB_IF_NB_FIN,0.0
NI02PMORTGE2022,RA_LIC_RELEASE_CY,0.0
NI02PMORTGE2022,PVFC_LRC_EXP_PREM_CURR_CF,0.0
NI02PMORTGE2022,PVFC_LRC_EXP_ACQ_CURR_CF,0.0
NI02PMORTGE2022,RA_LIC_FEXPVAR_CY,0.0
NI02PSMRTRE2021,PVFC_LRC_UNWIND,0.0
NI02PSMRTRE2021,PVFC_LRC_EXP_PREM_FUT_CF,4653.250554458528
NI02PSMRTRE2021,PVFC_LRC_EXP_ACQ_FUT_CF,-465.32505544585297
NI02PSMRTRE2021,PVFC_LRC_EXP_INCLAIM,-1214.24801084249
NI02PSMRTRE2021,PVFC_LRC_EXP_IC_PAYBL,0.0
NI02PSMRTRE2021,PVFC_LRC_EXP_ATTEXP,-7507.831719852445
NI02PSMRTRE2021,PVFC_LIC_UNWIND,0.0
NI02PSMRTRE2021,PVFC_LIC_EXP_CLAIM_CF_CY,0.0
NI02PSMRTRE2021,PVFC_LIC_EXP_ATTEXP_CY,0.0
NI02PSMRTRE2021,PVFC_LIC_EXP_CLAIM_CF_PY,0.0
NI02PSMRTRE2021,PVFC_LIC_EXP_ATTEXP_PY,0.0
NI02PSMRTRE2021,RA_LRC_OP,6708.443199860383
NI02PSMRTRE2021,RA_LRC_NB_POS,0.0
NI02PSMRTRE2021,RA_LRC_UNWIND,460.4798591329436
NI02PSMRTRE2021,RA_LRC_RELEASE,-535.5432521091188
NI02PSMRTRE2021,RA_LRC_DEREC,0.0
NI02PSMRTRE2021,RA_LRC_TASSCHG,394012.7738230721
NI02PSMRTRE2021,RA_LRC_FASSCHG,-2374.6065572745283
NI02PSMRTRE2021,RA_LRC_CLO,398271.5470726818
NI02PSMRTRE2021,RA_LIC_OP,0.0
NI02PSMRTRE2021,RA_LIC_UNWIND,0.0
NI02PSMRTRE2021,RA_LIC_INCLAIM,0.0
NI02PSMRTRE2021,RA_LIC_RELEASE_PY,0.0
NI02PSMRTRE2021,RA_LIC_DEREC,0.0
NI02PSMRTRE2021,RA_LIC_TASSCHG_PY,0.0
NI02PSMRTRE2021,RA_LIC_FASSCHG_PY,0.0
NI02PSMRTRE2021,RA_LIC_CLO,0.0
NI02PSMRTRE2021,ACQ_CF_LRC_UNWIND,0.0
NI02PSMRTRE2021,ACQ_CF_LRC_EXP_ACQ_CF,0.0
NI02PSMRTRE2021,CROSS_SUB_OP,0.0
NI02PSMRTRE2021,CROSS_SUB_EXP,0.0
NI02PSMRTRE2021,CROSS_SUB_NB,0.0
NI02PSMRTRE2021,CROSS_SUB_IF_NB_TECH,0.0
NI02PSMRTRE2021,CROSS_SUB_TASSCHG,0.0
NI02PSMRTRE2021,CROSS_SUB_FASSCHG,0.0
NI02PSMRTRE2021,CROSS_SUB_CLO,0.0
NI02PSMRTRE2021,CROSS_SUB_IF_NB_FIN,0.0
NI02PSMRTRE2021,RA_LIC_RELEASE_CY,0.0
NI02PSMRTRE2021,PVFC_LRC_EXP_PREM_CURR_CF,0.0
NI02PSMRTRE2021,PVFC_LRC_EXP_ACQ_CURR_CF,0.0
NI02PSMRTRE2021,RA_LIC_FEXPVAR_CY,0.0
NI02OTMLIFE2021,PVFC_LRC_UNWIND,0.0
NI02OTMLIFE2021,PVFC_LRC_EXP_PREM_FUT_CF,18260707.224333856
NI02OTMLIFE2021,PVFC_LRC_EXP_ACQ_FUT_CF,-3167114.7442465266
NI02OTMLIFE2021,PVFC_LRC_EXP_INCLAIM,-10501434.277019387
NI02OTMLIFE2021,PVFC_LRC_EXP_IC_PAYBL,0.0
NI02OTMLIFE2021,PVFC_LRC_EXP_ATTEXP,-1259130.128109202
NI02OTMLIFE2021,PVFC_LIC_UNWIND,0.0
NI02OTMLIFE2021,PVFC_LIC_EXP_CLAIM_CF_CY,0.0
NI02OTMLIFE2021,PVFC_LIC_EXP_ATTEXP_CY,0.0
NI02OTMLIFE2021,PVFC_LIC_EXP_CLAIM_CF_PY,0.0
NI02OTMLIFE2021,PVFC_LIC_EXP_ATTEXP_PY,0.0
NI02OTMLIFE2021,RA_LRC_OP,4012450.6823499724
NI02OTMLIFE2021,RA_LRC_NB_POS,0.0
NI02OTMLIFE2021,RA_LRC_UNWIND,214717.62083949056
NI02OTMLIFE2021,RA_LRC_RELEASE,-815262.5404030764
NI02OTMLIFE2021,RA_LRC_DEREC,0.0
NI02OTMLIFE2021,RA_LRC_TASSCHG,429874.20282390993
NI02OTMLIFE2021,RA_LRC_FASSCHG,56128.86638804618
NI02OTMLIFE2021,RA_LRC_CLO,3897908.8319983426
NI02OTMLIFE2021,RA_LIC_OP,0.0
NI02OTMLIFE2021,RA_LIC_UNWIND,0.0
NI02OTMLIFE2021,RA_LIC_INCLAIM,0.0
NI02OTMLIFE2021,RA_LIC_RELEASE_PY,0.0
NI02OTMLIFE2021,RA_LIC_DEREC,0.0
NI02OTMLIFE2021,RA_LIC_TASSCHG_PY,0.0
NI02OTMLIFE2021,RA_LIC_FASSCHG_PY,0.0
NI02OTMLIFE2021,RA_LIC_CLO,0.0
NI02OTMLIFE2021,ACQ_CF_LRC_UNWIND,0.0
NI02OTMLIFE2021,ACQ_CF_LRC_EXP_ACQ_CF,0.0
NI02OTMLIFE2021,CROSS_SUB_OP,0.0
NI02OTMLIFE2021,CROSS_SUB_EXP,0.0
NI02OTMLIFE2021,CROSS_SUB_NB,0.0
NI02OTMLIFE2021,CROSS_SUB_IF_NB_TECH,0.0
NI02OTMLIFE2021,CROSS_SUB_TASSCHG,0.0
NI02OTMLIFE2021,CROSS_SUB_FASSCHG,0.0
NI02OTMLIFE2021,CROSS_SUB_CLO,0.0
NI02OTMLIFE2021,CROSS_SUB_IF_NB_FIN,0.0
NI02OTMLIFE2021,RA_LIC_RELEASE_CY,0.0
NI02OTMLIFE2021,PVFC_LRC_EXP_PREM_CURR_CF,0.0
NI02OTMLIFE2021,PVFC_LRC_EXP_ACQ_CURR_CF,0.0
NI02OTMLIFE2021,RA_LIC_FEXPVAR_CY,0.0
NI02PTMLIFE2022,PVFC_LRC_UNWIND,0.0
NI02PTMLIFE2022,PVFC_LRC_EXP_PREM_FUT_CF,33239719.38819022
NI02PTMLIFE2022,PVFC_LRC_EXP_ACQ_FUT_CF,-6630043.877638043
NI02PTMLIFE2022,PVFC_LRC_EXP_INCLAIM,-7766225.222843011
NI02PTMLIFE2022,PVFC_LRC_EXP_IC_PAYBL,0.0
NI02PTMLIFE2022,PVFC_LRC_EXP_ATTEXP,-7201084.8989931755
NI02PTMLIFE2022,PVFC_LIC_UNWIND,0.0
NI02PTMLIFE2022,PVFC_LIC_EXP_CLAIM_CF_CY,0.0
NI02PTMLIFE2022,PVFC_LIC_EXP_ATTEXP_CY,0.0
NI02PTMLIFE2022,PVFC_LIC_EXP_CLAIM_CF_PY,0.0
NI02PTMLIFE2022,PVFC_LIC_EXP_ATTEXP_PY,0.0
NI02PTMLIFE2022,RA_LRC_OP,2372118.0399254668
NI02PTMLIFE2022,RA_LRC_NB_POS,0.0
NI02PTMLIFE2022,RA_LRC_UNWIND,-301770.7817005627
NI02PTMLIFE2022,RA_LRC_RELEASE,-1124869.9253848698
NI02PTMLIFE2022,RA_LRC_DEREC,0.0
NI02PTMLIFE2022,RA_LRC_TASSCHG,399441.0827241782
NI02PTMLIFE2022,RA_LRC_FASSCHG,-28138.014692409197
NI02PTMLIFE2022,RA_LRC_CLO,1316780.4008718033
NI02PTMLIFE2022,RA_LIC_OP,0.0
NI02PTMLIFE2022,RA_LIC_UNWIND,0.0
NI02PTMLIFE2022,RA_LIC_INCLAIM,0.0
NI02PTMLIFE2022,RA_LIC_RELEASE_PY,0.0
NI02PTMLIFE2022,RA_LIC_DEREC,0.0
NI02PTMLIFE2022,RA_LIC_TASSCHG_PY,0.0
NI02PTMLIFE2022,RA_LIC_FASSCHG_PY,0.0
NI02PTMLIFE2022,RA_LIC_CLO,0.0
NI02PTMLIFE2022,ACQ_CF_LRC_UNWIND,0.0
NI02PTMLIFE2022,ACQ_CF_LRC_EXP_ACQ_CF,0.0
NI02PTMLIFE2022,CROSS_SUB_OP,0.0
NI02PTMLIFE2022,CROSS_SUB_EXP,0.0
NI02PTMLIFE2022,CROSS_SUB_NB,0.0
NI02PTMLIFE2022,CROSS_SUB_IF_NB_TECH,0.0
NI02PTMLIFE2022,CROSS_SUB_TASSCHG,0.0
NI02PTMLIFE2022,CROSS_SUB_FASSCHG,0.0
NI02PTMLIFE2022,CROSS_SUB_CLO,0.0
NI02PTMLIFE2022,CROSS_SUB_IF_NB_FIN,0.0
NI02PTMLIFE2022,RA_LIC_RELEASE_CY,0.0
NI02PTMLIFE2022,PVFC_LRC_EXP_PREM_CURR_CF,0.0
NI02PTMLIFE2022,PVFC_LRC_EXP_ACQ_CURR_CF,0.0
NI02PTMLIFE2022,RA_LIC_FEXPVAR_CY,0.0
NI02PWHLIFE2021,PVFC_LRC_UNWIND,0.0
NI02PWHLIFE2021,PVFC_LRC_EXP_PREM_FUT_CF,88282304.9897985
NI02PWHLIFE2021,PVFC_LRC_EXP_ACQ_FUT_CF,-8966401.266729428
NI02PWHLIFE2021,PVFC_LRC_EXP_INCLAIM,-25661332.089680303
NI02PWHLIFE2021,PVFC_LRC_EXP_IC_PAYBL,5990399.07971599
NI02PWHLIFE2021,PVFC_LRC_EXP_ATTEXP,-2835916.0204439554
NI02PWHLIFE2021,PVFC_LIC_UNWIND,0.0
NI02PWHLIFE2021,PVFC_LIC_EXP_CLAIM_CF_CY,0.0
NI02PWHLIFE2021,PVFC_LIC_EXP_ATTEXP_CY,0.0
NI02PWHLIFE2021,PVFC_LIC_EXP_CLAIM_CF_PY,0.0
NI02PWHLIFE2021,PVFC_LIC_EXP_ATTEXP_PY,0.0
NI02PWHLIFE2021,RA_LRC_OP,20792879.15536678
NI02PWHLIFE2021,RA_LRC_NB_POS,0.0
NI02PWHLIFE2021,RA_LRC_UNWIND,1448729.4852653034
NI02PWHLIFE2021,RA_LRC_RELEASE,-1500587.248820997
NI02PWHLIFE2021,RA_LRC_DEREC,0.0
NI02PWHLIFE2021,RA_LRC_TASSCHG,-3533559.983830832
NI02PWHLIFE2021,RA_LRC_FASSCHG,-244524.48386776447
NI02PWHLIFE2021,RA_LRC_CLO,16962936.924112488
NI02PWHLIFE2021,RA_LIC_OP,0.0
NI02PWHLIFE2021,RA_LIC_UNWIND,0.0
NI02PWHLIFE2021,RA_LIC_INCLAIM,0.0
NI02PWHLIFE2021,RA_LIC_RELEASE_PY,0.0
NI02PWHLIFE2021,RA_LIC_DEREC,0.0
NI02PWHLIFE2021,RA_LIC_TASSCHG_PY,0.0
NI02PWHLIFE2021,RA_LIC_FASSCHG_PY,0.0
NI02PWHLIFE2021,RA_LIC_CLO,0.0
NI02PWHLIFE2021,ACQ_CF_LRC_UNWIND,0.0
NI02PWHLIFE2021,ACQ_CF_LRC_EXP_ACQ_CF,0.0
NI02PWHLIFE2021,CROSS_SUB_OP,0.0
NI02PWHLIFE2021,CROSS_SUB_EXP,0.0
NI02PWHLIFE2021,CROSS_SUB_NB,0.0
NI02PWHLIFE2021,CROSS_SUB_IF_NB_TECH,0.0
NI02PWHLIFE2021,CROSS_SUB_TASSCHG,0.0
NI02PWHLIFE2021,CROSS_SUB_FASSCHG,0.0
NI02PWHLIFE2021,CROSS_SUB_CLO,0.0
NI02PWHLIFE2021,CROSS_SUB_IF_NB_FIN,0.0
NI02PWHLIFE2021,RA_LIC_RELEASE_CY,0.0
NI02PWHLIFE2021,PVFC_LRC_EXP_PREM_CURR_CF,0.0
NI02PWHLIFE2021,PVFC_LRC_EXP_ACQ_CURR_CF,0.0
NI02PWHLIFE2021,RA_LIC_FEXPVAR_CY,0.0
0,0,0.0
0,0,0.0
0,0,0.0
0,0,0.0
0,0,0.0
0,0,0.0
0,0,0.0
0,0,0.0
0,0,0.0
0,0,0.0
0,0,0.0
0,0,2372118.0399254668
0,0,0.0
0,0,-301770.7817005627
0,0,-1124869.9253848698
0,0,0.0
0,0,399441.0827241782
0,0,-28138.014692409197
0,0,1316780.4008718033
0,0,0.0
0,0,0.0
0,0,0.0
0,0,0.0
0,0,0.0
0,0,0.0
0,0,0.0
0,0,0.0
0,0,0.0
0,0,0.0
0,0,0.0
0,0,0.0
0,0,0.0
0,0,0.0
0,0,0.0
0,0,0.0
0,0,0.0
0,0,0.0
0,0,0.0
0,0,0.0
0,0,0.0
0,0,0.0
