GOC_ID,STEP_ID,1
NI02OREINST2021,PVFC_LRC_UNWIND,0.0
NI02OREINST2021,PVFC_LRC_EXP_PREM_FUT_CF,2913950.492770905
NI02OREINST2021,PVFC_LRC_EXP_ACQ_FUT_CF,0.0
NI02OREINST2021,PVFC_LRC_EXP_COMM_FUT_CF,-291395.0492770905
NI02OREINST2021,PVFC_LRC_EXP_INCLAIM,-23039362.90117687
NI02OREINST2021,PVFC_LRC_EXP_IC_PAYBL,0.0
NI02OREINST2021,PVFC_LRC_EXP_ATTEXP,0.0
NI02OREINST2021,DA_LRC_OP,0.0
NI02OREINST2021,DA_LRC_NB_POS,0.0
NI02OREINST2021,DA_LRC_CHG,0.0
NI02OREINST2021,DA_LRC_CLO,0.0
NI02OREINST2021,PVFC_LIC_UNWIND,0.0
NI02OREINST2021,PVFC_LIC_EXP_CLAIM_CF_CY,0.0
NI02OREINST2021,PVFC_LIC_EXP_ATTEXP_CY,0.0
NI02OREINST2021,PVFC_LIC_EXP_CLAIM_CF_PY,0.0
NI02OREINST2021,PVFC_LIC_EXP_ATTEXP_PY,0.0
NI02OREINST2021,DA_LIC_OP,0.0
NI02OREINST2021,DA_LIC_INCLAIM_INCEXP ,0.0
NI02OREINST2021,DA_LIC_NB_POS,0.0
NI02OREINST2021,DA_LIC_CHG,0.0
NI02OREINST2021,DA_LIC_CLO,0.0
NI02OREINST2021,RA_LRC_OP,4973146.916689293
NI02OREINST2021,RA_LRC_NB_POS,0.0
NI02OREINST2021,RA_LRC_UNWIND,-906031.0489437338
NI02OREINST2021,RA_LRC_RELEASE,-454365.6487052677
NI02OREINST2021,RA_LRC_DEREC,0.0
NI02OREINST2021,RA_LRC_TASSCHG,1438858.686407114
NI02OREINST2021,RA_LRC_FASSCHG,259939.78381195292
NI02OREINST2021,RA_LRC_CLO,5311548.689259359
NI02OREINST2021,RA_LIC_OP,0.0
NI02OREINST2021,RA_LIC_UNWIND,0.0
NI02OREINST2021,RA_LIC_INCLAIM,0.0
NI02OREINST2021,RA_LIC_RELEASE_PY,0.0
NI02OREINST2021,RA_LIC_DEREC,0.0
NI02OREINST2021,RA_LIC_TASSCHG_PY,0.0
NI02OREINST2021,RA_LIC_FASSCHG_PY,0.0
NI02OREINST2021,RA_LIC_CLO,0.0
NI02OREINST2021,ACQ_CF_LRC_UNWIND,0.0
NI02OREINST2021,ACQ_CF_LRC_EXP_ACQ_CF,0.0
NI02OREINST2021,CROSS_SUB_OP,0.0
NI02OREINST2021,CROSS_SUB_EXP,0.0
NI02OREINST2021,CROSS_SUB_NB,0.0
NI02OREINST2021,CROSS_SUB_IF_NB_TECH,0.0
NI02OREINST2021,CROSS_SUB_TASSCHG,0.0
NI02OREINST2021,CROSS_SUB_FASSCHG,0.0
NI02OREINST2021,CROSS_SUB_CLO,0.0
NI02OREINST2021,CROSS_SUB_IF_NB_FIN,0.0
NI02OREINST2021,RA_LIC_RELEASE_CY,0.0
NI02OREINST2021,PVFC_LRC_EXP_PREM_CURR_CF,0.0
NI02OREINST2021,PVFC_LRC_EXP_ACQ_CURR_CF,0.0
NI02OREINST2021,PVFC_LRC_EXP_COMM_CURR_CF,0.0
NI02OREINST2021,RA_LIC_FEXPVAR_CY,0.0
NI02OREINST2022,PVFC_LRC_UNWIND,0.0
NI02OREINST2022,PVFC_LRC_EXP_PREM_FUT_CF,72823.71905009587
NI02OREINST2022,PVFC_LRC_EXP_ACQ_FUT_CF,0.0
NI02OREINST2022,PVFC_LRC_EXP_COMM_FUT_CF,-14584.684393428695
NI02OREINST2022,PVFC_LRC_EXP_INCLAIM,-153212936.52112666
NI02OREINST2022,PVFC_LRC_EXP_IC_PAYBL,0.0
NI02OREINST2022,PVFC_LRC_EXP_ATTEXP,0.0
NI02OREINST2022,DA_LRC_OP,0.0
NI02OREINST2022,DA_LRC_NB_POS,0.0
NI02OREINST2022,DA_LRC_CHG,0.0
NI02OREINST2022,DA_LRC_CLO,0.0
NI02OREINST2022,PVFC_LIC_UNWIND,0.0
NI02OREINST2022,PVFC_LIC_EXP_CLAIM_CF_CY,0.0
NI02OREINST2022,PVFC_LIC_EXP_ATTEXP_CY,0.0
NI02OREINST2022,PVFC_LIC_EXP_CLAIM_CF_PY,0.0
NI02OREINST2022,PVFC_LIC_EXP_ATTEXP_PY,0.0
NI02OREINST2022,DA_LIC_OP,0.0
NI02OREINST2022,DA_LIC_INCLAIM_INCEXP ,0.0
NI02OREINST2022,DA_LIC_NB_POS,0.0
NI02OREINST2022,DA_LIC_CHG,0.0
NI02OREINST2022,DA_LIC_CLO,0.0
NI02OREINST2022,RA_LRC_OP,0.0
NI02OREINST2022,RA_LRC_NB_POS,0.0
NI02OREINST2022,RA_LRC_UNWIND,0.0
NI02OREINST2022,RA_LRC_RELEASE,-2682058.6340294387
NI02OREINST2022,RA_LRC_DEREC,0.0
NI02OREINST2022,RA_LRC_TASSCHG,-232332.5283431965
NI02OREINST2022,RA_LRC_FASSCHG,2098.5276732369966
NI02OREINST2022,RA_LRC_CLO,-2912292.634699398
NI02OREINST2022,RA_LIC_OP,0.0
NI02OREINST2022,RA_LIC_UNWIND,0.0
NI02OREINST2022,RA_LIC_INCLAIM,0.0
NI02OREINST2022,RA_LIC_RELEASE_PY,0.0
NI02OREINST2022,RA_LIC_DEREC,0.0
NI02OREINST2022,RA_LIC_TASSCHG_PY,0.0
NI02OREINST2022,RA_LIC_FASSCHG_PY,0.0
NI02OREINST2022,RA_LIC_CLO,0.0
NI02OREINST2022,ACQ_CF_LRC_UNWIND,0.0
NI02OREINST2022,ACQ_CF_LRC_EXP_ACQ_CF,0.0
NI02OREINST2022,CROSS_SUB_OP,0.0
NI02OREINST2022,CROSS_SUB_EXP,0.0
NI02OREINST2022,CROSS_SUB_NB,0.0
NI02OREINST2022,CROSS_SUB_IF_NB_TECH,0.0
NI02OREINST2022,CROSS_SUB_TASSCHG,0.0
NI02OREINST2022,CROSS_SUB_FASSCHG,0.0
NI02OREINST2022,CROSS_SUB_CLO,0.0
NI02OREINST2022,CROSS_SUB_IF_NB_FIN,0.0
NI02OREINST2022,RA_LIC_RELEASE_CY,0.0
NI02OREINST2022,PVFC_LRC_EXP_PREM_CURR_CF,0.0
NI02OREINST2022,PVFC_LRC_EXP_ACQ_CURR_CF,0.0
NI02OREINST2022,PVFC_LRC_EXP_COMM_CURR_CF,0.0
NI02OREINST2022,RA_LIC_FEXPVAR_CY,0.0
NI02OREINST2023,PVFC_LRC_UNWIND,0.0
NI02OREINST2023,PVFC_LRC_EXP_PREM_FUT_CF,297958835.97068775
NI02OREINST2023,PVFC_LRC_EXP_ACQ_FUT_CF,0.0
NI02OREINST2023,PVFC_LRC_EXP_COMM_FUT_CF,-35422145.23719359
NI02OREINST2023,PVFC_LRC_EXP_INCLAIM,-236057789.60125875
NI02OREINST2023,PVFC_LRC_EXP_IC_PAYBL,0.0
NI02OREINST2023,PVFC_LRC_EXP_ATTEXP,0.0
NI02OREINST2023,DA_LRC_OP,0.0
NI02OREINST2023,DA_LRC_NB_POS,0.0
NI02OREINST2023,DA_LRC_CHG,0.0
NI02OREINST2023,DA_LRC_CLO,0.0
NI02OREINST2023,PVFC_LIC_UNWIND,0.0
NI02OREINST2023,PVFC_LIC_EXP_CLAIM_CF_CY,0.0
NI02OREINST2023,PVFC_LIC_EXP_ATTEXP_CY,0.0
NI02OREINST2023,PVFC_LIC_EXP_CLAIM_CF_PY,0.0
NI02OREINST2023,PVFC_LIC_EXP_ATTEXP_PY,0.0
NI02OREINST2023,DA_LIC_OP,0.0
NI02OREINST2023,DA_LIC_INCLAIM_INCEXP ,0.0
NI02OREINST2023,DA_LIC_NB_POS,0.0
NI02OREINST2023,DA_LIC_CHG,0.0
NI02OREINST2023,DA_LIC_CLO,0.0
NI02OREINST2023,RA_LRC_OP,0.0
NI02OREINST2023,RA_LRC_NB_POS,0.0
NI02OREINST2023,RA_LRC_UNWIND,0.0
NI02OREINST2023,RA_LRC_RELEASE,-76186.0955701627
NI02OREINST2023,RA_LRC_DEREC,0.0
NI02OREINST2023,RA_LRC_TASSCHG,14233956.571551036
NI02OREINST2023,RA_LRC_FASSCHG,183202.66949514858
NI02OREINST2023,RA_LRC_CLO,14340973.145476023
NI02OREINST2023,RA_LIC_OP,0.0
NI02OREINST2023,RA_LIC_UNWIND,0.0
NI02OREINST2023,RA_LIC_INCLAIM,0.0
NI02OREINST2023,RA_LIC_RELEASE_PY,0.0
NI02OREINST2023,RA_LIC_DEREC,0.0
NI02OREINST2023,RA_LIC_TASSCHG_PY,0.0
NI02OREINST2023,RA_LIC_FASSCHG_PY,0.0
NI02OREINST2023,RA_LIC_CLO,0.0
NI02OREINST2023,ACQ_CF_LRC_UNWIND,0.0
NI02OREINST2023,ACQ_CF_LRC_EXP_ACQ_CF,0.0
NI02OREINST2023,CROSS_SUB_OP,0.0
NI02OREINST2023,CROSS_SUB_EXP,0.0
NI02OREINST2023,CROSS_SUB_NB,0.0
NI02OREINST2023,CROSS_SUB_IF_NB_TECH,0.0
NI02OREINST2023,CROSS_SUB_TASSCHG,0.0
NI02OREINST2023,CROSS_SUB_FASSCHG,0.0
NI02OREINST2023,CROSS_SUB_CLO,0.0
NI02OREINST2023,CROSS_SUB_IF_NB_FIN,0.0
NI02OREINST2023,RA_LIC_RELEASE_CY,0.0
NI02OREINST2023,PVFC_LRC_EXP_PREM_CURR_CF,0.0
NI02OREINST2023,PVFC_LRC_EXP_ACQ_CURR_CF,0.0
NI02OREINST2023,PVFC_LRC_EXP_COMM_CURR_CF,0.0
NI02OREINST2023,RA_LIC_FEXPVAR_CY,0.0
NI02PREINST2021,PVFC_LRC_UNWIND,0.0
NI02PREINST2021,PVFC_LRC_EXP_PREM_FUT_CF,60221627.299438074
NI02PREINST2021,PVFC_LRC_EXP_ACQ_FUT_CF,0.0
NI02PREINST2021,PVFC_LRC_EXP_COMM_FUT_CF,-7653518.434891261
NI02PREINST2021,PVFC_LRC_EXP_INCLAIM,-25970771.98463006
NI02PREINST2021,PVFC_LRC_EXP_IC_PAYBL,0.0
NI02PREINST2021,PVFC_LRC_EXP_ATTEXP,0.0
NI02PREINST2021,DA_LRC_OP,0.0
NI02PREINST2021,DA_LRC_NB_POS,0.0
NI02PREINST2021,DA_LRC_CHG,0.0
NI02PREINST2021,DA_LRC_CLO,0.0
NI02PREINST2021,PVFC_LIC_UNWIND,0.0
NI02PREINST2021,PVFC_LIC_EXP_CLAIM_CF_CY,0.0
NI02PREINST2021,PVFC_LIC_EXP_ATTEXP_CY,0.0
NI02PREINST2021,PVFC_LIC_EXP_CLAIM_CF_PY,0.0
NI02PREINST2021,PVFC_LIC_EXP_ATTEXP_PY,0.0
NI02PREINST2021,DA_LIC_OP,0.0
NI02PREINST2021,DA_LIC_INCLAIM_INCEXP ,0.0
NI02PREINST2021,DA_LIC_NB_POS,0.0
NI02PREINST2021,DA_LIC_CHG,0.0
NI02PREINST2021,DA_LIC_CLO,0.0
NI02PREINST2021,RA_LRC_OP,11764118.783502027
NI02PREINST2021,RA_LRC_NB_POS,0.0
NI02PREINST2021,RA_LRC_UNWIND,-332778.23362760246
NI02PREINST2021,RA_LRC_RELEASE,-313347.4874583656
NI02PREINST2021,RA_LRC_DEREC,0.0
NI02PREINST2021,RA_LRC_TASSCHG,-2603770.5742009804
NI02PREINST2021,RA_LRC_FASSCHG,-459942.23390903417
NI02PREINST2021,RA_LRC_CLO,8054280.254306045
NI02PREINST2021,RA_LIC_OP,0.0
NI02PREINST2021,RA_LIC_UNWIND,0.0
NI02PREINST2021,RA_LIC_INCLAIM,0.0
NI02PREINST2021,RA_LIC_RELEASE_PY,0.0
NI02PREINST2021,RA_LIC_DEREC,0.0
NI02PREINST2021,RA_LIC_TASSCHG_PY,0.0
NI02PREINST2021,RA_LIC_FASSCHG_PY,0.0
NI02PREINST2021,RA_LIC_CLO,0.0
NI02PREINST2021,ACQ_CF_LRC_UNWIND,0.0
NI02PREINST2021,ACQ_CF_LRC_EXP_ACQ_CF,0.0
NI02PREINST2021,CROSS_SUB_OP,0.0
NI02PREINST2021,CROSS_SUB_EXP,0.0
NI02PREINST2021,CROSS_SUB_NB,0.0
NI02PREINST2021,CROSS_SUB_IF_NB_TECH,0.0
NI02PREINST2021,CROSS_SUB_TASSCHG,0.0
NI02PREINST2021,CROSS_SUB_FASSCHG,0.0
NI02PREINST2021,CROSS_SUB_CLO,0.0
NI02PREINST2021,CROSS_SUB_IF_NB_FIN,0.0
NI02PREINST2021,RA_LIC_RELEASE_CY,0.0
NI02PREINST2021,PVFC_LRC_EXP_PREM_CURR_CF,0.0
NI02PREINST2021,PVFC_LRC_EXP_ACQ_CURR_CF,0.0
NI02PREINST2021,PVFC_LRC_EXP_COMM_CURR_CF,0.0
NI02PREINST2021,RA_LIC_FEXPVAR_CY,0.0
NI02PREINST2022,PVFC_LRC_UNWIND,0.0
NI02PREINST2022,PVFC_LRC_EXP_PREM_FUT_CF,1765368.8408901792
NI02PREINST2022,PVFC_LRC_EXP_ACQ_FUT_CF,0.0
NI02PREINST2022,PVFC_LRC_EXP_COMM_FUT_CF,-180927.40832052915
NI02PREINST2022,PVFC_LRC_EXP_INCLAIM,-5086378.532114918
NI02PREINST2022,PVFC_LRC_EXP_IC_PAYBL,0.0
NI02PREINST2022,PVFC_LRC_EXP_ATTEXP,0.0
NI02PREINST2022,DA_LRC_OP,0.0
NI02PREINST2022,DA_LRC_NB_POS,0.0
NI02PREINST2022,DA_LRC_CHG,0.0
NI02PREINST2022,DA_LRC_CLO,0.0
NI02PREINST2022,PVFC_LIC_UNWIND,0.0
NI02PREINST2022,PVFC_LIC_EXP_CLAIM_CF_CY,0.0
NI02PREINST2022,PVFC_LIC_EXP_ATTEXP_CY,0.0
NI02PREINST2022,PVFC_LIC_EXP_CLAIM_CF_PY,0.0
NI02PREINST2022,PVFC_LIC_EXP_ATTEXP_PY,0.0
NI02PREINST2022,DA_LIC_OP,0.0
NI02PREINST2022,DA_LIC_INCLAIM_INCEXP ,0.0
NI02PREINST2022,DA_LIC_NB_POS,0.0
NI02PREINST2022,DA_LIC_CHG,0.0
NI02PREINST2022,DA_LIC_CLO,0.0
NI02PREINST2022,RA_LRC_OP,0.0
NI02PREINST2022,RA_LRC_NB_POS,0.0
NI02PREINST2022,RA_LRC_UNWIND,0.0
NI02PREINST2022,RA_LRC_RELEASE,-122065.04655691773
NI02PREINST2022,RA_LRC_DEREC,0.0
NI02PREINST2022,RA_LRC_TASSCHG,806856.9370737107
NI02PREINST2022,RA_LRC_FASSCHG,9868.683164304239
NI02PREINST2022,RA_LRC_CLO,694660.5736810972
NI02PREINST2022,RA_LIC_OP,0.0
NI02PREINST2022,RA_LIC_UNWIND,0.0
NI02PREINST2022,RA_LIC_INCLAIM,0.0
NI02PREINST2022,RA_LIC_RELEASE_PY,0.0
NI02PREINST2022,RA_LIC_DEREC,0.0
NI02PREINST2022,RA_LIC_TASSCHG_PY,0.0
NI02PREINST2022,RA_LIC_FASSCHG_PY,0.0
NI02PREINST2022,RA_LIC_CLO,0.0
NI02PREINST2022,ACQ_CF_LRC_UNWIND,0.0
NI02PREINST2022,ACQ_CF_LRC_EXP_ACQ_CF,0.0
NI02PREINST2022,CROSS_SUB_OP,0.0
NI02PREINST2022,CROSS_SUB_EXP,0.0
NI02PREINST2022,CROSS_SUB_NB,0.0
NI02PREINST2022,CROSS_SUB_IF_NB_TECH,0.0
NI02PREINST2022,CROSS_SUB_TASSCHG,0.0
NI02PREINST2022,CROSS_SUB_FASSCHG,0.0
NI02PREINST2022,CROSS_SUB_CLO,0.0
NI02PREINST2022,CROSS_SUB_IF_NB_FIN,0.0
NI02PREINST2022,RA_LIC_RELEASE_CY,0.0
NI02PREINST2022,PVFC_LRC_EXP_PREM_CURR_CF,0.0
NI02PREINST2022,PVFC_LRC_EXP_ACQ_CURR_CF,0.0
NI02PREINST2022,PVFC_LRC_EXP_COMM_CURR_CF,0.0
NI02PREINST2022,RA_LIC_FEXPVAR_CY,0.0
NI02PREINST2023,PVFC_LRC_UNWIND,0.0
NI02PREINST2023,PVFC_LRC_EXP_PREM_FUT_CF,2133564.0
NI02PREINST2023,PVFC_LRC_EXP_ACQ_FUT_CF,0.0
NI02PREINST2023,PVFC_LRC_EXP_COMM_FUT_CF,-303529.9
NI02PREINST2023,PVFC_LRC_EXP_INCLAIM,-387686.699503108
NI02PREINST2023,PVFC_LRC_EXP_IC_PAYBL,0.0
NI02PREINST2023,PVFC_LRC_EXP_ATTEXP,0.0
NI02PREINST2023,DA_LRC_OP,0.0
NI02PREINST2023,DA_LRC_NB_POS,0.0
NI02PREINST2023,DA_LRC_CHG,0.0
NI02PREINST2023,DA_LRC_CLO,0.0
NI02PREINST2023,PVFC_LIC_UNWIND,0.0
NI02PREINST2023,PVFC_LIC_EXP_CLAIM_CF_CY,0.0
NI02PREINST2023,PVFC_LIC_EXP_ATTEXP_CY,0.0
NI02PREINST2023,PVFC_LIC_EXP_CLAIM_CF_PY,0.0
NI02PREINST2023,PVFC_LIC_EXP_ATTEXP_PY,0.0
NI02PREINST2023,DA_LIC_OP,0.0
NI02PREINST2023,DA_LIC_INCLAIM_INCEXP ,0.0
NI02PREINST2023,DA_LIC_NB_POS,0.0
NI02PREINST2023,DA_LIC_CHG,0.0
NI02PREINST2023,DA_LIC_CLO,0.0
NI02PREINST2023,RA_LRC_OP,0.0
NI02PREINST2023,RA_LRC_NB_POS,0.0
NI02PREINST2023,RA_LRC_UNWIND,0.0
NI02PREINST2023,RA_LRC_RELEASE,-186.59814722475738
NI02PREINST2023,RA_LRC_DEREC,0.0
NI02PREINST2023,RA_LRC_TASSCHG,98425.09756950117
NI02PREINST2023,RA_LRC_FASSCHG,1281.6389377725136
NI02PREINST2023,RA_LRC_CLO,99520.13836004894
NI02PREINST2023,RA_LIC_OP,0.0
NI02PREINST2023,RA_LIC_UNWIND,0.0
NI02PREINST2023,RA_LIC_INCLAIM,0.0
NI02PREINST2023,RA_LIC_RELEASE_PY,0.0
NI02PREINST2023,RA_LIC_DEREC,0.0
NI02PREINST2023,RA_LIC_TASSCHG_PY,0.0
NI02PREINST2023,RA_LIC_FASSCHG_PY,0.0
NI02PREINST2023,RA_LIC_CLO,0.0
NI02PREINST2023,ACQ_CF_LRC_UNWIND,0.0
NI02PREINST2023,ACQ_CF_LRC_EXP_ACQ_CF,0.0
NI02PREINST2023,CROSS_SUB_OP,0.0
NI02PREINST2023,CROSS_SUB_EXP,0.0
NI02PREINST2023,CROSS_SUB_NB,0.0
NI02PREINST2023,CROSS_SUB_IF_NB_TECH,0.0
NI02PREINST2023,CROSS_SUB_TASSCHG,0.0
NI02PREINST2023,CROSS_SUB_FASSCHG,0.0
NI02PREINST2023,CROSS_SUB_CLO,0.0
NI02PREINST2023,CROSS_SUB_IF_NB_FIN,0.0
NI02PREINST2023,RA_LIC_RELEASE_CY,0.0
NI02PREINST2023,PVFC_LRC_EXP_PREM_CURR_CF,0.0
NI02PREINST2023,PVFC_LRC_EXP_ACQ_CURR_CF,0.0
NI02PREINST2023,PVFC_LRC_EXP_COMM_CURR_CF,0.0
NI02PREINST2023,RA_LIC_FEXPVAR_CY,0.0
