GOC_ID,STEP_ID,1
NI02OAIPLAN2021,PVFC_LRC_UNWIND,0.0
NI02OAIPLAN2021,PVFC_LRC_EXP_PREM_FUT_CF,103047.92677695003
NI02OAIPLAN2021,PVFC_LRC_EXP_ACQ_FUT_CF,-14618.342843329754
NI02OAIPLAN2021,PVFC_LRC_EXP_INCLAIM,-58129611.078348346
NI02OAIPLAN2021,PVFC_LRC_EXP_IC_PAYBL,0.0
NI02OAIPLAN2021,PVFC_LRC_EXP_ATTEXP,-1131583.2926483091
NI02OAIPLAN2021,PVFC_LIC_UNWIND,0.0
NI02OAIPLAN2021,PVFC_LIC_EXP_CLAIM_CF_CY,0.0
NI02OAIPLAN2021,PVFC_LIC_EXP_ATTEXP_CY,0.0
NI02OAIPLAN2021,PVFC_LIC_EXP_CLAIM_CF_PY,0.0
NI02OAIPLAN2021,PVFC_LIC_EXP_ATTEXP_PY,0.0
NI02OAIPLAN2021,RA_LRC_OP,4000174.625206293
NI02OAIPLAN2021,RA_LRC_NB_POS,0.0
NI02OAIPLAN2021,RA_LRC_UNWIND,99050.0545209581
NI02OAIPLAN2021,RA_LRC_RELEASE,-4099224.679727251
NI02OAIPLAN2021,RA_LRC_DEREC,0.0
NI02OAIPLAN2021,RA_LRC_TASSCHG,0.0
NI02OAIPLAN2021,RA_LRC_FASSCHG,0.0
NI02OAIPLAN2021,RA_LRC_CLO,0.0
NI02OAIPLAN2021,RA_LIC_OP,0.0
NI02OAIPLAN2021,RA_LIC_UNWIND,0.0
NI02OAIPLAN2021,RA_LIC_INCLAIM,0.0
NI02OAIPLAN2021,RA_LIC_RELEASE_PY,0.0
NI02OAIPLAN2021,RA_LIC_DEREC,0.0
NI02OAIPLAN2021,RA_LIC_TASSCHG_PY,0.0
NI02OAIPLAN2021,RA_LIC_FASSCHG_PY,0.0
NI02OAIPLAN2021,RA_LIC_CLO,0.0
NI02OAIPLAN2021,ACQ_CF_LRC_UNWIND,0.0
NI02OAIPLAN2021,ACQ_CF_LRC_EXP_ACQ_CF,0.0
NI02OAIPLAN2021,CROSS_SUB_OP,0.0
NI02OAIPLAN2021,CROSS_SUB_EXP,0.0
NI02OAIPLAN2021,CROSS_SUB_NB,0.0
NI02OAIPLAN2021,CROSS_SUB_IF_NB_TECH,0.0
NI02OAIPLAN2021,CROSS_SUB_TASSCHG,0.0
NI02OAIPLAN2021,CROSS_SUB_FASSCHG,0.0
NI02OAIPLAN2021,CROSS_SUB_CLO,0.0
NI02OAIPLAN2021,CROSS_SUB_IF_NB_FIN,0.0
NI02OAIPLAN2021,RA_LIC_RELEASE_CY,0.0
NI02OAIPLAN2021,PVFC_LRC_EXP_PREM_CURR_CF,0.0
NI02OAIPLAN2021,PVFC_LRC_EXP_ACQ_CURR_CF,0.0
NI02OAIPLAN2021,RA_LIC_FEXPVAR_CY,0.0
NI02OAIPLAN2022,PVFC_LRC_UNWIND,0.0
NI02OAIPLAN2022,PVFC_LRC_EXP_PREM_FUT_CF,82045697.97859265
NI02OAIPLAN2022,PVFC_LRC_EXP_ACQ_FUT_CF,-8204578.191340463
NI02OAIPLAN2022,PVFC_LRC_EXP_INCLAIM,-74430329.61205772
NI02OAIPLAN2022,PVFC_LRC_EXP_IC_PAYBL,0.0
NI02OAIPLAN2022,PVFC_LRC_EXP_ATTEXP,-22461170.687109306
NI02OAIPLAN2022,PVFC_LIC_UNWIND,0.0
NI02OAIPLAN2022,PVFC_LIC_EXP_CLAIM_CF_CY,0.0
NI02OAIPLAN2022,PVFC_LIC_EXP_ATTEXP_CY,0.0
NI02OAIPLAN2022,PVFC_LIC_EXP_CLAIM_CF_PY,0.0
NI02OAIPLAN2022,PVFC_LIC_EXP_ATTEXP_PY,0.0
NI02OAIPLAN2022,RA_LRC_OP,9592466.459533557
NI02OAIPLAN2022,RA_LRC_NB_POS,0.0
NI02OAIPLAN2022,RA_LRC_UNWIND,-2194762.2342037335
NI02OAIPLAN2022,RA_LRC_RELEASE,-6702380.963181083
NI02OAIPLAN2022,RA_LRC_DEREC,0.0
NI02OAIPLAN2022,RA_LRC_TASSCHG,-695323.2621487409
NI02OAIPLAN2022,RA_LRC_FASSCHG,0.0
NI02OAIPLAN2022,RA_LRC_CLO,0.0
NI02OAIPLAN2022,RA_LIC_OP,0.0
NI02OAIPLAN2022,RA_LIC_UNWIND,0.0
NI02OAIPLAN2022,RA_LIC_INCLAIM,0.0
NI02OAIPLAN2022,RA_LIC_RELEASE_PY,0.0
NI02OAIPLAN2022,RA_LIC_DEREC,0.0
NI02OAIPLAN2022,RA_LIC_TASSCHG_PY,0.0
NI02OAIPLAN2022,RA_LIC_FASSCHG_PY,0.0
NI02OAIPLAN2022,RA_LIC_CLO,0.0
NI02OAIPLAN2022,ACQ_CF_LRC_UNWIND,0.0
NI02OAIPLAN2022,ACQ_CF_LRC_EXP_ACQ_CF,0.0
NI02OAIPLAN2022,CROSS_SUB_OP,0.0
NI02OAIPLAN2022,CROSS_SUB_EXP,0.0
NI02OAIPLAN2022,CROSS_SUB_NB,0.0
NI02OAIPLAN2022,CROSS_SUB_IF_NB_TECH,0.0
NI02OAIPLAN2022,CROSS_SUB_TASSCHG,0.0
NI02OAIPLAN2022,CROSS_SUB_FASSCHG,0.0
NI02OAIPLAN2022,CROSS_SUB_CLO,0.0
NI02OAIPLAN2022,CROSS_SUB_IF_NB_FIN,0.0
NI02OAIPLAN2022,RA_LIC_RELEASE_CY,0.0
NI02OAIPLAN2022,PVFC_LRC_EXP_PREM_CURR_CF,0.0
NI02OAIPLAN2022,PVFC_LRC_EXP_ACQ_CURR_CF,0.0
NI02OAIPLAN2022,RA_LIC_FEXPVAR_CY,0.0
NI02PBNLIFE2021,PVFC_LRC_UNWIND,0.0
NI02PBNLIFE2021,PVFC_LRC_EXP_PREM_FUT_CF,242514159.7437752
NI02PBNLIFE2021,PVFC_LRC_EXP_ACQ_FUT_CF,-25578907.8997951
NI02PBNLIFE2021,PVFC_LRC_EXP_INCLAIM,-24655617.86448046
NI02PBNLIFE2021,PVFC_LRC_EXP_IC_PAYBL,1500160020.4194047
NI02PBNLIFE2021,PVFC_LRC_EXP_ATTEXP,-12207535.080243692
NI02PBNLIFE2021,PVFC_LIC_UNWIND,0.0
NI02PBNLIFE2021,PVFC_LIC_EXP_CLAIM_CF_CY,0.0
NI02PBNLIFE2021,PVFC_LIC_EXP_ATTEXP_CY,0.0
NI02PBNLIFE2021,PVFC_LIC_EXP_CLAIM_CF_PY,0.0
NI02PBNLIFE2021,PVFC_LIC_EXP_ATTEXP_PY,0.0
NI02PBNLIFE2021,RA_LRC_OP,31729218.96512697
NI02PBNLIFE2021,RA_LRC_NB_POS,0.0
NI02PBNLIFE2021,RA_LRC_UNWIND,2287920.0793186426
NI02PBNLIFE2021,RA_LRC_RELEASE,-1739882.9358576399
NI02PBNLIFE2021,RA_LRC_DEREC,0.0
NI02PBNLIFE2021,RA_LRC_TASSCHG,4089040902.625467
NI02PBNLIFE2021,RA_LRC_FASSCHG,1372965757.400837
NI02PBNLIFE2021,RA_LRC_CLO,5494283916.1348915
NI02PBNLIFE2021,RA_LIC_OP,0.0
NI02PBNLIFE2021,RA_LIC_UNWIND,0.0
NI02PBNLIFE2021,RA_LIC_INCLAIM,0.0
NI02PBNLIFE2021,RA_LIC_RELEASE_PY,0.0
NI02PBNLIFE2021,RA_LIC_DEREC,0.0
NI02PBNLIFE2021,RA_LIC_TASSCHG_PY,0.0
NI02PBNLIFE2021,RA_LIC_FASSCHG_PY,0.0
NI02PBNLIFE2021,RA_LIC_CLO,0.0
NI02PBNLIFE2021,ACQ_CF_LRC_UNWIND,0.0
NI02PBNLIFE2021,ACQ_CF_LRC_EXP_ACQ_CF,0.0
NI02PBNLIFE2021,CROSS_SUB_OP,0.0
NI02PBNLIFE2021,CROSS_SUB_EXP,0.0
NI02PBNLIFE2021,CROSS_SUB_NB,0.0
NI02PBNLIFE2021,CROSS_SUB_IF_NB_TECH,0.0
NI02PBNLIFE2021,CROSS_SUB_TASSCHG,0.0
NI02PBNLIFE2021,CROSS_SUB_FASSCHG,0.0
NI02PBNLIFE2021,CROSS_SUB_CLO,0.0
NI02PBNLIFE2021,CROSS_SUB_IF_NB_FIN,0.0
NI02PBNLIFE2021,RA_LIC_RELEASE_CY,0.0
NI02PBNLIFE2021,PVFC_LRC_EXP_PREM_CURR_CF,0.0
NI02PBNLIFE2021,PVFC_LRC_EXP_ACQ_CURR_CF,0.0
NI02PBNLIFE2021,RA_LIC_FEXPVAR_CY,0.0
NI02PBNLIFE2022,PVFC_LRC_UNWIND,0.0
NI02PBNLIFE2022,PVFC_LRC_EXP_PREM_FUT_CF,48419631.84013789
NI02PBNLIFE2022,PVFC_LRC_EXP_ACQ_FUT_CF,-3506275.1585954167
NI02PBNLIFE2022,PVFC_LRC_EXP_INCLAIM,48419631.84013789
NI02PBNLIFE2022,PVFC_LRC_EXP_IC_PAYBL,83161887.30658188
NI02PBNLIFE2022,PVFC_LRC_EXP_ATTEXP,-2678742.405764473
NI02PBNLIFE2022,PVFC_LIC_UNWIND,0.0
NI02PBNLIFE2022,PVFC_LIC_EXP_CLAIM_CF_CY,0.0
NI02PBNLIFE2022,PVFC_LIC_EXP_ATTEXP_CY,0.0
NI02PBNLIFE2022,PVFC_LIC_EXP_CLAIM_CF_PY,0.0
NI02PBNLIFE2022,PVFC_LIC_EXP_ATTEXP_PY,0.0
NI02PBNLIFE2022,RA_LRC_OP,2450434.78928944
NI02PBNLIFE2022,RA_LRC_NB_POS,0.0
NI02PBNLIFE2022,RA_LRC_UNWIND,-12877.906534016132
NI02PBNLIFE2022,RA_LRC_RELEASE,-180291.75041042716
NI02PBNLIFE2022,RA_LRC_DEREC,0.0
NI02PBNLIFE2022,RA_LRC_TASSCHG,-74232.87502066931
NI02PBNLIFE2022,RA_LRC_FASSCHG,48347.43021831522
NI02PBNLIFE2022,RA_LRC_CLO,2231379.6875426425
NI02PBNLIFE2022,RA_LIC_OP,0.0
NI02PBNLIFE2022,RA_LIC_UNWIND,0.0
NI02PBNLIFE2022,RA_LIC_INCLAIM,0.0
NI02PBNLIFE2022,RA_LIC_RELEASE_PY,0.0
NI02PBNLIFE2022,RA_LIC_DEREC,0.0
NI02PBNLIFE2022,RA_LIC_TASSCHG_PY,0.0
NI02PBNLIFE2022,RA_LIC_FASSCHG_PY,0.0
NI02PBNLIFE2022,RA_LIC_CLO,0.0
NI02PBNLIFE2022,ACQ_CF_LRC_UNWIND,0.0
NI02PBNLIFE2022,ACQ_CF_LRC_EXP_ACQ_CF,0.0
NI02PBNLIFE2022,CROSS_SUB_OP,0.0
NI02PBNLIFE2022,CROSS_SUB_EXP,0.0
NI02PBNLIFE2022,CROSS_SUB_NB,0.0
NI02PBNLIFE2022,CROSS_SUB_IF_NB_TECH,0.0
NI02PBNLIFE2022,CROSS_SUB_TASSCHG,0.0
NI02PBNLIFE2022,CROSS_SUB_FASSCHG,0.0
NI02PBNLIFE2022,CROSS_SUB_CLO,0.0
NI02PBNLIFE2022,CROSS_SUB_IF_NB_FIN,0.0
NI02PBNLIFE2022,RA_LIC_RELEASE_CY,0.0
NI02PBNLIFE2022,PVFC_LRC_EXP_PREM_CURR_CF,0.0
NI02PBNLIFE2022,PVFC_LRC_EXP_ACQ_CURR_CF,0.0
NI02PBNLIFE2022,RA_LIC_FEXPVAR_CY,0.0
NI02PCLBRTE2021,PVFC_LRC_UNWIND,0.0
NI02PCLBRTE2021,PVFC_LRC_EXP_PREM_FUT_CF,5924179.7098348215
NI02PCLBRTE2021,PVFC_LRC_EXP_ACQ_FUT_CF,-639224.7492641644
NI02PCLBRTE2021,PVFC_LRC_EXP_INCLAIM,-256675.10441270634
NI02PCLBRTE2021,PVFC_LRC_EXP_IC_PAYBL,5924179.7098348215
NI02PCLBRTE2021,PVFC_LRC_EXP_ATTEXP,-484285.1314623587
NI02PCLBRTE2021,PVFC_LIC_UNWIND,0.0
NI02PCLBRTE2021,PVFC_LIC_EXP_CLAIM_CF_CY,0.0
NI02PCLBRTE2021,PVFC_LIC_EXP_ATTEXP_CY,0.0
NI02PCLBRTE2021,PVFC_LIC_EXP_CLAIM_CF_PY,0.0
NI02PCLBRTE2021,PVFC_LIC_EXP_ATTEXP_PY,0.0
NI02PCLBRTE2021,RA_LRC_OP,613237.1384800982
NI02PCLBRTE2021,RA_LRC_NB_POS,0.0
NI02PCLBRTE2021,RA_LRC_UNWIND,44160.01925836783
NI02PCLBRTE2021,RA_LRC_RELEASE,-34096.999488130095
NI02PCLBRTE2021,RA_LRC_DEREC,0.0
NI02PCLBRTE2021,RA_LRC_TASSCHG,-252124.30497619865
NI02PCLBRTE2021,RA_LRC_FASSCHG,10011.1937456163
NI02PCLBRTE2021,RA_LRC_CLO,381187.0470197536
NI02PCLBRTE2021,RA_LIC_OP,0.0
NI02PCLBRTE2021,RA_LIC_UNWIND,0.0
NI02PCLBRTE2021,RA_LIC_INCLAIM,0.0
NI02PCLBRTE2021,RA_LIC_RELEASE_PY,0.0
NI02PCLBRTE2021,RA_LIC_DEREC,0.0
NI02PCLBRTE2021,RA_LIC_TASSCHG_PY,0.0
NI02PCLBRTE2021,RA_LIC_FASSCHG_PY,0.0
NI02PCLBRTE2021,RA_LIC_CLO,0.0
NI02PCLBRTE2021,ACQ_CF_LRC_UNWIND,0.0
NI02PCLBRTE2021,ACQ_CF_LRC_EXP_ACQ_CF,0.0
NI02PCLBRTE2021,CROSS_SUB_OP,0.0
NI02PCLBRTE2021,CROSS_SUB_EXP,0.0
NI02PCLBRTE2021,CROSS_SUB_NB,0.0
NI02PCLBRTE2021,CROSS_SUB_IF_NB_TECH,0.0
NI02PCLBRTE2021,CROSS_SUB_TASSCHG,0.0
NI02PCLBRTE2021,CROSS_SUB_FASSCHG,0.0
NI02PCLBRTE2021,CROSS_SUB_CLO,0.0
NI02PCLBRTE2021,CROSS_SUB_IF_NB_FIN,0.0
NI02PCLBRTE2021,RA_LIC_RELEASE_CY,0.0
NI02PCLBRTE2021,PVFC_LRC_EXP_PREM_CURR_CF,0.0
NI02PCLBRTE2021,PVFC_LRC_EXP_ACQ_CURR_CF,0.0
NI02PCLBRTE2021,RA_LIC_FEXPVAR_CY,0.0
NI02OCLBRTE2022,PVFC_LRC_UNWIND,0.0
NI02OCLBRTE2022,PVFC_LRC_EXP_PREM_FUT_CF,169555.4434873009
NI02OCLBRTE2022,PVFC_LRC_EXP_ACQ_FUT_CF,-16955.544348730087
NI02OCLBRTE2022,PVFC_LRC_EXP_INCLAIM,-3722.3792442706913
NI02OCLBRTE2022,PVFC_LRC_EXP_IC_PAYBL,169555.4434873009
NI02OCLBRTE2022,PVFC_LRC_EXP_ATTEXP,-29412.556179103383
NI02OCLBRTE2022,PVFC_LIC_UNWIND,0.0
NI02OCLBRTE2022,PVFC_LIC_EXP_CLAIM_CF_CY,0.0
NI02OCLBRTE2022,PVFC_LIC_EXP_ATTEXP_CY,0.0
NI02OCLBRTE2022,PVFC_LIC_EXP_CLAIM_CF_PY,0.0
NI02OCLBRTE2022,PVFC_LIC_EXP_ATTEXP_PY,0.0
NI02OCLBRTE2022,RA_LRC_OP,46812.19116548794
NI02OCLBRTE2022,RA_LRC_NB_POS,0.0
NI02OCLBRTE2022,RA_LRC_UNWIND,-6187.175539852651
NI02OCLBRTE2022,RA_LRC_RELEASE,-1489.9597209527774
NI02OCLBRTE2022,RA_LRC_DEREC,0.0
NI02OCLBRTE2022,RA_LRC_TASSCHG,-2479.6727934607115
NI02OCLBRTE2022,RA_LRC_FASSCHG,2815.876028032857
NI02OCLBRTE2022,RA_LRC_CLO,39471.25913925465
NI02OCLBRTE2022,RA_LIC_OP,0.0
NI02OCLBRTE2022,RA_LIC_UNWIND,0.0
NI02OCLBRTE2022,RA_LIC_INCLAIM,0.0
NI02OCLBRTE2022,RA_LIC_RELEASE_PY,0.0
NI02OCLBRTE2022,RA_LIC_DEREC,0.0
NI02OCLBRTE2022,RA_LIC_TASSCHG_PY,0.0
NI02OCLBRTE2022,RA_LIC_FASSCHG_PY,0.0
NI02OCLBRTE2022,RA_LIC_CLO,0.0
NI02OCLBRTE2022,ACQ_CF_LRC_UNWIND,0.0
NI02OCLBRTE2022,ACQ_CF_LRC_EXP_ACQ_CF,0.0
NI02OCLBRTE2022,CROSS_SUB_OP,0.0
NI02OCLBRTE2022,CROSS_SUB_EXP,0.0
NI02OCLBRTE2022,CROSS_SUB_NB,0.0
NI02OCLBRTE2022,CROSS_SUB_IF_NB_TECH,0.0
NI02OCLBRTE2022,CROSS_SUB_TASSCHG,0.0
NI02OCLBRTE2022,CROSS_SUB_FASSCHG,0.0
NI02OCLBRTE2022,CROSS_SUB_CLO,0.0
NI02OCLBRTE2022,CROSS_SUB_IF_NB_FIN,0.0
NI02OCLBRTE2022,RA_LIC_RELEASE_CY,0.0
NI02OCLBRTE2022,PVFC_LRC_EXP_PREM_CURR_CF,0.0
NI02OCLBRTE2022,PVFC_LRC_EXP_ACQ_CURR_CF,0.0
NI02OCLBRTE2022,RA_LIC_FEXPVAR_CY,0.0
NI02PCLBRTE2022,PVFC_LRC_UNWIND,0.0
NI02PCLBRTE2022,PVFC_LRC_EXP_PREM_FUT_CF,719173.2979651861
NI02PCLBRTE2022,PVFC_LRC_EXP_ACQ_FUT_CF,-71917.32979651859
NI02PCLBRTE2022,PVFC_LRC_EXP_INCLAIM,-17199.1951173443
NI02PCLBRTE2022,PVFC_LRC_EXP_IC_PAYBL,719173.2979651861
NI02PCLBRTE2022,PVFC_LRC_EXP_ATTEXP,-54254.220343817375
NI02PCLBRTE2022,PVFC_LIC_UNWIND,0.0
NI02PCLBRTE2022,PVFC_LIC_EXP_CLAIM_CF_CY,0.0
NI02PCLBRTE2022,PVFC_LIC_EXP_ATTEXP_CY,0.0
NI02PCLBRTE2022,PVFC_LIC_EXP_CLAIM_CF_PY,0.0
NI02PCLBRTE2022,PVFC_LIC_EXP_ATTEXP_PY,0.0
NI02PCLBRTE2022,RA_LRC_OP,55953.89436778093
NI02PCLBRTE2022,RA_LRC_NB_POS,0.0
NI02PCLBRTE2022,RA_LRC_UNWIND,-7444.9078750928675
NI02PCLBRTE2022,RA_LRC_RELEASE,-3213.004932749447
NI02PCLBRTE2022,RA_LRC_DEREC,0.0
NI02PCLBRTE2022,RA_LRC_TASSCHG,-3203.365220217893
NI02PCLBRTE2022,RA_LRC_FASSCHG,1463.1659766863377
NI02PCLBRTE2022,RA_LRC_CLO,43555.78231640706
NI02PCLBRTE2022,RA_LIC_OP,0.0
NI02PCLBRTE2022,RA_LIC_UNWIND,0.0
NI02PCLBRTE2022,RA_LIC_INCLAIM,0.0
NI02PCLBRTE2022,RA_LIC_RELEASE_PY,0.0
NI02PCLBRTE2022,RA_LIC_DEREC,0.0
NI02PCLBRTE2022,RA_LIC_TASSCHG_PY,0.0
NI02PCLBRTE2022,RA_LIC_FASSCHG_PY,0.0
NI02PCLBRTE2022,RA_LIC_CLO,0.0
NI02PCLBRTE2022,ACQ_CF_LRC_UNWIND,0.0
NI02PCLBRTE2022,ACQ_CF_LRC_EXP_ACQ_CF,0.0
NI02PCLBRTE2022,CROSS_SUB_OP,0.0
NI02PCLBRTE2022,CROSS_SUB_EXP,0.0
NI02PCLBRTE2022,CROSS_SUB_NB,0.0
NI02PCLBRTE2022,CROSS_SUB_IF_NB_TECH,0.0
NI02PCLBRTE2022,CROSS_SUB_TASSCHG,0.0
NI02PCLBRTE2022,CROSS_SUB_FASSCHG,0.0
NI02PCLBRTE2022,CROSS_SUB_CLO,0.0
NI02PCLBRTE2022,CROSS_SUB_IF_NB_FIN,0.0
NI02PCLBRTE2022,RA_LIC_RELEASE_CY,0.0
NI02PCLBRTE2022,PVFC_LRC_EXP_PREM_CURR_CF,0.0
NI02PCLBRTE2022,PVFC_LRC_EXP_ACQ_CURR_CF,0.0
NI02PCLBRTE2022,RA_LIC_FEXPVAR_CY,0.0
NI02OCRLIFE2021,PVFC_LRC_UNWIND,0.0
NI02OCRLIFE2021,PVFC_LRC_EXP_PREM_FUT_CF,40063473.035481036
NI02OCRLIFE2021,PVFC_LRC_EXP_ACQ_FUT_CF,-6591785.168562095
NI02OCRLIFE2021,PVFC_LRC_EXP_INCLAIM,-305456689.9657037
NI02OCRLIFE2021,PVFC_LRC_EXP_IC_PAYBL,0.0
NI02OCRLIFE2021,PVFC_LRC_EXP_ATTEXP,-24490146.415401027
NI02OCRLIFE2021,PVFC_LIC_UNWIND,0.0
NI02OCRLIFE2021,PVFC_LIC_EXP_CLAIM_CF_CY,0.0
NI02OCRLIFE2021,PVFC_LIC_EXP_ATTEXP_CY,0.0
NI02OCRLIFE2021,PVFC_LIC_EXP_CLAIM_CF_PY,0.0
NI02OCRLIFE2021,PVFC_LIC_EXP_ATTEXP_PY,0.0
NI02OCRLIFE2021,RA_LRC_OP,29235623.357885655
NI02OCRLIFE2021,RA_LRC_NB_POS,0.0
NI02OCRLIFE2021,RA_LRC_UNWIND,513806.7805268355
NI02OCRLIFE2021,RA_LRC_RELEASE,-18760411.127798982
NI02OCRLIFE2021,RA_LRC_DEREC,0.0
NI02OCRLIFE2021,RA_LRC_TASSCHG,-391480.49112368
NI02OCRLIFE2021,RA_LRC_FASSCHG,181164.06985045597
NI02OCRLIFE2021,RA_LRC_CLO,10778702.589340284
NI02OCRLIFE2021,RA_LIC_OP,0.0
NI02OCRLIFE2021,RA_LIC_UNWIND,0.0
NI02OCRLIFE2021,RA_LIC_INCLAIM,0.0
NI02OCRLIFE2021,RA_LIC_RELEASE_PY,0.0
NI02OCRLIFE2021,RA_LIC_DEREC,0.0
NI02OCRLIFE2021,RA_LIC_TASSCHG_PY,0.0
NI02OCRLIFE2021,RA_LIC_FASSCHG_PY,0.0
NI02OCRLIFE2021,RA_LIC_CLO,0.0
NI02OCRLIFE2021,ACQ_CF_LRC_UNWIND,0.0
NI02OCRLIFE2021,ACQ_CF_LRC_EXP_ACQ_CF,0.0
NI02OCRLIFE2021,CROSS_SUB_OP,0.0
NI02OCRLIFE2021,CROSS_SUB_EXP,0.0
NI02OCRLIFE2021,CROSS_SUB_NB,0.0
NI02OCRLIFE2021,CROSS_SUB_IF_NB_TECH,0.0
NI02OCRLIFE2021,CROSS_SUB_TASSCHG,0.0
NI02OCRLIFE2021,CROSS_SUB_FASSCHG,0.0
NI02OCRLIFE2021,CROSS_SUB_CLO,0.0
NI02OCRLIFE2021,CROSS_SUB_IF_NB_FIN,0.0
NI02OCRLIFE2021,RA_LIC_RELEASE_CY,0.0
NI02OCRLIFE2021,PVFC_LRC_EXP_PREM_CURR_CF,0.0
NI02OCRLIFE2021,PVFC_LRC_EXP_ACQ_CURR_CF,0.0
NI02OCRLIFE2021,RA_LIC_FEXPVAR_CY,0.0
NI02OCRLIFE2022,PVFC_LRC_UNWIND,0.0
NI02OCRLIFE2022,PVFC_LRC_EXP_PREM_FUT_CF,126151649.92909323
NI02OCRLIFE2022,PVFC_LRC_EXP_ACQ_FUT_CF,-12617181.719657045
NI02OCRLIFE2022,PVFC_LRC_EXP_INCLAIM,-146610785.4243347
NI02OCRLIFE2022,PVFC_LRC_EXP_IC_PAYBL,0.0
NI02OCRLIFE2022,PVFC_LRC_EXP_ATTEXP,-52406789.5779456
NI02OCRLIFE2022,PVFC_LIC_UNWIND,0.0
NI02OCRLIFE2022,PVFC_LIC_EXP_CLAIM_CF_CY,0.0
NI02OCRLIFE2022,PVFC_LIC_EXP_ATTEXP_CY,0.0
NI02OCRLIFE2022,PVFC_LIC_EXP_CLAIM_CF_PY,0.0
NI02OCRLIFE2022,PVFC_LIC_EXP_ATTEXP_PY,0.0
NI02OCRLIFE2022,RA_LRC_OP,14635541.51964839
NI02OCRLIFE2022,RA_LRC_NB_POS,0.0
NI02OCRLIFE2022,RA_LRC_UNWIND,-1433695.9895829167
NI02OCRLIFE2022,RA_LRC_RELEASE,-11846141.254164072
NI02OCRLIFE2022,RA_LRC_DEREC,0.0
NI02OCRLIFE2022,RA_LRC_TASSCHG,1598298.7585756448
NI02OCRLIFE2022,RA_LRC_FASSCHG,49635.94307063287
NI02OCRLIFE2022,RA_LRC_CLO,3003638.977547679
NI02OCRLIFE2022,RA_LIC_OP,0.0
NI02OCRLIFE2022,RA_LIC_UNWIND,0.0
NI02OCRLIFE2022,RA_LIC_INCLAIM,0.0
NI02OCRLIFE2022,RA_LIC_RELEASE_PY,0.0
NI02OCRLIFE2022,RA_LIC_DEREC,0.0
NI02OCRLIFE2022,RA_LIC_TASSCHG_PY,0.0
NI02OCRLIFE2022,RA_LIC_FASSCHG_PY,0.0
NI02OCRLIFE2022,RA_LIC_CLO,0.0
NI02OCRLIFE2022,ACQ_CF_LRC_UNWIND,0.0
NI02OCRLIFE2022,ACQ_CF_LRC_EXP_ACQ_CF,0.0
NI02OCRLIFE2022,CROSS_SUB_OP,0.0
NI02OCRLIFE2022,CROSS_SUB_EXP,0.0
NI02OCRLIFE2022,CROSS_SUB_NB,0.0
NI02OCRLIFE2022,CROSS_SUB_IF_NB_TECH,0.0
NI02OCRLIFE2022,CROSS_SUB_TASSCHG,0.0
NI02OCRLIFE2022,CROSS_SUB_FASSCHG,0.0
NI02OCRLIFE2022,CROSS_SUB_CLO,0.0
NI02OCRLIFE2022,CROSS_SUB_IF_NB_FIN,0.0
NI02OCRLIFE2022,RA_LIC_RELEASE_CY,0.0
NI02OCRLIFE2022,PVFC_LRC_EXP_PREM_CURR_CF,0.0
NI02OCRLIFE2022,PVFC_LRC_EXP_ACQ_CURR_CF,0.0
NI02OCRLIFE2022,RA_LIC_FEXPVAR_CY,0.0
NI02PMFUNDS2021,PVFC_LRC_UNWIND,0.0
NI02PMFUNDS2021,PVFC_LRC_EXP_PREM_FUT_CF,2228151.7775808675
NI02PMFUNDS2021,PVFC_LRC_EXP_ACQ_FUT_CF,-223145.24934266508
NI02PMFUNDS2021,PVFC_LRC_EXP_INCLAIM,-1272889.250110223
NI02PMFUNDS2021,PVFC_LRC_EXP_IC_PAYBL,1462335.0797300786
NI02PMFUNDS2021,PVFC_LRC_EXP_ATTEXP,-3838435.471432744
NI02PMFUNDS2021,PVFC_LIC_UNWIND,0.0
NI02PMFUNDS2021,PVFC_LIC_EXP_CLAIM_CF_CY,0.0
NI02PMFUNDS2021,PVFC_LIC_EXP_ATTEXP_CY,0.0
NI02PMFUNDS2021,PVFC_LIC_EXP_CLAIM_CF_PY,0.0
NI02PMFUNDS2021,PVFC_LIC_EXP_ATTEXP_PY,0.0
NI02PMFUNDS2021,RA_LRC_OP,801643.1325589644
NI02PMFUNDS2021,RA_LRC_NB_POS,0.0
NI02PMFUNDS2021,RA_LRC_UNWIND,30662.12493352173
NI02PMFUNDS2021,RA_LRC_RELEASE,-266854.7670535287
NI02PMFUNDS2021,RA_LRC_DEREC,0.0
NI02PMFUNDS2021,RA_LRC_TASSCHG,-181827.50422009517
NI02PMFUNDS2021,RA_LRC_FASSCHG,3879.2920109698316
NI02PMFUNDS2021,RA_LRC_CLO,387502.2782298321
NI02PMFUNDS2021,RA_LIC_OP,0.0
NI02PMFUNDS2021,RA_LIC_UNWIND,0.0
NI02PMFUNDS2021,RA_LIC_INCLAIM,0.0
NI02PMFUNDS2021,RA_LIC_RELEASE_PY,0.0
NI02PMFUNDS2021,RA_LIC_DEREC,0.0
NI02PMFUNDS2021,RA_LIC_TASSCHG_PY,0.0
NI02PMFUNDS2021,RA_LIC_FASSCHG_PY,0.0
NI02PMFUNDS2021,RA_LIC_CLO,0.0
NI02PMFUNDS2021,ACQ_CF_LRC_UNWIND,0.0
NI02PMFUNDS2021,ACQ_CF_LRC_EXP_ACQ_CF,0.0
NI02PMFUNDS2021,CROSS_SUB_OP,0.0
NI02PMFUNDS2021,CROSS_SUB_EXP,0.0
NI02PMFUNDS2021,CROSS_SUB_NB,0.0
NI02PMFUNDS2021,CROSS_SUB_IF_NB_TECH,0.0
NI02PMFUNDS2021,CROSS_SUB_TASSCHG,0.0
NI02PMFUNDS2021,CROSS_SUB_FASSCHG,0.0
NI02PMFUNDS2021,CROSS_SUB_CLO,0.0
NI02PMFUNDS2021,CROSS_SUB_IF_NB_FIN,0.0
NI02PMFUNDS2021,RA_LIC_RELEASE_CY,0.0
NI02PMFUNDS2021,PVFC_LRC_EXP_PREM_CURR_CF,0.0
NI02PMFUNDS2021,PVFC_LRC_EXP_ACQ_CURR_CF,0.0
NI02PMFUNDS2021,RA_LIC_FEXPVAR_CY,0.0
NI02OMLPLAN2021,PVFC_LRC_UNWIND,0.0
NI02OMLPLAN2021,PVFC_LRC_EXP_PREM_FUT_CF,13916990.140873723
NI02OMLPLAN2021,PVFC_LRC_EXP_ACQ_FUT_CF,-1449674.3626849991
NI02OMLPLAN2021,PVFC_LRC_EXP_INCLAIM,-6195605.57235516
NI02OMLPLAN2021,PVFC_LRC_EXP_IC_PAYBL,10423364.769000001
NI02OMLPLAN2021,PVFC_LRC_EXP_ATTEXP,-15459453.080749948
NI02OMLPLAN2021,PVFC_LIC_UNWIND,0.0
NI02OMLPLAN2021,PVFC_LIC_EXP_CLAIM_CF_CY,0.0
NI02OMLPLAN2021,PVFC_LIC_EXP_ATTEXP_CY,0.0
NI02OMLPLAN2021,PVFC_LIC_EXP_CLAIM_CF_PY,0.0
NI02OMLPLAN2021,PVFC_LIC_EXP_ATTEXP_PY,0.0
NI02OMLPLAN2021,RA_LRC_OP,3231775.296993314
NI02OMLPLAN2021,RA_LRC_NB_POS,0.0
NI02OMLPLAN2021,RA_LRC_UNWIND,115240.34435533406
NI02OMLPLAN2021,RA_LRC_RELEASE,-1126233.4264358808
NI02OMLPLAN2021,RA_LRC_DEREC,0.0
NI02OMLPLAN2021,RA_LRC_TASSCHG,320017580.354251
NI02OMLPLAN2021,RA_LRC_FASSCHG,6850261.665707827
NI02OMLPLAN2021,RA_LRC_CLO,329088624.2348716
NI02OMLPLAN2021,RA_LIC_OP,0.0
NI02OMLPLAN2021,RA_LIC_UNWIND,0.0
NI02OMLPLAN2021,RA_LIC_INCLAIM,0.0
NI02OMLPLAN2021,RA_LIC_RELEASE_PY,0.0
NI02OMLPLAN2021,RA_LIC_DEREC,0.0
NI02OMLPLAN2021,RA_LIC_TASSCHG_PY,0.0
NI02OMLPLAN2021,RA_LIC_FASSCHG_PY,0.0
NI02OMLPLAN2021,RA_LIC_CLO,0.0
NI02OMLPLAN2021,ACQ_CF_LRC_UNWIND,0.0
NI02OMLPLAN2021,ACQ_CF_LRC_EXP_ACQ_CF,0.0
NI02OMLPLAN2021,CROSS_SUB_OP,0.0
NI02OMLPLAN2021,CROSS_SUB_EXP,0.0
NI02OMLPLAN2021,CROSS_SUB_NB,0.0
NI02OMLPLAN2021,CROSS_SUB_IF_NB_TECH,0.0
NI02OMLPLAN2021,CROSS_SUB_TASSCHG,0.0
NI02OMLPLAN2021,CROSS_SUB_FASSCHG,0.0
NI02OMLPLAN2021,CROSS_SUB_CLO,0.0
NI02OMLPLAN2021,CROSS_SUB_IF_NB_FIN,0.0
NI02OMLPLAN2021,RA_LIC_RELEASE_CY,0.0
NI02OMLPLAN2021,PVFC_LRC_EXP_PREM_CURR_CF,0.0
NI02OMLPLAN2021,PVFC_LRC_EXP_ACQ_CURR_CF,0.0
NI02OMLPLAN2021,RA_LIC_FEXPVAR_CY,0.0
NI02OMLPLAN2022,PVFC_LRC_UNWIND,0.0
NI02OMLPLAN2022,PVFC_LRC_EXP_PREM_FUT_CF,211277.4523496936
NI02OMLPLAN2022,PVFC_LRC_EXP_ACQ_FUT_CF,-31766.33563009144
NI02OMLPLAN2022,PVFC_LRC_EXP_INCLAIM,-110198.8313150144
NI02OMLPLAN2022,PVFC_LRC_EXP_IC_PAYBL,1999206.8433333333
NI02OMLPLAN2022,PVFC_LRC_EXP_ATTEXP,-219361.61499296286
NI02OMLPLAN2022,PVFC_LIC_UNWIND,0.0
NI02OMLPLAN2022,PVFC_LIC_EXP_CLAIM_CF_CY,0.0
NI02OMLPLAN2022,PVFC_LIC_EXP_ATTEXP_CY,0.0
NI02OMLPLAN2022,PVFC_LIC_EXP_CLAIM_CF_PY,0.0
NI02OMLPLAN2022,PVFC_LIC_EXP_ATTEXP_PY,0.0
NI02OMLPLAN2022,RA_LRC_OP,0.0
NI02OMLPLAN2022,RA_LRC_NB_POS,0.0
NI02OMLPLAN2022,RA_LRC_UNWIND,-2487.593793839813
NI02OMLPLAN2022,RA_LRC_RELEASE,-18592.984486681948
NI02OMLPLAN2022,RA_LRC_DEREC,0.0
NI02OMLPLAN2022,RA_LRC_TASSCHG,9960.696411010693
NI02OMLPLAN2022,RA_LRC_FASSCHG,2335.7961629467463
NI02OMLPLAN2022,RA_LRC_CLO,102304.83309885889
NI02OMLPLAN2022,RA_LIC_OP,0.0
NI02OMLPLAN2022,RA_LIC_UNWIND,0.0
NI02OMLPLAN2022,RA_LIC_INCLAIM,0.0
NI02OMLPLAN2022,RA_LIC_RELEASE_PY,0.0
NI02OMLPLAN2022,RA_LIC_DEREC,0.0
NI02OMLPLAN2022,RA_LIC_TASSCHG_PY,0.0
NI02OMLPLAN2022,RA_LIC_FASSCHG_PY,0.0
NI02OMLPLAN2022,RA_LIC_CLO,0.0
NI02OMLPLAN2022,ACQ_CF_LRC_UNWIND,0.0
NI02OMLPLAN2022,ACQ_CF_LRC_EXP_ACQ_CF,0.0
NI02OMLPLAN2022,CROSS_SUB_OP,0.0
NI02OMLPLAN2022,CROSS_SUB_EXP,0.0
NI02OMLPLAN2022,CROSS_SUB_NB,0.0
NI02OMLPLAN2022,CROSS_SUB_IF_NB_TECH,0.0
NI02OMLPLAN2022,CROSS_SUB_TASSCHG,0.0
NI02OMLPLAN2022,CROSS_SUB_FASSCHG,0.0
NI02OMLPLAN2022,CROSS_SUB_CLO,0.0
NI02OMLPLAN2022,CROSS_SUB_IF_NB_FIN,0.0
NI02OMLPLAN2022,RA_LIC_RELEASE_CY,0.0
NI02OMLPLAN2022,PVFC_LRC_EXP_PREM_CURR_CF,0.0
NI02OMLPLAN2022,PVFC_LRC_EXP_ACQ_CURR_CF,0.0
NI02OMLPLAN2022,RA_LIC_FEXPVAR_CY,0.0
