GOC_ID,STEP_ID,1
NI02OREINST2021,PVFC_LRC_UNWIND,0
NI02OREINST2021,PVFC_LRC_EXP_PREM_FUT_CF,-7587694.181152707
NI02OREINST2021,PVFC_LRC_EXP_ACQ_FUT_CF,988569.0695489678
NI02OREINST2021,PVFC_LRC_EXP_INCLAIM,49821203.71978456
NI02OREINST2021,PVFC_LRC_EXP_IC_PAYBL,0
NI02OREINST2021,PVFC_LRC_EXP_ATTEXP,2285754.7133682305
NI02OREINST2021,PVFC_LIC_UNWIND,0
NI02OREINST2021,PVFC_LIC_EXP_CLAIM_CF_CY,0
NI02OREINST2021,PVFC_LIC_EXP_ATTEXP_CY,0
NI02OREINST2021,PVFC_LIC_EXP_CLAIM_CF_PY,0
NI02OREINST2021,PVFC_LIC_EXP_ATTEXP_PY,0
NI02OREINST2021,RA_LRC_OP,-8501310.862645015
NI02OREINST2021,RA_LRC_NB_POS,0
NI02OREINST2021,RA_LRC_UNWIND,-335417.03843112476
NI02OREINST2021,RA_LRC_RELEASE,3569939.695965874
NI02OREINST2021,RA_LRC_DEREC,-
NI02OREINST2021,RA_LRC_TASSCHG,4927.34520462621
NI02OREINST2021,RA_LRC_FASSCHG,-107107.24601386208
NI02OREINST2021,RA_LRC_CLO,-5368968.105919502
NI02OREINST2021,RA_LIC_OP,0
NI02OREINST2021,RA_LIC_UNWIND,0
NI02OREINST2021,RA_LIC_INCLAIM,0
NI02OREINST2021,RA_LIC_RELEASE_PY,0
NI02OREINST2021,RA_LIC_DEREC,0
NI02OREINST2021,RA_LIC_TASSCHG_PY,0
NI02OREINST2021,RA_LIC_FASSCHG_PY,0
NI02OREINST2021,RA_LIC_CLO,0
NI02OREINST2021,ACQ_CF_LRC_UNWIND,0
NI02OREINST2021,ACQ_CF_LRC_EXP_ACQ_CF,0
NI02OREINST2021,CROSS_SUB_OP,0
NI02OREINST2021,CROSS_SUB_EXP,0
NI02OREINST2021,CROSS_SUB_NB,0
NI02OREINST2021,CROSS_SUB_IF_NB_TECH,0
NI02OREINST2021,CROSS_SUB_TASSCHG,0
NI02OREINST2021,CROSS_SUB_FASSCHG,0
NI02OREINST2021,CROSS_SUB_CLO,0
NI02OREINST2021,CROSS_SUB_IF_NB_FIN,0
NI02OREINST2021,RA_LIC_RELEASE_CY,0
NI02OREINST2021,PVFC_LRC_EXP_PREM_CURR_CF,0
NI02OREINST2021,PVFC_LRC_EXP_ACQ_CURR_CF,0
NI02OREINST2021,RA_LIC_FEXPVAR_CY,0
NI02OREINST2022,PVFC_LRC_UNWIND,0
NI02OREINST2022,PVFC_LRC_EXP_PREM_FUT_CF,-56478297.90798012
NI02OREINST2022,PVFC_LRC_EXP_ACQ_FUT_CF,6398773.5090190815
NI02OREINST2022,PVFC_LRC_EXP_INCLAIM,24027167.150758162
NI02OREINST2022,PVFC_LRC_EXP_IC_PAYBL,4706415.087991271
NI02OREINST2022,PVFC_LRC_EXP_ATTEXP,0
NI02OREINST2022,PVFC_LIC_UNWIND,0
NI02OREINST2022,PVFC_LIC_EXP_CLAIM_CF_CY,0
NI02OREINST2022,PVFC_LIC_EXP_ATTEXP_CY,0
NI02OREINST2022,PVFC_LIC_EXP_CLAIM_CF_PY,0
NI02OREINST2022,PVFC_LIC_EXP_ATTEXP_PY,0
NI02OREINST2022,RA_LRC_OP,42454901.29429059
NI02OREINST2022,RA_LRC_NB_POS,0
NI02OREINST2022,RA_LRC_UNWIND,910709.4172067642
NI02OREINST2022,RA_LRC_RELEASE,-12537269.03250911
NI02OREINST2022,RA_LRC_DEREC,0
NI02OREINST2022,RA_LRC_TASSCHG,-43501303.73436731
NI02OREINST2022,RA_LRC_FASSCHG,-169221.92194132507
NI02OREINST2022,RA_LRC_CLO,-12842183.977320395
NI02OREINST2022,RA_LIC_OP,0
NI02OREINST2022,RA_LIC_UNWIND,0
NI02OREINST2022,RA_LIC_INCLAIM,0
NI02OREINST2022,RA_LIC_RELEASE_PY,0
NI02OREINST2022,RA_LIC_DEREC,0
NI02OREINST2022,RA_LIC_TASSCHG_PY,0
NI02OREINST2022,RA_LIC_FASSCHG_PY,0
NI02OREINST2022,RA_LIC_CLO,0
NI02OREINST2022,ACQ_CF_LRC_UNWIND,0
NI02OREINST2022,ACQ_CF_LRC_EXP_ACQ_CF,0
NI02OREINST2022,CROSS_SUB_OP,0
NI02OREINST2022,CROSS_SUB_EXP,0
NI02OREINST2022,CROSS_SUB_NB,0
NI02OREINST2022,CROSS_SUB_IF_NB_TECH,0
NI02OREINST2022,CROSS_SUB_TASSCHG,0
NI02OREINST2022,CROSS_SUB_FASSCHG,0
NI02OREINST2022,CROSS_SUB_CLO,0
NI02OREINST2022,CROSS_SUB_IF_NB_FIN,0
NI02OREINST2022,RA_LIC_RELEASE_CY,0
NI02OREINST2022,PVFC_LRC_EXP_PREM_CURR_CF,0
NI02OREINST2022,PVFC_LRC_EXP_ACQ_CURR_CF,0
NI02OREINST2022,RA_LIC_FEXPVAR_CY,0
NI02PREINST2021,PVFC_LRC_UNWIND,0.0
NI02PREINST2021,PVFC_LRC_EXP_PREM_FUT_CF,-79326802.49010879
NI02PREINST2021,PVFC_LRC_EXP_ACQ_FUT_CF,9042997.599981353
NI02PREINST2021,PVFC_LRC_EXP_INCLAIM,26134055.423548
NI02PREINST2021,PVFC_LRC_EXP_IC_PAYBL,3116084.706454947
NI02PREINST2021,PVFC_LRC_EXP_ATTEXP,0.0
NI02PREINST2021,PVFC_LIC_UNWIND,0.0
NI02PREINST2021,PVFC_LIC_EXP_CLAIM_CF_CY,0.0
NI02PREINST2021,PVFC_LIC_EXP_ATTEXP_CY,0.0
NI02PREINST2021,PVFC_LIC_EXP_CLAIM_CF_PY,0.0
NI02PREINST2021,PVFC_LIC_EXP_ATTEXP_PY,0.0
NI02PREINST2021,RA_LRC_OP,-14344916.41340432
NI02PREINST2021,RA_LRC_NB_POS,0.0
NI02PREINST2021,RA_LRC_UNWIND,-960041.8023932949
NI02PREINST2021,RA_LRC_RELEASE,1349391.452405003
NI02PREINST2021,RA_LRC_DEREC,0.0
NI02PREINST2021,RA_LRC_TASSCHG,-402827238.1817635
NI02PREINST2021,RA_LRC_FASSCHG,-7986297.21778512
NI02PREINST2021,RA_LRC_CLO,-424769102.1629413
NI02PREINST2021,RA_LIC_OP,0.0
NI02PREINST2021,RA_LIC_UNWIND,0.0
NI02PREINST2021,RA_LIC_INCLAIM,0.0
NI02PREINST2021,RA_LIC_RELEASE_PY,0.0
NI02PREINST2021,RA_LIC_DEREC,0.0
NI02PREINST2021,RA_LIC_TASSCHG_PY,0.0
NI02PREINST2021,RA_LIC_FASSCHG_PY,0.0
NI02PREINST2021,RA_LIC_CLO,0.0
NI02PREINST2021,ACQ_CF_LRC_UNWIND,0.0
NI02PREINST2021,ACQ_CF_LRC_EXP_ACQ_CF,0.0
NI02PREINST2021,CROSS_SUB_OP,0.0
NI02PREINST2021,CROSS_SUB_EXP,0.0
NI02PREINST2021,CROSS_SUB_NB,0.0
NI02PREINST2021,CROSS_SUB_IF_NB_TECH,0.0
NI02PREINST2021,CROSS_SUB_TASSCHG,0.0
NI02PREINST2021,CROSS_SUB_FASSCHG,0.0
NI02PREINST2021,CROSS_SUB_CLO,0.0
NI02PREINST2021,CROSS_SUB_IF_NB_FIN,0.0
NI02PREINST2021,RA_LIC_RELEASE_CY,0.0
NI02PREINST2021,PVFC_LRC_EXP_PREM_CURR_CF,0.0
NI02PREINST2021,PVFC_LRC_EXP_ACQ_CURR_CF,0.0
NI02PREINST2021,RA_LIC_FEXPVAR_CY,0.0
NI02PREINST2022,PVFC_LRC_UNWIND,0.0
NI02PREINST2022,PVFC_LRC_EXP_PREM_FUT_CF,-170356089.13248333
NI02PREINST2022,PVFC_LRC_EXP_ACQ_FUT_CF,20084789.161677904
NI02PREINST2022,PVFC_LRC_EXP_INCLAIM,-257149149.54060122
NI02PREINST2022,PVFC_LRC_EXP_IC_PAYBL,4745540.421324605
NI02PREINST2022,PVFC_LRC_EXP_ATTEXP,0.0
NI02PREINST2022,PVFC_LIC_UNWIND,0.0
NI02PREINST2022,PVFC_LIC_EXP_CLAIM_CF_CY,0.0
NI02PREINST2022,PVFC_LIC_EXP_ATTEXP_CY,0.0
NI02PREINST2022,PVFC_LIC_EXP_CLAIM_CF_PY,0.0
NI02PREINST2022,PVFC_LIC_EXP_ATTEXP_PY,0.0
NI02PREINST2022,RA_LRC_OP,1833579.506274847
NI02PREINST2022,RA_LRC_NB_POS,0.0
NI02PREINST2022,RA_LRC_UNWIND,110565.04048634041
NI02PREINST2022,RA_LRC_RELEASE,-1311748.333639076
NI02PREINST2022,RA_LRC_DEREC,0.0
NI02PREINST2022,RA_LRC_TASSCHG,-2811683.39819027
NI02PREINST2022,RA_LRC_FASSCHG,-81262.80970179848
NI02PREINST2022,RA_LRC_CLO,-2260549.994769957
NI02PREINST2022,RA_LIC_OP,0.0
NI02PREINST2022,RA_LIC_UNWIND,0.0
NI02PREINST2022,RA_LIC_INCLAIM,0.0
NI02PREINST2022,RA_LIC_RELEASE_PY,0.0
NI02PREINST2022,RA_LIC_DEREC,0.0
NI02PREINST2022,RA_LIC_TASSCHG_PY,0.0
NI02PREINST2022,RA_LIC_FASSCHG_PY,0.0
NI02PREINST2022,RA_LIC_CLO,0.0
NI02PREINST2022,ACQ_CF_LRC_UNWIND,0.0
NI02PREINST2022,ACQ_CF_LRC_EXP_ACQ_CF,0.0
NI02PREINST2022,CROSS_SUB_OP,0.0
NI02PREINST2022,CROSS_SUB_EXP,0.0
NI02PREINST2022,CROSS_SUB_NB,0.0
NI02PREINST2022,CROSS_SUB_IF_NB_TECH,0.0
NI02PREINST2022,CROSS_SUB_TASSCHG,0.0
NI02PREINST2022,CROSS_SUB_FASSCHG,0.0
NI02PREINST2022,CROSS_SUB_CLO,0.0
NI02PREINST2022,CROSS_SUB_IF_NB_FIN,0.0
NI02PREINST2022,RA_LIC_RELEASE_CY,0.0
NI02PREINST2022,PVFC_LRC_EXP_PREM_CURR_CF,0.0
NI02PREINST2022,PVFC_LRC_EXP_ACQ_CURR_CF,0.0
NI02PREINST2022,RA_LIC_FEXPVAR_CY,0.0
