GOC_ID,STEP_ID,1
NI02PCLBRTE2021,PVFC_LRC_UNWIND,0.0
NI02PCLBRTE2021,PVFC_LRC_EXP_PREM_FUT_CF,844077.8716957307
NI02PCLBRTE2021,PVFC_LRC_EXP_ACQ_FUT_CF,-84407.78716957306
NI02PCLBRTE2021,PVFC_LRC_EXP_INCLAIM,-73941.25300544185
NI02PCLBRTE2021,PVFC_LRC_EXP_IC_PAYBL,-844077.8716957307
NI02PCLBRTE2021,PVFC_LRC_EXP_ATTEXP,-105360.45055984822
NI02PCLBRTE2021,PVFC_LIC_UNWIND,0.0
NI02PCLBRTE2021,PVFC_LIC_EXP_CLAIM_CF_CY,0.0
NI02PCLBRTE2021,PVFC_LIC_EXP_ATTEXP_CY,0.0
NI02PCLBRTE2021,PVFC_LIC_EXP_CLAIM_CF_PY,0.0
NI02PCLBRTE2021,PVFC_LIC_EXP_ATTEXP_PY,0.0
NI02PCLBRTE2021,RA_LRC_OP,305467.704179754
NI02PCLBRTE2021,RA_LRC_NB_POS,0.0
NI02PCLBRTE2021,RA_LRC_UNWIND,-8293.103614978016
NI02PCLBRTE2021,RA_LRC_RELEASE,-4761.393547761643
NI02PCLBRTE2021,RA_LRC_DEREC,0.0
NI02PCLBRTE2021,RA_LRC_TASSCHG,-40471.35854983551
NI02PCLBRTE2021,RA_LRC_FASSCHG,-44904.93046286902
NI02PCLBRTE2021,RA_LRC_CLO,207036.65842109223
NI02PCLBRTE2021,RA_LIC_OP,0.0
NI02PCLBRTE2021,RA_LIC_UNWIND,0.0
NI02PCLBRTE2021,RA_LIC_INCLAIM,0.0
NI02PCLBRTE2021,RA_LIC_RELEASE_PY,0.0
NI02PCLBRTE2021,RA_LIC_DEREC,0.0
NI02PCLBRTE2021,RA_LIC_TASSCHG_PY,0.0
NI02PCLBRTE2021,RA_LIC_FASSCHG_PY,0.0
NI02PCLBRTE2021,RA_LIC_CLO,0.0
NI02PCLBRTE2021,ACQ_CF_LRC_UNWIND,0.0
NI02PCLBRTE2021,ACQ_CF_LRC_EXP_ACQ_CF,0.0
NI02PCLBRTE2021,CROSS_SUB_OP,0.0
NI02PCLBRTE2021,CROSS_SUB_EXP,0.0
NI02PCLBRTE2021,CROSS_SUB_NB,0.0
NI02PCLBRTE2021,CROSS_SUB_IF_NB_TECH,0.0
NI02PCLBRTE2021,CROSS_SUB_TASSCHG,0.0
NI02PCLBRTE2021,CROSS_SUB_FASSCHG,0.0
NI02PCLBRTE2021,CROSS_SUB_CLO,0.0
NI02PCLBRTE2021,CROSS_SUB_IF_NB_FIN,0.0
NI02PCLBRTE2021,RA_LIC_RELEASE_CY,0.0
NI02PCLBRTE2021,PVFC_LRC_EXP_PREM_CURR_CF,0.0
NI02PCLBRTE2021,PVFC_LRC_EXP_ACQ_CURR_CF,0.0
NI02PCLBRTE2021,RA_LIC_FEXPVAR_CY,0.0
NI02PCLBRTE2022,PVFC_LRC_UNWIND,0.0
NI02PCLBRTE2022,PVFC_LRC_EXP_PREM_FUT_CF,333251.1800257991
NI02PCLBRTE2022,PVFC_LRC_EXP_ACQ_FUT_CF,-33325.11800257991
NI02PCLBRTE2022,PVFC_LRC_EXP_INCLAIM,-6759.6590179403265
NI02PCLBRTE2022,PVFC_LRC_EXP_IC_PAYBL,-333251.1800257991
NI02PCLBRTE2022,PVFC_LRC_EXP_ATTEXP,-21722.693733436266
NI02PCLBRTE2022,PVFC_LIC_UNWIND,0.0
NI02PCLBRTE2022,PVFC_LIC_EXP_CLAIM_CF_CY,0.0
NI02PCLBRTE2022,PVFC_LIC_EXP_ATTEXP_CY,0.0
NI02PCLBRTE2022,PVFC_LIC_EXP_CLAIM_CF_PY,0.0
NI02PCLBRTE2022,PVFC_LIC_EXP_ATTEXP_PY,0.0
NI02PCLBRTE2022,RA_LRC_OP,34743.235172587
NI02PCLBRTE2022,RA_LRC_NB_POS,0.0
NI02PCLBRTE2022,RA_LRC_UNWIND,-3344.053064379812
NI02PCLBRTE2022,RA_LRC_RELEASE,-756.3547245723358
NI02PCLBRTE2022,RA_LRC_DEREC,0.0
NI02PCLBRTE2022,RA_LRC_TASSCHG,119691.73052557181
NI02PCLBRTE2022,RA_LRC_FASSCHG,-73798.90630112773
NI02PCLBRTE2022,RA_LRC_CLO,76535.73052557181
NI02PCLBRTE2022,RA_LIC_OP,0.0
NI02PCLBRTE2022,RA_LIC_UNWIND,0.0
NI02PCLBRTE2022,RA_LIC_INCLAIM,0.0
NI02PCLBRTE2022,RA_LIC_RELEASE_PY,0.0
NI02PCLBRTE2022,RA_LIC_DEREC,0.0
NI02PCLBRTE2022,RA_LIC_TASSCHG_PY,0.0
NI02PCLBRTE2022,RA_LIC_FASSCHG_PY,0.0
NI02PCLBRTE2022,RA_LIC_CLO,0.0
NI02PCLBRTE2022,ACQ_CF_LRC_UNWIND,0.0
NI02PCLBRTE2022,ACQ_CF_LRC_EXP_ACQ_CF,0.0
NI02PCLBRTE2022,CROSS_SUB_OP,0.0
NI02PCLBRTE2022,CROSS_SUB_EXP,0.0
NI02PCLBRTE2022,CROSS_SUB_NB,0.0
NI02PCLBRTE2022,CROSS_SUB_IF_NB_TECH,0.0
NI02PCLBRTE2022,CROSS_SUB_TASSCHG,0.0
NI02PCLBRTE2022,CROSS_SUB_FASSCHG,0.0
NI02PCLBRTE2022,CROSS_SUB_CLO,0.0
NI02PCLBRTE2022,CROSS_SUB_IF_NB_FIN,0.0
NI02PCLBRTE2022,RA_LIC_RELEASE_CY,0.0
NI02PCLBRTE2022,PVFC_LRC_EXP_PREM_CURR_CF,0.0
NI02PCLBRTE2022,PVFC_LRC_EXP_ACQ_CURR_CF,0.0
NI02PCLBRTE2022,RA_LIC_FEXPVAR_CY,0.0
NI02OCLBRTE2023,PVFC_LRC_UNWIND,0.0
NI02OCLBRTE2023,PVFC_LRC_EXP_PREM_FUT_CF,0.0
NI02OCLBRTE2023,PVFC_LRC_EXP_ACQ_FUT_CF,0.0
NI02OCLBRTE2023,PVFC_LRC_EXP_INCLAIM,-491.88779701740134
NI02OCLBRTE2023,PVFC_LRC_EXP_IC_PAYBL,0.0
NI02OCLBRTE2023,PVFC_LRC_EXP_ATTEXP,-2314.1323475886
NI02OCLBRTE2023,PVFC_LIC_UNWIND,0.0
NI02OCLBRTE2023,PVFC_LIC_EXP_CLAIM_CF_CY,0.0
NI02OCLBRTE2023,PVFC_LIC_EXP_ATTEXP_CY,0.0
NI02OCLBRTE2023,PVFC_LIC_EXP_CLAIM_CF_PY,0.0
NI02OCLBRTE2023,PVFC_LIC_EXP_ATTEXP_PY,0.0
NI02OCLBRTE2023,RA_LRC_OP,10935.3559590181
NI02OCLBRTE2023,RA_LRC_NB_POS,0.0
NI02OCLBRTE2023,RA_LRC_UNWIND,-5728.0
NI02OCLBRTE2023,RA_LRC_RELEASE,-74.51444099944736
NI02OCLBRTE2023,RA_LRC_DEREC,0.0
NI02OCLBRTE2023,RA_LRC_TASSCHG,-10437.439231291404
NI02OCLBRTE2023,RA_LRC_FASSCHG,5304.970143725686
NI02OCLBRTE2023,RA_LRC_CLO,0.0
NI02OCLBRTE2023,RA_LIC_OP,0.0
NI02OCLBRTE2023,RA_LIC_UNWIND,0.0
NI02OCLBRTE2023,RA_LIC_INCLAIM,0.0
NI02OCLBRTE2023,RA_LIC_RELEASE_PY,0.0
NI02OCLBRTE2023,RA_LIC_DEREC,0.0
NI02OCLBRTE2023,RA_LIC_TASSCHG_PY,0.0
NI02OCLBRTE2023,RA_LIC_FASSCHG_PY,0.0
NI02OCLBRTE2023,RA_LIC_CLO,0.0
NI02OCLBRTE2023,ACQ_CF_LRC_UNWIND,0.0
NI02OCLBRTE2023,ACQ_CF_LRC_EXP_ACQ_CF,0.0
NI02OCLBRTE2023,CROSS_SUB_OP,0.0
NI02OCLBRTE2023,CROSS_SUB_EXP,0.0
NI02OCLBRTE2023,CROSS_SUB_NB,0.0
NI02OCLBRTE2023,CROSS_SUB_IF_NB_TECH,0.0
NI02OCLBRTE2023,CROSS_SUB_TASSCHG,0.0
NI02OCLBRTE2023,CROSS_SUB_FASSCHG,0.0
NI02OCLBRTE2023,CROSS_SUB_CLO,0.0
NI02OCLBRTE2023,CROSS_SUB_IF_NB_FIN,0.0
NI02OCLBRTE2023,RA_LIC_RELEASE_CY,0.0
NI02OCLBRTE2023,PVFC_LRC_EXP_PREM_CURR_CF,0.0
NI02OCLBRTE2023,PVFC_LRC_EXP_ACQ_CURR_CF,0.0
NI02OCLBRTE2023,RA_LIC_FEXPVAR_CY,0.0
NI02PCLBRTE2023,PVFC_LRC_UNWIND,0.0
NI02PCLBRTE2023,PVFC_LRC_EXP_PREM_FUT_CF,461901.4138496759
NI02PCLBRTE2023,PVFC_LRC_EXP_ACQ_FUT_CF,-67219.80989352777
NI02PCLBRTE2023,PVFC_LRC_EXP_INCLAIM,-13926.572280467484
NI02PCLBRTE2023,PVFC_LRC_EXP_IC_PAYBL,-461901.4138496759
NI02PCLBRTE2023,PVFC_LRC_EXP_ATTEXP,-43643.66253471208
NI02PCLBRTE2023,PVFC_LIC_UNWIND,0.0
NI02PCLBRTE2023,PVFC_LIC_EXP_CLAIM_CF_CY,0.0
NI02PCLBRTE2023,PVFC_LIC_EXP_ATTEXP_CY,0.0
NI02PCLBRTE2023,PVFC_LIC_EXP_CLAIM_CF_PY,0.0
NI02PCLBRTE2023,PVFC_LIC_EXP_ATTEXP_PY,0.0
NI02PCLBRTE2023,RA_LRC_OP,26066.1399064341
NI02PCLBRTE2023,RA_LRC_NB_POS,0.0
NI02PCLBRTE2023,RA_LRC_UNWIND,-2083.434973342635
NI02PCLBRTE2023,RA_LRC_RELEASE,-1528.7894043477613
NI02PCLBRTE2023,RA_LRC_DEREC,0.0
NI02PCLBRTE2023,RA_LRC_TASSCHG,55563.0
NI02PCLBRTE2023,RA_LRC_FASSCHG,-34.82994607639557
NI02PCLBRTE2023,RA_LRC_CLO,77981.70097453771
NI02PCLBRTE2023,RA_LIC_OP,0.0
NI02PCLBRTE2023,RA_LIC_UNWIND,0.0
NI02PCLBRTE2023,RA_LIC_INCLAIM,0.0
NI02PCLBRTE2023,RA_LIC_RELEASE_PY,0.0
NI02PCLBRTE2023,RA_LIC_DEREC,0.0
NI02PCLBRTE2023,RA_LIC_TASSCHG_PY,0.0
NI02PCLBRTE2023,RA_LIC_FASSCHG_PY,0.0
NI02PCLBRTE2023,RA_LIC_CLO,0.0
NI02PCLBRTE2023,ACQ_CF_LRC_UNWIND,0.0
NI02PCLBRTE2023,ACQ_CF_LRC_EXP_ACQ_CF,0.0
NI02PCLBRTE2023,CROSS_SUB_OP,0.0
NI02PCLBRTE2023,CROSS_SUB_EXP,0.0
NI02PCLBRTE2023,CROSS_SUB_NB,0.0
NI02PCLBRTE2023,CROSS_SUB_IF_NB_TECH,0.0
NI02PCLBRTE2023,CROSS_SUB_TASSCHG,0.0
NI02PCLBRTE2023,CROSS_SUB_FASSCHG,0.0
NI02PCLBRTE2023,CROSS_SUB_CLO,0.0
NI02PCLBRTE2023,CROSS_SUB_IF_NB_FIN,0.0
NI02PCLBRTE2023,RA_LIC_RELEASE_CY,0.0
NI02PCLBRTE2023,PVFC_LRC_EXP_PREM_CURR_CF,0.0
NI02PCLBRTE2023,PVFC_LRC_EXP_ACQ_CURR_CF,0.0
NI02PCLBRTE2023,RA_LIC_FEXPVAR_CY,0.0
NI02PCLBRTE2024,PVFC_LRC_UNWIND,0.0
NI02PCLBRTE2024,PVFC_LRC_EXP_PREM_FUT_CF,325448.36373125506
NI02PCLBRTE2024,PVFC_LRC_EXP_ACQ_FUT_CF,-32544.8363731255
NI02PCLBRTE2024,PVFC_LRC_EXP_INCLAIM,-1794.2808479761293
NI02PCLBRTE2024,PVFC_LRC_EXP_IC_PAYBL,-325448.36373125506
NI02PCLBRTE2024,PVFC_LRC_EXP_ATTEXP,-28876.98578210431
NI02PCLBRTE2024,PVFC_LIC_UNWIND,0.0
NI02PCLBRTE2024,PVFC_LIC_EXP_CLAIM_CF_CY,0.0
NI02PCLBRTE2024,PVFC_LIC_EXP_ATTEXP_CY,0.0
NI02PCLBRTE2024,PVFC_LIC_EXP_CLAIM_CF_PY,0.0
NI02PCLBRTE2024,PVFC_LIC_EXP_ATTEXP_PY,0.0
NI02PCLBRTE2024,RA_LRC_OP,0.0
NI02PCLBRTE2024,RA_LRC_NB_POS,32126.781050699155
NI02PCLBRTE2024,RA_LRC_UNWIND,880.671762066162
NI02PCLBRTE2024,RA_LRC_RELEASE,-814.4817819924641
NI02PCLBRTE2024,RA_LRC_DEREC,0.0
NI02PCLBRTE2024,RA_LRC_TASSCHG,-72.5388127154074
NI02PCLBRTE2024,RA_LRC_FASSCHG,-1249.6831713781103
NI02PCLBRTE2024,RA_LRC_CLO,30870.749046679335
NI02PCLBRTE2024,RA_LIC_OP,0.0
NI02PCLBRTE2024,RA_LIC_UNWIND,0.0
NI02PCLBRTE2024,RA_LIC_INCLAIM,0.0
NI02PCLBRTE2024,RA_LIC_RELEASE_PY,0.0
NI02PCLBRTE2024,RA_LIC_DEREC,0.0
NI02PCLBRTE2024,RA_LIC_TASSCHG_PY,0.0
NI02PCLBRTE2024,RA_LIC_FASSCHG_PY,0.0
NI02PCLBRTE2024,RA_LIC_CLO,0.0
NI02PCLBRTE2024,ACQ_CF_LRC_UNWIND,0.0
NI02PCLBRTE2024,ACQ_CF_LRC_EXP_ACQ_CF,0.0
NI02PCLBRTE2024,CROSS_SUB_OP,0.0
NI02PCLBRTE2024,CROSS_SUB_EXP,0.0
NI02PCLBRTE2024,CROSS_SUB_NB,0.0
NI02PCLBRTE2024,CROSS_SUB_IF_NB_TECH,0.0
NI02PCLBRTE2024,CROSS_SUB_TASSCHG,0.0
NI02PCLBRTE2024,CROSS_SUB_FASSCHG,0.0
NI02PCLBRTE2024,CROSS_SUB_CLO,0.0
NI02PCLBRTE2024,CROSS_SUB_IF_NB_FIN,0.0
NI02PCLBRTE2024,RA_LIC_RELEASE_CY,0.0
NI02PCLBRTE2024,PVFC_LRC_EXP_PREM_CURR_CF,0.0
NI02PCLBRTE2024,PVFC_LRC_EXP_ACQ_CURR_CF,0.0
NI02PCLBRTE2024,RA_LIC_FEXPVAR_CY,0.0
NI02OAIPLAN2021,PVFC_LRC_UNWIND,0.0
NI02OAIPLAN2021,PVFC_LRC_EXP_PREM_FUT_CF,0.0
NI02OAIPLAN2021,PVFC_LRC_EXP_ACQ_FUT_CF,0.0
NI02OAIPLAN2021,PVFC_LRC_EXP_INCLAIM,0.0
NI02OAIPLAN2021,PVFC_LRC_EXP_IC_PAYBL,0.0
NI02OAIPLAN2021,PVFC_LRC_EXP_ATTEXP,0.0
NI02OAIPLAN2021,PVFC_LIC_UNWIND,0.0
NI02OAIPLAN2021,PVFC_LIC_EXP_CLAIM_CF_CY,0.0
NI02OAIPLAN2021,PVFC_LIC_EXP_ATTEXP_CY,0.0
NI02OAIPLAN2021,PVFC_LIC_EXP_CLAIM_CF_PY,0.0
NI02OAIPLAN2021,PVFC_LIC_EXP_ATTEXP_PY,0.0
NI02OAIPLAN2021,RA_LRC_OP,0.0
NI02OAIPLAN2021,RA_LRC_NB_POS,0.0
NI02OAIPLAN2021,RA_LRC_UNWIND,0.0
NI02OAIPLAN2021,RA_LRC_RELEASE,0.0
NI02OAIPLAN2021,RA_LRC_DEREC,0.0
NI02OAIPLAN2021,RA_LRC_TASSCHG,0.0
NI02OAIPLAN2021,RA_LRC_FASSCHG,0.0
NI02OAIPLAN2021,RA_LRC_CLO,0.0
NI02OAIPLAN2021,RA_LIC_OP,0.0
NI02OAIPLAN2021,RA_LIC_UNWIND,0.0
NI02OAIPLAN2021,RA_LIC_INCLAIM,0.0
NI02OAIPLAN2021,RA_LIC_RELEASE_PY,0.0
NI02OAIPLAN2021,RA_LIC_DEREC,0.0
NI02OAIPLAN2021,RA_LIC_TASSCHG_PY,0.0
NI02OAIPLAN2021,RA_LIC_FASSCHG_PY,0.0
NI02OAIPLAN2021,RA_LIC_CLO,0.0
NI02OAIPLAN2021,ACQ_CF_LRC_UNWIND,0.0
NI02OAIPLAN2021,ACQ_CF_LRC_EXP_ACQ_CF,0.0
NI02OAIPLAN2021,CROSS_SUB_OP,0.0
NI02OAIPLAN2021,CROSS_SUB_EXP,0.0
NI02OAIPLAN2021,CROSS_SUB_NB,0.0
NI02OAIPLAN2021,CROSS_SUB_IF_NB_TECH,0.0
NI02OAIPLAN2021,CROSS_SUB_TASSCHG,0.0
NI02OAIPLAN2021,CROSS_SUB_FASSCHG,0.0
NI02OAIPLAN2021,CROSS_SUB_CLO,0.0
NI02OAIPLAN2021,CROSS_SUB_IF_NB_FIN,0.0
NI02OAIPLAN2021,RA_LIC_RELEASE_CY,0.0
NI02OAIPLAN2021,PVFC_LRC_EXP_PREM_CURR_CF,0.0
NI02OAIPLAN2021,PVFC_LRC_EXP_ACQ_CURR_CF,0.0
NI02OAIPLAN2021,RA_LIC_FEXPVAR_CY,0.0
NI02OAIPLAN2022,PVFC_LRC_UNWIND,0.0
NI02OAIPLAN2022,PVFC_LRC_EXP_PREM_FUT_CF,0.0
NI02OAIPLAN2022,PVFC_LRC_EXP_ACQ_FUT_CF,0.0
NI02OAIPLAN2022,PVFC_LRC_EXP_INCLAIM,0.0
NI02OAIPLAN2022,PVFC_LRC_EXP_IC_PAYBL,0.0
NI02OAIPLAN2022,PVFC_LRC_EXP_ATTEXP,0.0
NI02OAIPLAN2022,PVFC_LIC_UNWIND,0.0
NI02OAIPLAN2022,PVFC_LIC_EXP_CLAIM_CF_CY,0.0
NI02OAIPLAN2022,PVFC_LIC_EXP_ATTEXP_CY,0.0
NI02OAIPLAN2022,PVFC_LIC_EXP_CLAIM_CF_PY,0.0
NI02OAIPLAN2022,PVFC_LIC_EXP_ATTEXP_PY,0.0
NI02OAIPLAN2022,RA_LRC_OP,-4021575.1876
NI02OAIPLAN2022,RA_LRC_NB_POS,0.0
NI02OAIPLAN2022,RA_LRC_UNWIND,-100139.65742657008
NI02OAIPLAN2022,RA_LRC_RELEASE,4121714.8446982093
NI02OAIPLAN2022,RA_LRC_DEREC,0.0
NI02OAIPLAN2022,RA_LRC_TASSCHG,0.0
NI02OAIPLAN2022,RA_LRC_FASSCHG,0.0
NI02OAIPLAN2022,RA_LRC_CLO,0.0
NI02OAIPLAN2022,RA_LIC_OP,0.0
NI02OAIPLAN2022,RA_LIC_UNWIND,0.0
NI02OAIPLAN2022,RA_LIC_INCLAIM,0.0
NI02OAIPLAN2022,RA_LIC_RELEASE_PY,0.0
NI02OAIPLAN2022,RA_LIC_DEREC,0.0
NI02OAIPLAN2022,RA_LIC_TASSCHG_PY,0.0
NI02OAIPLAN2022,RA_LIC_FASSCHG_PY,0.0
NI02OAIPLAN2022,RA_LIC_CLO,0.0
NI02OAIPLAN2022,ACQ_CF_LRC_UNWIND,0.0
NI02OAIPLAN2022,ACQ_CF_LRC_EXP_ACQ_CF,0.0
NI02OAIPLAN2022,CROSS_SUB_OP,0.0
NI02OAIPLAN2022,CROSS_SUB_EXP,0.0
NI02OAIPLAN2022,CROSS_SUB_NB,0.0
NI02OAIPLAN2022,CROSS_SUB_IF_NB_TECH,0.0
NI02OAIPLAN2022,CROSS_SUB_TASSCHG,0.0
NI02OAIPLAN2022,CROSS_SUB_FASSCHG,0.0
NI02OAIPLAN2022,CROSS_SUB_CLO,0.0
NI02OAIPLAN2022,CROSS_SUB_IF_NB_FIN,0.0
NI02OAIPLAN2022,RA_LIC_RELEASE_CY,0.0
NI02OAIPLAN2022,PVFC_LRC_EXP_PREM_CURR_CF,0.0
NI02OAIPLAN2022,PVFC_LRC_EXP_ACQ_CURR_CF,0.0
NI02OAIPLAN2022,RA_LIC_FEXPVAR_CY,0.0
NI02OAIPLAN2023,PVFC_LRC_UNWIND,0.0
NI02OAIPLAN2023,PVFC_LRC_EXP_PREM_FUT_CF,14583.432088288791
NI02OAIPLAN2023,PVFC_LRC_EXP_ACQ_FUT_CF,-2921.5979796773263
NI02OAIPLAN2023,PVFC_LRC_EXP_INCLAIM,-55583749.93018401
NI02OAIPLAN2023,PVFC_LRC_EXP_IC_PAYBL,0.0
NI02OAIPLAN2023,PVFC_LRC_EXP_ATTEXP,-364050.99563435744
NI02OAIPLAN2023,PVFC_LIC_UNWIND,0.0
NI02OAIPLAN2023,PVFC_LIC_EXP_CLAIM_CF_CY,0.0
NI02OAIPLAN2023,PVFC_LIC_EXP_ATTEXP_CY,0.0
NI02OAIPLAN2023,PVFC_LIC_EXP_CLAIM_CF_PY,0.0
NI02OAIPLAN2023,PVFC_LIC_EXP_ATTEXP_PY,0.0
NI02OAIPLAN2023,RA_LRC_OP,5365293.80998388
NI02OAIPLAN2023,RA_LRC_NB_POS,0.0
NI02OAIPLAN2023,RA_LRC_UNWIND,69398.8197385464
NI02OAIPLAN2023,RA_LRC_RELEASE,-3941001.924446256
NI02OAIPLAN2023,RA_LRC_DEREC,0.0
NI02OAIPLAN2023,RA_LRC_TASSCHG,1424826.0
NI02OAIPLAN2023,RA_LRC_FASSCHG,628928.556237504
NI02OAIPLAN2023,RA_LRC_CLO,3547445.479119883
NI02OAIPLAN2023,RA_LIC_OP,0.0
NI02OAIPLAN2023,RA_LIC_UNWIND,0.0
NI02OAIPLAN2023,RA_LIC_INCLAIM,0.0
NI02OAIPLAN2023,RA_LIC_RELEASE_PY,0.0
NI02OAIPLAN2023,RA_LIC_DEREC,0.0
NI02OAIPLAN2023,RA_LIC_TASSCHG_PY,0.0
NI02OAIPLAN2023,RA_LIC_FASSCHG_PY,0.0
NI02OAIPLAN2023,RA_LIC_CLO,0.0
NI02OAIPLAN2023,ACQ_CF_LRC_UNWIND,0.0
NI02OAIPLAN2023,ACQ_CF_LRC_EXP_ACQ_CF,0.0
NI02OAIPLAN2023,CROSS_SUB_OP,0.0
NI02OAIPLAN2023,CROSS_SUB_EXP,0.0
NI02OAIPLAN2023,CROSS_SUB_NB,0.0
NI02OAIPLAN2023,CROSS_SUB_IF_NB_TECH,0.0
NI02OAIPLAN2023,CROSS_SUB_TASSCHG,0.0
NI02OAIPLAN2023,CROSS_SUB_FASSCHG,0.0
NI02OAIPLAN2023,CROSS_SUB_CLO,0.0
NI02OAIPLAN2023,CROSS_SUB_IF_NB_FIN,0.0
NI02OAIPLAN2023,RA_LIC_RELEASE_CY,0.0
NI02OAIPLAN2023,PVFC_LRC_EXP_PREM_CURR_CF,0.0
NI02OAIPLAN2023,PVFC_LRC_EXP_ACQ_CURR_CF,0.0
NI02OAIPLAN2023,RA_LIC_FEXPVAR_CY,0.0
NI02PAIPLAN2023,PVFC_LRC_UNWIND,0.0
NI02PAIPLAN2023,PVFC_LRC_EXP_PREM_FUT_CF,0.0
NI02PAIPLAN2023,PVFC_LRC_EXP_ACQ_FUT_CF,0.0
NI02PAIPLAN2023,PVFC_LRC_EXP_INCLAIM,-203471.619983287
NI02PAIPLAN2023,PVFC_LRC_EXP_IC_PAYBL,0.0
NI02PAIPLAN2023,PVFC_LRC_EXP_ATTEXP,-18269.152134448806
NI02PAIPLAN2023,PVFC_LIC_UNWIND,0.0
NI02PAIPLAN2023,PVFC_LIC_EXP_CLAIM_CF_CY,0.0
NI02PAIPLAN2023,PVFC_LIC_EXP_ATTEXP_CY,0.0
NI02PAIPLAN2023,PVFC_LIC_EXP_CLAIM_CF_PY,0.0
NI02PAIPLAN2023,PVFC_LIC_EXP_ATTEXP_PY,0.0
NI02PAIPLAN2023,RA_LRC_OP,26160.1453047595
NI02PAIPLAN2023,RA_LRC_NB_POS,0.0
NI02PAIPLAN2023,RA_LRC_UNWIND,6099.0
NI02PAIPLAN2023,RA_LRC_RELEASE,-15619.573873920106
NI02PAIPLAN2023,RA_LRC_DEREC,0.0
NI02PAIPLAN2023,RA_LRC_TASSCHG,3579189.81287563
NI02PAIPLAN2023,RA_LRC_FASSCHG,-48384.60688532101
NI02PAIPLAN2023,RA_LRC_CLO,3547445.4791198825
NI02PAIPLAN2023,RA_LIC_OP,0.0
NI02PAIPLAN2023,RA_LIC_UNWIND,0.0
NI02PAIPLAN2023,RA_LIC_INCLAIM,0.0
NI02PAIPLAN2023,RA_LIC_RELEASE_PY,0.0
NI02PAIPLAN2023,RA_LIC_DEREC,0.0
NI02PAIPLAN2023,RA_LIC_TASSCHG_PY,0.0
NI02PAIPLAN2023,RA_LIC_FASSCHG_PY,0.0
NI02PAIPLAN2023,RA_LIC_CLO,0.0
NI02PAIPLAN2023,ACQ_CF_LRC_UNWIND,0.0
NI02PAIPLAN2023,ACQ_CF_LRC_EXP_ACQ_CF,0.0
NI02PAIPLAN2023,CROSS_SUB_OP,0.0
NI02PAIPLAN2023,CROSS_SUB_EXP,0.0
NI02PAIPLAN2023,CROSS_SUB_NB,0.0
NI02PAIPLAN2023,CROSS_SUB_IF_NB_TECH,0.0
NI02PAIPLAN2023,CROSS_SUB_TASSCHG,0.0
NI02PAIPLAN2023,CROSS_SUB_FASSCHG,0.0
NI02PAIPLAN2023,CROSS_SUB_CLO,0.0
NI02PAIPLAN2023,CROSS_SUB_IF_NB_FIN,0.0
NI02PAIPLAN2023,RA_LIC_RELEASE_CY,0.0
NI02PAIPLAN2023,PVFC_LRC_EXP_PREM_CURR_CF,0.0
NI02PAIPLAN2023,PVFC_LRC_EXP_ACQ_CURR_CF,0.0
NI02PAIPLAN2023,RA_LIC_FEXPVAR_CY,0.0
NI02OAIPLAN2024,PVFC_LRC_UNWIND,0.0
NI02OAIPLAN2024,PVFC_LRC_EXP_PREM_FUT_CF,19034519.504401676
NI02OAIPLAN2024,PVFC_LRC_EXP_ACQ_FUT_CF,-1903455.7100571822
NI02OAIPLAN2024,PVFC_LRC_EXP_INCLAIM,-15146171.085863806
NI02OAIPLAN2024,PVFC_LRC_EXP_IC_PAYBL,0.0
NI02OAIPLAN2024,PVFC_LRC_EXP_ATTEXP,-4271238.502434077
NI02OAIPLAN2024,PVFC_LIC_UNWIND,0.0
NI02OAIPLAN2024,PVFC_LIC_EXP_CLAIM_CF_CY,0.0
NI02OAIPLAN2024,PVFC_LIC_EXP_ATTEXP_CY,0.0
NI02OAIPLAN2024,PVFC_LIC_EXP_CLAIM_CF_PY,0.0
NI02OAIPLAN2024,PVFC_LIC_EXP_ATTEXP_PY,0.0
NI02OAIPLAN2024,RA_LRC_OP,0.0
NI02OAIPLAN2024,RA_LRC_NB_POS,2064095.425313993
NI02OAIPLAN2024,RA_LRC_UNWIND,51004.411433106754
NI02OAIPLAN2024,RA_LRC_RELEASE,-656504.6051709771
NI02OAIPLAN2024,RA_LRC_DEREC,0.0
NI02OAIPLAN2024,RA_LRC_TASSCHG,171499.96289744182
NI02OAIPLAN2024,RA_LRC_FASSCHG,-71716.70540702413
NI02OAIPLAN2024,RA_LRC_CLO,1558378.4890665403
NI02OAIPLAN2024,RA_LIC_OP,0.0
NI02OAIPLAN2024,RA_LIC_UNWIND,0.0
NI02OAIPLAN2024,RA_LIC_INCLAIM,0.0
NI02OAIPLAN2024,RA_LIC_RELEASE_PY,0.0
NI02OAIPLAN2024,RA_LIC_DEREC,0.0
NI02OAIPLAN2024,RA_LIC_TASSCHG_PY,0.0
NI02OAIPLAN2024,RA_LIC_FASSCHG_PY,0.0
NI02OAIPLAN2024,RA_LIC_CLO,0.0
NI02OAIPLAN2024,ACQ_CF_LRC_UNWIND,0.0
NI02OAIPLAN2024,ACQ_CF_LRC_EXP_ACQ_CF,0.0
NI02OAIPLAN2024,CROSS_SUB_OP,0.0
NI02OAIPLAN2024,CROSS_SUB_EXP,0.0
NI02OAIPLAN2024,CROSS_SUB_NB,0.0
NI02OAIPLAN2024,CROSS_SUB_IF_NB_TECH,0.0
NI02OAIPLAN2024,CROSS_SUB_TASSCHG,0.0
NI02OAIPLAN2024,CROSS_SUB_FASSCHG,0.0
NI02OAIPLAN2024,CROSS_SUB_CLO,0.0
NI02OAIPLAN2024,CROSS_SUB_IF_NB_FIN,0.0
NI02OAIPLAN2024,RA_LIC_RELEASE_CY,0.0
NI02OAIPLAN2024,PVFC_LRC_EXP_PREM_CURR_CF,0.0
NI02OAIPLAN2024,PVFC_LRC_EXP_ACQ_CURR_CF,0.0
NI02OAIPLAN2024,RA_LIC_FEXPVAR_CY,0.0
NI02PANNUIT2021,PVFC_LRC_UNWIND,0.0
NI02PANNUIT2021,PVFC_LRC_EXP_PREM_FUT_CF,0.0
NI02PANNUIT2021,PVFC_LRC_EXP_ACQ_FUT_CF,0.0
NI02PANNUIT2021,PVFC_LRC_EXP_INCLAIM,-70002210.63513611
NI02PANNUIT2021,PVFC_LRC_EXP_IC_PAYBL,-43660767.15100001
NI02PANNUIT2021,PVFC_LRC_EXP_ATTEXP,-895004.3939845893
NI02PANNUIT2021,PVFC_LIC_UNWIND,0.0
NI02PANNUIT2021,PVFC_LIC_EXP_CLAIM_CF_CY,0.0
NI02PANNUIT2021,PVFC_LIC_EXP_ATTEXP_CY,0.0
NI02PANNUIT2021,PVFC_LIC_EXP_CLAIM_CF_PY,0.0
NI02PANNUIT2021,PVFC_LIC_EXP_ATTEXP_PY,0.0
NI02PANNUIT2021,RA_LRC_OP,11409702.0121841
NI02PANNUIT2021,RA_LRC_NB_POS,0.0
NI02PANNUIT2021,RA_LRC_UNWIND,2606340.0
NI02PANNUIT2021,RA_LRC_RELEASE,-860811.0110160017
NI02PANNUIT2021,RA_LRC_DEREC,0.0
NI02PANNUIT2021,RA_LRC_TASSCHG,705223.2685182318
NI02PANNUIT2021,RA_LRC_FASSCHG,3424984.82837392
NI02PANNUIT2021,RA_LRC_CLO,17285438.919586357
NI02PANNUIT2021,RA_LIC_OP,0.0
NI02PANNUIT2021,RA_LIC_UNWIND,0.0
NI02PANNUIT2021,RA_LIC_INCLAIM,0.0
NI02PANNUIT2021,RA_LIC_RELEASE_PY,0.0
NI02PANNUIT2021,RA_LIC_DEREC,0.0
NI02PANNUIT2021,RA_LIC_TASSCHG_PY,0.0
NI02PANNUIT2021,RA_LIC_FASSCHG_PY,0.0
NI02PANNUIT2021,RA_LIC_CLO,0.0
NI02PANNUIT2021,ACQ_CF_LRC_UNWIND,0.0
NI02PANNUIT2021,ACQ_CF_LRC_EXP_ACQ_CF,0.0
NI02PANNUIT2021,CROSS_SUB_OP,0.0
NI02PANNUIT2021,CROSS_SUB_EXP,0.0
NI02PANNUIT2021,CROSS_SUB_NB,0.0
NI02PANNUIT2021,CROSS_SUB_IF_NB_TECH,0.0
NI02PANNUIT2021,CROSS_SUB_TASSCHG,0.0
NI02PANNUIT2021,CROSS_SUB_FASSCHG,0.0
NI02PANNUIT2021,CROSS_SUB_CLO,0.0
NI02PANNUIT2021,CROSS_SUB_IF_NB_FIN,0.0
NI02PANNUIT2021,RA_LIC_RELEASE_CY,0.0
NI02PANNUIT2021,PVFC_LRC_EXP_PREM_CURR_CF,0.0
NI02PANNUIT2021,PVFC_LRC_EXP_ACQ_CURR_CF,0.0
NI02PANNUIT2021,RA_LIC_FEXPVAR_CY,0.0
NI02PBNLIFE2021,PVFC_LRC_UNWIND,0.0
NI02PBNLIFE2021,PVFC_LRC_EXP_PREM_FUT_CF,30700984.063213132
NI02PBNLIFE2021,PVFC_LRC_EXP_ACQ_FUT_CF,-3060238.1683154237
NI02PBNLIFE2021,PVFC_LRC_EXP_INCLAIM,-4582511.377093085
NI02PBNLIFE2021,PVFC_LRC_EXP_IC_PAYBL,0.0
NI02PBNLIFE2021,PVFC_LRC_EXP_ATTEXP,-1893776.811474524
NI02PBNLIFE2021,PVFC_LIC_UNWIND,0.0
NI02PBNLIFE2021,PVFC_LIC_EXP_CLAIM_CF_CY,0.0
NI02PBNLIFE2021,PVFC_LIC_EXP_ATTEXP_CY,0.0
NI02PBNLIFE2021,PVFC_LIC_EXP_CLAIM_CF_PY,0.0
NI02PBNLIFE2021,PVFC_LIC_EXP_ATTEXP_PY,0.0
NI02PBNLIFE2021,RA_LRC_OP,13389066.7720675
NI02PBNLIFE2021,RA_LRC_NB_POS,0.0
NI02PBNLIFE2021,RA_LRC_UNWIND,-9774504.0
NI02PBNLIFE2021,RA_LRC_RELEASE,-274.3502966583832
NI02PBNLIFE2021,RA_LRC_DEREC,0.0
NI02PBNLIFE2021,RA_LRC_TASSCHG,-3130145.0
NI02PBNLIFE2021,RA_LRC_FASSCHG,-472176.0
NI02PBNLIFE2021,RA_LRC_CLO,11967.497651809881
NI02PBNLIFE2021,RA_LIC_OP,0.0
NI02PBNLIFE2021,RA_LIC_UNWIND,0.0
NI02PBNLIFE2021,RA_LIC_INCLAIM,0.0
NI02PBNLIFE2021,RA_LIC_RELEASE_PY,0.0
NI02PBNLIFE2021,RA_LIC_DEREC,0.0
NI02PBNLIFE2021,RA_LIC_TASSCHG_PY,0.0
NI02PBNLIFE2021,RA_LIC_FASSCHG_PY,0.0
NI02PBNLIFE2021,RA_LIC_CLO,0.0
NI02PBNLIFE2021,ACQ_CF_LRC_UNWIND,0.0
NI02PBNLIFE2021,ACQ_CF_LRC_EXP_ACQ_CF,0.0
NI02PBNLIFE2021,CROSS_SUB_OP,0.0
NI02PBNLIFE2021,CROSS_SUB_EXP,0.0
NI02PBNLIFE2021,CROSS_SUB_NB,0.0
NI02PBNLIFE2021,CROSS_SUB_IF_NB_TECH,0.0
NI02PBNLIFE2021,CROSS_SUB_TASSCHG,0.0
NI02PBNLIFE2021,CROSS_SUB_FASSCHG,0.0
NI02PBNLIFE2021,CROSS_SUB_CLO,0.0
NI02PBNLIFE2021,CROSS_SUB_IF_NB_FIN,0.0
NI02PBNLIFE2021,RA_LIC_RELEASE_CY,0.0
NI02PBNLIFE2021,PVFC_LRC_EXP_PREM_CURR_CF,0.0
NI02PBNLIFE2021,PVFC_LRC_EXP_ACQ_CURR_CF,0.0
NI02PBNLIFE2021,RA_LIC_FEXPVAR_CY,0.0
NI02PBNLIFE2022,PVFC_LRC_UNWIND,0.0
NI02PBNLIFE2022,PVFC_LRC_EXP_PREM_FUT_CF,10790547.883136554
NI02PBNLIFE2022,PVFC_LRC_EXP_ACQ_FUT_CF,-1071923.1552466175
NI02PBNLIFE2022,PVFC_LRC_EXP_INCLAIM,-661157.8316271463
NI02PBNLIFE2022,PVFC_LRC_EXP_IC_PAYBL,0.0
NI02PBNLIFE2022,PVFC_LRC_EXP_ATTEXP,-400178.85071567947
NI02PBNLIFE2022,PVFC_LIC_UNWIND,0.0
NI02PBNLIFE2022,PVFC_LIC_EXP_CLAIM_CF_CY,0.0
NI02PBNLIFE2022,PVFC_LIC_EXP_ATTEXP_CY,0.0
NI02PBNLIFE2022,PVFC_LIC_EXP_CLAIM_CF_PY,0.0
NI02PBNLIFE2022,PVFC_LIC_EXP_ATTEXP_PY,0.0
NI02PBNLIFE2022,RA_LRC_OP,2463883.76654264
NI02PBNLIFE2022,RA_LRC_NB_POS,0.0
NI02PBNLIFE2022,RA_LRC_UNWIND,-1215840.0
NI02PBNLIFE2022,RA_LRC_RELEASE,-44.96063565688537
NI02PBNLIFE2022,RA_LRC_DEREC,0.0
NI02PBNLIFE2022,RA_LRC_TASSCHG,-214551.177594521
NI02PBNLIFE2022,RA_LRC_FASSCHG,-1031526.5461133374
NI02PBNLIFE2022,RA_LRC_CLO,1921.475206630561
NI02PBNLIFE2022,RA_LIC_OP,0.0
NI02PBNLIFE2022,RA_LIC_UNWIND,0.0
NI02PBNLIFE2022,RA_LIC_INCLAIM,0.0
NI02PBNLIFE2022,RA_LIC_RELEASE_PY,0.0
NI02PBNLIFE2022,RA_LIC_DEREC,0.0
NI02PBNLIFE2022,RA_LIC_TASSCHG_PY,0.0
NI02PBNLIFE2022,RA_LIC_FASSCHG_PY,0.0
NI02PBNLIFE2022,RA_LIC_CLO,0.0
NI02PBNLIFE2022,ACQ_CF_LRC_UNWIND,0.0
NI02PBNLIFE2022,ACQ_CF_LRC_EXP_ACQ_CF,0.0
NI02PBNLIFE2022,CROSS_SUB_OP,0.0
NI02PBNLIFE2022,CROSS_SUB_EXP,0.0
NI02PBNLIFE2022,CROSS_SUB_NB,0.0
NI02PBNLIFE2022,CROSS_SUB_IF_NB_TECH,0.0
NI02PBNLIFE2022,CROSS_SUB_TASSCHG,0.0
NI02PBNLIFE2022,CROSS_SUB_FASSCHG,0.0
NI02PBNLIFE2022,CROSS_SUB_CLO,0.0
NI02PBNLIFE2022,CROSS_SUB_IF_NB_FIN,0.0
NI02PBNLIFE2022,RA_LIC_RELEASE_CY,0.0
NI02PBNLIFE2022,PVFC_LRC_EXP_PREM_CURR_CF,0.0
NI02PBNLIFE2022,PVFC_LRC_EXP_ACQ_CURR_CF,0.0
NI02PBNLIFE2022,RA_LIC_FEXPVAR_CY,0.0
NI02PBNLIFE2023,PVFC_LRC_UNWIND,0.0
NI02PBNLIFE2023,PVFC_LRC_EXP_PREM_FUT_CF,10071835.248435091
NI02PBNLIFE2023,PVFC_LRC_EXP_ACQ_FUT_CF,-1570776.5987972422
NI02PBNLIFE2023,PVFC_LRC_EXP_INCLAIM,-689988.7361197135
NI02PBNLIFE2023,PVFC_LRC_EXP_IC_PAYBL,0.0
NI02PBNLIFE2023,PVFC_LRC_EXP_ATTEXP,-401326.2197598175
NI02PBNLIFE2023,PVFC_LIC_UNWIND,0.0
NI02PBNLIFE2023,PVFC_LIC_EXP_CLAIM_CF_CY,0.0
NI02PBNLIFE2023,PVFC_LIC_EXP_ATTEXP_CY,0.0
NI02PBNLIFE2023,PVFC_LIC_EXP_CLAIM_CF_PY,0.0
NI02PBNLIFE2023,PVFC_LIC_EXP_ATTEXP_PY,0.0
NI02PBNLIFE2023,RA_LRC_OP,-71279.403334107
NI02PBNLIFE2023,RA_LRC_NB_POS,0.0
NI02PBNLIFE2023,RA_LRC_UNWIND,7884.0
NI02PBNLIFE2023,RA_LRC_RELEASE,-46.23058350334158
NI02PBNLIFE2023,RA_LRC_DEREC,0.0
NI02PBNLIFE2023,RA_LRC_TASSCHG,20142.0
NI02PBNLIFE2023,RA_LRC_FASSCHG,45153.0
NI02PBNLIFE2023,RA_LRC_CLO,1852.9522448569583
NI02PBNLIFE2023,RA_LIC_OP,0.0
NI02PBNLIFE2023,RA_LIC_UNWIND,0.0
NI02PBNLIFE2023,RA_LIC_INCLAIM,0.0
NI02PBNLIFE2023,RA_LIC_RELEASE_PY,0.0
NI02PBNLIFE2023,RA_LIC_DEREC,0.0
NI02PBNLIFE2023,RA_LIC_TASSCHG_PY,0.0
NI02PBNLIFE2023,RA_LIC_FASSCHG_PY,0.0
NI02PBNLIFE2023,RA_LIC_CLO,0.0
NI02PBNLIFE2023,ACQ_CF_LRC_UNWIND,0.0
NI02PBNLIFE2023,ACQ_CF_LRC_EXP_ACQ_CF,0.0
NI02PBNLIFE2023,CROSS_SUB_OP,0.0
NI02PBNLIFE2023,CROSS_SUB_EXP,0.0
NI02PBNLIFE2023,CROSS_SUB_NB,0.0
NI02PBNLIFE2023,CROSS_SUB_IF_NB_TECH,0.0
NI02PBNLIFE2023,CROSS_SUB_TASSCHG,0.0
NI02PBNLIFE2023,CROSS_SUB_FASSCHG,0.0
NI02PBNLIFE2023,CROSS_SUB_CLO,0.0
NI02PBNLIFE2023,CROSS_SUB_IF_NB_FIN,0.0
NI02PBNLIFE2023,RA_LIC_RELEASE_CY,0.0
NI02PBNLIFE2023,PVFC_LRC_EXP_PREM_CURR_CF,0.0
NI02PBNLIFE2023,PVFC_LRC_EXP_ACQ_CURR_CF,0.0
NI02PBNLIFE2023,RA_LIC_FEXPVAR_CY,0.0
NI02OBNLIFE2024,PVFC_LRC_UNWIND,0.0
NI02OBNLIFE2024,PVFC_LRC_EXP_PREM_FUT_CF,12870078.189558543
NI02OBNLIFE2024,PVFC_LRC_EXP_ACQ_FUT_CF,-888372.2642251421
NI02OBNLIFE2024,PVFC_LRC_EXP_INCLAIM,-212907.37819480663
NI02OBNLIFE2024,PVFC_LRC_EXP_IC_PAYBL,0.0
NI02OBNLIFE2024,PVFC_LRC_EXP_ATTEXP,-974832.4464172313
NI02OBNLIFE2024,PVFC_LIC_UNWIND,0.0
NI02OBNLIFE2024,PVFC_LIC_EXP_CLAIM_CF_CY,0.0
NI02OBNLIFE2024,PVFC_LIC_EXP_ATTEXP_CY,0.0
NI02OBNLIFE2024,PVFC_LIC_EXP_CLAIM_CF_PY,0.0
NI02OBNLIFE2024,PVFC_LIC_EXP_ATTEXP_PY,0.0
NI02OBNLIFE2024,RA_LRC_OP,0.0
NI02OBNLIFE2024,RA_LRC_NB_POS,951.3995612878027
NI02OBNLIFE2024,RA_LRC_UNWIND,25.821412034118907
NI02OBNLIFE2024,RA_LRC_RELEASE,-50.315360241459516
NI02OBNLIFE2024,RA_LRC_DEREC,0.0
NI02OBNLIFE2024,RA_LRC_TASSCHG,11.338849967789997
NI02OBNLIFE2024,RA_LRC_FASSCHG,-55.73206781652141
NI02OBNLIFE2024,RA_LRC_CLO,882.5123952317307
NI02OBNLIFE2024,RA_LIC_OP,0.0
NI02OBNLIFE2024,RA_LIC_UNWIND,0.0
NI02OBNLIFE2024,RA_LIC_INCLAIM,0.0
NI02OBNLIFE2024,RA_LIC_RELEASE_PY,0.0
NI02OBNLIFE2024,RA_LIC_DEREC,0.0
NI02OBNLIFE2024,RA_LIC_TASSCHG_PY,0.0
NI02OBNLIFE2024,RA_LIC_FASSCHG_PY,0.0
NI02OBNLIFE2024,RA_LIC_CLO,0.0
NI02OBNLIFE2024,ACQ_CF_LRC_UNWIND,0.0
NI02OBNLIFE2024,ACQ_CF_LRC_EXP_ACQ_CF,0.0
NI02OBNLIFE2024,CROSS_SUB_OP,0.0
NI02OBNLIFE2024,CROSS_SUB_EXP,0.0
NI02OBNLIFE2024,CROSS_SUB_NB,0.0
NI02OBNLIFE2024,CROSS_SUB_IF_NB_TECH,0.0
NI02OBNLIFE2024,CROSS_SUB_TASSCHG,0.0
NI02OBNLIFE2024,CROSS_SUB_FASSCHG,0.0
NI02OBNLIFE2024,CROSS_SUB_CLO,0.0
NI02OBNLIFE2024,CROSS_SUB_IF_NB_FIN,0.0
NI02OBNLIFE2024,RA_LIC_RELEASE_CY,0.0
NI02OBNLIFE2024,PVFC_LRC_EXP_PREM_CURR_CF,0.0
NI02OBNLIFE2024,PVFC_LRC_EXP_ACQ_CURR_CF,0.0
NI02OBNLIFE2024,RA_LIC_FEXPVAR_CY,0.0
NI02PCTLIFE2021,PVFC_LRC_UNWIND,0.0
NI02PCTLIFE2021,PVFC_LRC_EXP_PREM_FUT_CF,295793.59593909595
NI02PCTLIFE2021,PVFC_LRC_EXP_ACQ_FUT_CF,-29579.359593909594
NI02PCTLIFE2021,PVFC_LRC_EXP_INCLAIM,-210701.8751232327
NI02PCTLIFE2021,PVFC_LRC_EXP_IC_PAYBL,-147896.79796954797
NI02PCTLIFE2021,PVFC_LRC_EXP_ATTEXP,-16809.60903207993
NI02PCTLIFE2021,PVFC_LIC_UNWIND,0.0
NI02PCTLIFE2021,PVFC_LIC_EXP_CLAIM_CF_CY,0.0
NI02PCTLIFE2021,PVFC_LIC_EXP_ATTEXP_CY,0.0
NI02PCTLIFE2021,PVFC_LIC_EXP_CLAIM_CF_PY,0.0
NI02PCTLIFE2021,PVFC_LIC_EXP_ATTEXP_PY,0.0
NI02PCTLIFE2021,RA_LRC_OP,38239.159901184
NI02PCTLIFE2021,RA_LRC_NB_POS,0.0
NI02PCTLIFE2021,RA_LRC_UNWIND,6085.0
NI02PCTLIFE2021,RA_LRC_RELEASE,-2194.352065547792
NI02PCTLIFE2021,RA_LRC_DEREC,0.0
NI02PCTLIFE2021,RA_LRC_TASSCHG,1240.0
NI02PCTLIFE2021,RA_LRC_FASSCHG,8439.0
NI02PCTLIFE2021,RA_LRC_CLO,51809.09597441501
NI02PCTLIFE2021,RA_LIC_OP,0.0
NI02PCTLIFE2021,RA_LIC_UNWIND,0.0
NI02PCTLIFE2021,RA_LIC_INCLAIM,0.0
NI02PCTLIFE2021,RA_LIC_RELEASE_PY,0.0
NI02PCTLIFE2021,RA_LIC_DEREC,0.0
NI02PCTLIFE2021,RA_LIC_TASSCHG_PY,0.0
NI02PCTLIFE2021,RA_LIC_FASSCHG_PY,0.0
NI02PCTLIFE2021,RA_LIC_CLO,0.0
NI02PCTLIFE2021,ACQ_CF_LRC_UNWIND,0.0
NI02PCTLIFE2021,ACQ_CF_LRC_EXP_ACQ_CF,0.0
NI02PCTLIFE2021,CROSS_SUB_OP,0.0
NI02PCTLIFE2021,CROSS_SUB_EXP,0.0
NI02PCTLIFE2021,CROSS_SUB_NB,0.0
NI02PCTLIFE2021,CROSS_SUB_IF_NB_TECH,0.0
NI02PCTLIFE2021,CROSS_SUB_TASSCHG,0.0
NI02PCTLIFE2021,CROSS_SUB_FASSCHG,0.0
NI02PCTLIFE2021,CROSS_SUB_CLO,0.0
NI02PCTLIFE2021,CROSS_SUB_IF_NB_FIN,0.0
NI02PCTLIFE2021,RA_LIC_RELEASE_CY,0.0
NI02PCTLIFE2021,PVFC_LRC_EXP_PREM_CURR_CF,0.0
NI02PCTLIFE2021,PVFC_LRC_EXP_ACQ_CURR_CF,0.0
NI02PCTLIFE2021,RA_LIC_FEXPVAR_CY,0.0
NI02PCTLIFE2022,PVFC_LRC_UNWIND,0.0
NI02PCTLIFE2022,PVFC_LRC_EXP_PREM_FUT_CF,0.0
NI02PCTLIFE2022,PVFC_LRC_EXP_ACQ_FUT_CF,0.0
NI02PCTLIFE2022,PVFC_LRC_EXP_INCLAIM,-16201.736528868409
NI02PCTLIFE2022,PVFC_LRC_EXP_IC_PAYBL,0.0
NI02PCTLIFE2022,PVFC_LRC_EXP_ATTEXP,-6894.698551065476
NI02PCTLIFE2022,PVFC_LIC_UNWIND,0.0
NI02PCTLIFE2022,PVFC_LIC_EXP_CLAIM_CF_CY,0.0
NI02PCTLIFE2022,PVFC_LIC_EXP_ATTEXP_CY,0.0
NI02PCTLIFE2022,PVFC_LIC_EXP_CLAIM_CF_PY,0.0
NI02PCTLIFE2022,PVFC_LIC_EXP_ATTEXP_PY,0.0
NI02PCTLIFE2022,RA_LRC_OP,760.91519038001
NI02PCTLIFE2022,RA_LRC_NB_POS,0.0
NI02PCTLIFE2022,RA_LRC_UNWIND,214.0
NI02PCTLIFE2022,RA_LRC_RELEASE,-222.765502201397
NI02PCTLIFE2022,RA_LRC_DEREC,0.0
NI02PCTLIFE2022,RA_LRC_TASSCHG,338.0
NI02PCTLIFE2022,RA_LRC_FASSCHG,126.0
NI02PCTLIFE2022,RA_LRC_CLO,1215.756990095202
NI02PCTLIFE2022,RA_LIC_OP,0.0
NI02PCTLIFE2022,RA_LIC_UNWIND,0.0
NI02PCTLIFE2022,RA_LIC_INCLAIM,0.0
NI02PCTLIFE2022,RA_LIC_RELEASE_PY,0.0
NI02PCTLIFE2022,RA_LIC_DEREC,0.0
NI02PCTLIFE2022,RA_LIC_TASSCHG_PY,0.0
NI02PCTLIFE2022,RA_LIC_FASSCHG_PY,0.0
NI02PCTLIFE2022,RA_LIC_CLO,0.0
NI02PCTLIFE2022,ACQ_CF_LRC_UNWIND,0.0
NI02PCTLIFE2022,ACQ_CF_LRC_EXP_ACQ_CF,0.0
NI02PCTLIFE2022,CROSS_SUB_OP,0.0
NI02PCTLIFE2022,CROSS_SUB_EXP,0.0
NI02PCTLIFE2022,CROSS_SUB_NB,0.0
NI02PCTLIFE2022,CROSS_SUB_IF_NB_TECH,0.0
NI02PCTLIFE2022,CROSS_SUB_TASSCHG,0.0
NI02PCTLIFE2022,CROSS_SUB_FASSCHG,0.0
NI02PCTLIFE2022,CROSS_SUB_CLO,0.0
NI02PCTLIFE2022,CROSS_SUB_IF_NB_FIN,0.0
NI02PCTLIFE2022,RA_LIC_RELEASE_CY,0.0
NI02PCTLIFE2022,PVFC_LRC_EXP_PREM_CURR_CF,0.0
NI02PCTLIFE2022,PVFC_LRC_EXP_ACQ_CURR_CF,0.0
NI02PCTLIFE2022,RA_LIC_FEXPVAR_CY,0.0
NI02OCRLIFE2021,PVFC_LRC_UNWIND,0.0
NI02OCRLIFE2021,PVFC_LRC_EXP_PREM_FUT_CF,0.0
NI02OCRLIFE2021,PVFC_LRC_EXP_ACQ_FUT_CF,0.0
NI02OCRLIFE2021,PVFC_LRC_EXP_INCLAIM,-17390280.745586947
NI02OCRLIFE2021,PVFC_LRC_EXP_IC_PAYBL,0.0
NI02OCRLIFE2021,PVFC_LRC_EXP_ATTEXP,-2816733.4325789656
NI02OCRLIFE2021,PVFC_LIC_UNWIND,0.0
NI02OCRLIFE2021,PVFC_LIC_EXP_CLAIM_CF_CY,0.0
NI02OCRLIFE2021,PVFC_LIC_EXP_ATTEXP_CY,0.0
NI02OCRLIFE2021,PVFC_LIC_EXP_CLAIM_CF_PY,0.0
NI02OCRLIFE2021,PVFC_LIC_EXP_ATTEXP_PY,0.0
NI02OCRLIFE2021,RA_LRC_OP,3284141.1789603
NI02OCRLIFE2021,RA_LRC_NB_POS,0.0
NI02OCRLIFE2021,RA_LRC_UNWIND,9877.0
NI02OCRLIFE2021,RA_LRC_RELEASE,-1011254.8896546632
NI02OCRLIFE2021,RA_LRC_DEREC,0.0
NI02OCRLIFE2021,RA_LRC_TASSCHG,-5874.753363179043
NI02OCRLIFE2021,RA_LRC_FASSCHG,-109442.39997519366
NI02OCRLIFE2021,RA_LRC_CLO,2167445.7569853617
NI02OCRLIFE2021,RA_LIC_OP,0.0
NI02OCRLIFE2021,RA_LIC_UNWIND,0.0
NI02OCRLIFE2021,RA_LIC_INCLAIM,0.0
NI02OCRLIFE2021,RA_LIC_RELEASE_PY,0.0
NI02OCRLIFE2021,RA_LIC_DEREC,0.0
NI02OCRLIFE2021,RA_LIC_TASSCHG_PY,0.0
NI02OCRLIFE2021,RA_LIC_FASSCHG_PY,0.0
NI02OCRLIFE2021,RA_LIC_CLO,0.0
NI02OCRLIFE2021,ACQ_CF_LRC_UNWIND,0.0
NI02OCRLIFE2021,ACQ_CF_LRC_EXP_ACQ_CF,0.0
NI02OCRLIFE2021,CROSS_SUB_OP,0.0
NI02OCRLIFE2021,CROSS_SUB_EXP,0.0
NI02OCRLIFE2021,CROSS_SUB_NB,0.0
NI02OCRLIFE2021,CROSS_SUB_IF_NB_TECH,0.0
NI02OCRLIFE2021,CROSS_SUB_TASSCHG,0.0
NI02OCRLIFE2021,CROSS_SUB_FASSCHG,0.0
NI02OCRLIFE2021,CROSS_SUB_CLO,0.0
NI02OCRLIFE2021,CROSS_SUB_IF_NB_FIN,0.0
NI02OCRLIFE2021,RA_LIC_RELEASE_CY,0.0
NI02OCRLIFE2021,PVFC_LRC_EXP_PREM_CURR_CF,0.0
NI02OCRLIFE2021,PVFC_LRC_EXP_ACQ_CURR_CF,0.0
NI02OCRLIFE2021,RA_LIC_FEXPVAR_CY,0.0
NI02OCRLIFE2022,PVFC_LRC_UNWIND,0.0
NI02OCRLIFE2022,PVFC_LRC_EXP_PREM_FUT_CF,0.0
NI02OCRLIFE2022,PVFC_LRC_EXP_ACQ_FUT_CF,0.0
NI02OCRLIFE2022,PVFC_LRC_EXP_INCLAIM,-185748.59321661398
NI02OCRLIFE2022,PVFC_LRC_EXP_IC_PAYBL,0.0
NI02OCRLIFE2022,PVFC_LRC_EXP_ATTEXP,-139693.1809900478
NI02OCRLIFE2022,PVFC_LIC_UNWIND,0.0
NI02OCRLIFE2022,PVFC_LIC_EXP_CLAIM_CF_CY,0.0
NI02OCRLIFE2022,PVFC_LIC_EXP_ATTEXP_CY,0.0
NI02OCRLIFE2022,PVFC_LIC_EXP_CLAIM_CF_PY,0.0
NI02OCRLIFE2022,PVFC_LIC_EXP_ATTEXP_PY,0.0
NI02OCRLIFE2022,RA_LRC_OP,-630846.04535232
NI02OCRLIFE2022,RA_LRC_NB_POS,0.0
NI02OCRLIFE2022,RA_LRC_UNWIND,240446.0
NI02OCRLIFE2022,RA_LRC_RELEASE,-16286.32734256706
NI02OCRLIFE2022,RA_LRC_DEREC,0.0
NI02OCRLIFE2022,RA_LRC_TASSCHG,501063.99431874754
NI02OCRLIFE2022,RA_LRC_FASSCHG,420345.0
NI02OCRLIFE2022,RA_LRC_CLO,514723.36428457405
NI02OCRLIFE2022,RA_LIC_OP,0.0
NI02OCRLIFE2022,RA_LIC_UNWIND,0.0
NI02OCRLIFE2022,RA_LIC_INCLAIM,0.0
NI02OCRLIFE2022,RA_LIC_RELEASE_PY,0.0
NI02OCRLIFE2022,RA_LIC_DEREC,0.0
NI02OCRLIFE2022,RA_LIC_TASSCHG_PY,0.0
NI02OCRLIFE2022,RA_LIC_FASSCHG_PY,0.0
NI02OCRLIFE2022,RA_LIC_CLO,0.0
NI02OCRLIFE2022,ACQ_CF_LRC_UNWIND,0.0
NI02OCRLIFE2022,ACQ_CF_LRC_EXP_ACQ_CF,0.0
NI02OCRLIFE2022,CROSS_SUB_OP,0.0
NI02OCRLIFE2022,CROSS_SUB_EXP,0.0
NI02OCRLIFE2022,CROSS_SUB_NB,0.0
NI02OCRLIFE2022,CROSS_SUB_IF_NB_TECH,0.0
NI02OCRLIFE2022,CROSS_SUB_TASSCHG,0.0
NI02OCRLIFE2022,CROSS_SUB_FASSCHG,0.0
NI02OCRLIFE2022,CROSS_SUB_CLO,0.0
NI02OCRLIFE2022,CROSS_SUB_IF_NB_FIN,0.0
NI02OCRLIFE2022,RA_LIC_RELEASE_CY,0.0
NI02OCRLIFE2022,PVFC_LRC_EXP_PREM_CURR_CF,0.0
NI02OCRLIFE2022,PVFC_LRC_EXP_ACQ_CURR_CF,0.0
NI02OCRLIFE2022,RA_LIC_FEXPVAR_CY,0.0
NI02PCRLIFE2023,PVFC_LRC_UNWIND,0.0
NI02PCRLIFE2023,PVFC_LRC_EXP_PREM_FUT_CF,5385355.714273342
NI02PCRLIFE2023,PVFC_LRC_EXP_ACQ_FUT_CF,-761215.4359837319
NI02PCRLIFE2023,PVFC_LRC_EXP_INCLAIM,-3080307.2747830013
NI02PCRLIFE2023,PVFC_LRC_EXP_IC_PAYBL,0.0
NI02PCRLIFE2023,PVFC_LRC_EXP_ATTEXP,-326116.3836596701
NI02PCRLIFE2023,PVFC_LIC_UNWIND,0.0
NI02PCRLIFE2023,PVFC_LIC_EXP_CLAIM_CF_CY,0.0
NI02PCRLIFE2023,PVFC_LIC_EXP_ATTEXP_CY,0.0
NI02PCRLIFE2023,PVFC_LIC_EXP_CLAIM_CF_PY,0.0
NI02PCRLIFE2023,PVFC_LIC_EXP_ATTEXP_PY,0.0
NI02PCRLIFE2023,RA_LRC_OP,-14103.7554879225
NI02PCRLIFE2023,RA_LRC_NB_POS,0.0
NI02PCRLIFE2023,RA_LRC_UNWIND,349.5914263136219
NI02PCRLIFE2023,RA_LRC_RELEASE,-170470.21976236068
NI02PCRLIFE2023,RA_LRC_DEREC,0.0
NI02PCRLIFE2023,RA_LRC_TASSCHG,3739226.7390379147
NI02PCRLIFE2023,RA_LRC_FASSCHG,337318.8566161489
NI02PCRLIFE2023,RA_LRC_CLO,3892320.7122851955
NI02PCRLIFE2023,RA_LIC_OP,0.0
NI02PCRLIFE2023,RA_LIC_UNWIND,0.0
NI02PCRLIFE2023,RA_LIC_INCLAIM,0.0
NI02PCRLIFE2023,RA_LIC_RELEASE_PY,0.0
NI02PCRLIFE2023,RA_LIC_DEREC,0.0
NI02PCRLIFE2023,RA_LIC_TASSCHG_PY,0.0
NI02PCRLIFE2023,RA_LIC_FASSCHG_PY,0.0
NI02PCRLIFE2023,RA_LIC_CLO,0.0
NI02PCRLIFE2023,ACQ_CF_LRC_UNWIND,0.0
NI02PCRLIFE2023,ACQ_CF_LRC_EXP_ACQ_CF,0.0
NI02PCRLIFE2023,CROSS_SUB_OP,0.0
NI02PCRLIFE2023,CROSS_SUB_EXP,0.0
NI02PCRLIFE2023,CROSS_SUB_NB,0.0
NI02PCRLIFE2023,CROSS_SUB_IF_NB_TECH,0.0
NI02PCRLIFE2023,CROSS_SUB_TASSCHG,0.0
NI02PCRLIFE2023,CROSS_SUB_FASSCHG,0.0
NI02PCRLIFE2023,CROSS_SUB_CLO,0.0
NI02PCRLIFE2023,CROSS_SUB_IF_NB_FIN,0.0
NI02PCRLIFE2023,RA_LIC_RELEASE_CY,0.0
NI02PCRLIFE2023,PVFC_LRC_EXP_PREM_CURR_CF,0.0
NI02PCRLIFE2023,PVFC_LRC_EXP_ACQ_CURR_CF,0.0
NI02PCRLIFE2023,RA_LIC_FEXPVAR_CY,0.0
NI02OCRLIFE2024,PVFC_LRC_UNWIND,0.0
NI02OCRLIFE2024,PVFC_LRC_EXP_PREM_FUT_CF,53575111.724476136
NI02OCRLIFE2024,PVFC_LRC_EXP_ACQ_FUT_CF,5357771.974524527
NI02OCRLIFE2024,PVFC_LRC_EXP_INCLAIM,19685317.57336669
NI02OCRLIFE2024,PVFC_LRC_EXP_IC_PAYBL,0.0
NI02OCRLIFE2024,PVFC_LRC_EXP_ATTEXP,15842650.293184455
NI02OCRLIFE2024,PVFC_LIC_UNWIND,0.0
NI02OCRLIFE2024,PVFC_LIC_EXP_CLAIM_CF_CY,0.0
NI02OCRLIFE2024,PVFC_LIC_EXP_ATTEXP_CY,0.0
NI02OCRLIFE2024,PVFC_LIC_EXP_CLAIM_CF_PY,0.0
NI02OCRLIFE2024,PVFC_LIC_EXP_ATTEXP_PY,0.0
NI02OCRLIFE2024,RA_LRC_OP,0.0
NI02OCRLIFE2024,RA_LRC_NB_POS,3499772.8109254143
NI02OCRLIFE2024,RA_LRC_UNWIND,78110.91949580004
NI02OCRLIFE2024,RA_LRC_RELEASE,-1777952.8024678873
NI02OCRLIFE2024,RA_LRC_DEREC,0.0
NI02OCRLIFE2024,RA_LRC_TASSCHG,74825.12422165065
NI02OCRLIFE2024,RA_LRC_FASSCHG,-68065.27377303061
NI02OCRLIFE2024,RA_LRC_CLO,1806690.778401947
NI02OCRLIFE2024,RA_LIC_OP,0.0
NI02OCRLIFE2024,RA_LIC_UNWIND,0.0
NI02OCRLIFE2024,RA_LIC_INCLAIM,0.0
NI02OCRLIFE2024,RA_LIC_RELEASE_PY,0.0
NI02OCRLIFE2024,RA_LIC_DEREC,0.0
NI02OCRLIFE2024,RA_LIC_TASSCHG_PY,0.0
NI02OCRLIFE2024,RA_LIC_FASSCHG_PY,0.0
NI02OCRLIFE2024,RA_LIC_CLO,0.0
NI02OCRLIFE2024,ACQ_CF_LRC_UNWIND,0.0
NI02OCRLIFE2024,ACQ_CF_LRC_EXP_ACQ_CF,0.0
NI02OCRLIFE2024,CROSS_SUB_OP,0.0
NI02OCRLIFE2024,CROSS_SUB_EXP,0.0
NI02OCRLIFE2024,CROSS_SUB_NB,0.0
NI02OCRLIFE2024,CROSS_SUB_IF_NB_TECH,0.0
NI02OCRLIFE2024,CROSS_SUB_TASSCHG,0.0
NI02OCRLIFE2024,CROSS_SUB_FASSCHG,0.0
NI02OCRLIFE2024,CROSS_SUB_CLO,0.0
NI02OCRLIFE2024,CROSS_SUB_IF_NB_FIN,0.0
NI02OCRLIFE2024,RA_LIC_RELEASE_CY,0.0
NI02OCRLIFE2024,PVFC_LRC_EXP_PREM_CURR_CF,0.0
NI02OCRLIFE2024,PVFC_LRC_EXP_ACQ_CURR_CF,0.0
NI02OCRLIFE2024,RA_LIC_FEXPVAR_CY,0.0
NI02OEDPLAN2021,PVFC_LRC_UNWIND,0.0
NI02OEDPLAN2021,PVFC_LRC_EXP_PREM_FUT_CF,3988380.344225716
NI02OEDPLAN2021,PVFC_LRC_EXP_ACQ_FUT_CF,-398838.0344225716
NI02OEDPLAN2021,PVFC_LRC_EXP_INCLAIM,-1209732.205677115
NI02OEDPLAN2021,PVFC_LRC_EXP_IC_PAYBL,0.0
NI02OEDPLAN2021,PVFC_LRC_EXP_ATTEXP,-50659.752081675775
NI02OEDPLAN2021,PVFC_LIC_UNWIND,0.0
NI02OEDPLAN2021,PVFC_LIC_EXP_CLAIM_CF_CY,0.0
NI02OEDPLAN2021,PVFC_LIC_EXP_ATTEXP_CY,0.0
NI02OEDPLAN2021,PVFC_LIC_EXP_CLAIM_CF_PY,0.0
NI02OEDPLAN2021,PVFC_LIC_EXP_ATTEXP_PY,0.0
NI02OEDPLAN2021,RA_LRC_OP,2117951.18488589
NI02OEDPLAN2021,RA_LRC_NB_POS,0.0
NI02OEDPLAN2021,RA_LRC_UNWIND,-64822.560046873055
NI02OEDPLAN2021,RA_LRC_RELEASE,-86473.48289109595
NI02OEDPLAN2021,RA_LRC_DEREC,0.0
NI02OEDPLAN2021,RA_LRC_TASSCHG,124351.44698042958
NI02OEDPLAN2021,RA_LRC_FASSCHG,-300500.89602122153
NI02OEDPLAN2021,RA_LRC_CLO,1790505.9236805106
NI02OEDPLAN2021,RA_LIC_OP,0.0
NI02OEDPLAN2021,RA_LIC_UNWIND,0.0
NI02OEDPLAN2021,RA_LIC_INCLAIM,0.0
NI02OEDPLAN2021,RA_LIC_RELEASE_PY,0.0
NI02OEDPLAN2021,RA_LIC_DEREC,0.0
NI02OEDPLAN2021,RA_LIC_TASSCHG_PY,0.0
NI02OEDPLAN2021,RA_LIC_FASSCHG_PY,0.0
NI02OEDPLAN2021,RA_LIC_CLO,0.0
NI02OEDPLAN2021,ACQ_CF_LRC_UNWIND,0.0
NI02OEDPLAN2021,ACQ_CF_LRC_EXP_ACQ_CF,0.0
NI02OEDPLAN2021,CROSS_SUB_OP,0.0
NI02OEDPLAN2021,CROSS_SUB_EXP,0.0
NI02OEDPLAN2021,CROSS_SUB_NB,0.0
NI02OEDPLAN2021,CROSS_SUB_IF_NB_TECH,0.0
NI02OEDPLAN2021,CROSS_SUB_TASSCHG,0.0
NI02OEDPLAN2021,CROSS_SUB_FASSCHG,0.0
NI02OEDPLAN2021,CROSS_SUB_CLO,0.0
NI02OEDPLAN2021,CROSS_SUB_IF_NB_FIN,0.0
NI02OEDPLAN2021,RA_LIC_RELEASE_CY,0.0
NI02OEDPLAN2021,PVFC_LRC_EXP_PREM_CURR_CF,0.0
NI02OEDPLAN2021,PVFC_LRC_EXP_ACQ_CURR_CF,0.0
NI02OEDPLAN2021,RA_LIC_FEXPVAR_CY,0.0
NI02PEDPLAN2022,PVFC_LRC_UNWIND,0.0
NI02PEDPLAN2022,PVFC_LRC_EXP_PREM_FUT_CF,0.0
NI02PEDPLAN2022,PVFC_LRC_EXP_ACQ_FUT_CF,0.0
NI02PEDPLAN2022,PVFC_LRC_EXP_INCLAIM,0.0
NI02PEDPLAN2022,PVFC_LRC_EXP_IC_PAYBL,0.0
NI02PEDPLAN2022,PVFC_LRC_EXP_ATTEXP,0.0
NI02PEDPLAN2022,PVFC_LIC_UNWIND,0.0
NI02PEDPLAN2022,PVFC_LIC_EXP_CLAIM_CF_CY,0.0
NI02PEDPLAN2022,PVFC_LIC_EXP_ATTEXP_CY,0.0
NI02PEDPLAN2022,PVFC_LIC_EXP_CLAIM_CF_PY,0.0
NI02PEDPLAN2022,PVFC_LIC_EXP_ATTEXP_PY,0.0
NI02PEDPLAN2022,RA_LRC_OP,-4218.9927201462
NI02PEDPLAN2022,RA_LRC_NB_POS,0.0
NI02PEDPLAN2022,RA_LRC_UNWIND,0.0
NI02PEDPLAN2022,RA_LRC_RELEASE,0.0
NI02PEDPLAN2022,RA_LRC_DEREC,0.0
NI02PEDPLAN2022,RA_LRC_TASSCHG,4218.9927201462
NI02PEDPLAN2022,RA_LRC_FASSCHG,0.0
NI02PEDPLAN2022,RA_LRC_CLO,0.0
NI02PEDPLAN2022,RA_LIC_OP,0.0
NI02PEDPLAN2022,RA_LIC_UNWIND,0.0
NI02PEDPLAN2022,RA_LIC_INCLAIM,0.0
NI02PEDPLAN2022,RA_LIC_RELEASE_PY,0.0
NI02PEDPLAN2022,RA_LIC_DEREC,0.0
NI02PEDPLAN2022,RA_LIC_TASSCHG_PY,0.0
NI02PEDPLAN2022,RA_LIC_FASSCHG_PY,0.0
NI02PEDPLAN2022,RA_LIC_CLO,0.0
NI02PEDPLAN2022,ACQ_CF_LRC_UNWIND,0.0
NI02PEDPLAN2022,ACQ_CF_LRC_EXP_ACQ_CF,0.0
NI02PEDPLAN2022,CROSS_SUB_OP,0.0
NI02PEDPLAN2022,CROSS_SUB_EXP,0.0
NI02PEDPLAN2022,CROSS_SUB_NB,0.0
NI02PEDPLAN2022,CROSS_SUB_IF_NB_TECH,0.0
NI02PEDPLAN2022,CROSS_SUB_TASSCHG,0.0
NI02PEDPLAN2022,CROSS_SUB_FASSCHG,0.0
NI02PEDPLAN2022,CROSS_SUB_CLO,0.0
NI02PEDPLAN2022,CROSS_SUB_IF_NB_FIN,0.0
NI02PEDPLAN2022,RA_LIC_RELEASE_CY,0.0
NI02PEDPLAN2022,PVFC_LRC_EXP_PREM_CURR_CF,0.0
NI02PEDPLAN2022,PVFC_LRC_EXP_ACQ_CURR_CF,0.0
NI02PEDPLAN2022,RA_LIC_FEXPVAR_CY,0.0
NI02OEDPLAN2022,PVFC_LRC_UNWIND,0.0
NI02OEDPLAN2022,PVFC_LRC_EXP_PREM_FUT_CF,0.0
NI02OEDPLAN2022,PVFC_LRC_EXP_ACQ_FUT_CF,0.0
NI02OEDPLAN2022,PVFC_LRC_EXP_INCLAIM,0.0
NI02OEDPLAN2022,PVFC_LRC_EXP_IC_PAYBL,0.0
NI02OEDPLAN2022,PVFC_LRC_EXP_ATTEXP,0.0
NI02OEDPLAN2022,PVFC_LIC_UNWIND,0.0
NI02OEDPLAN2022,PVFC_LIC_EXP_CLAIM_CF_CY,0.0
NI02OEDPLAN2022,PVFC_LIC_EXP_ATTEXP_CY,0.0
NI02OEDPLAN2022,PVFC_LIC_EXP_CLAIM_CF_PY,0.0
NI02OEDPLAN2022,PVFC_LIC_EXP_ATTEXP_PY,0.0
NI02OEDPLAN2022,RA_LRC_OP,-696180.712754499
NI02OEDPLAN2022,RA_LRC_NB_POS,0.0
NI02OEDPLAN2022,RA_LRC_UNWIND,0.0
NI02OEDPLAN2022,RA_LRC_RELEASE,0.0
NI02OEDPLAN2022,RA_LRC_DEREC,0.0
NI02OEDPLAN2022,RA_LRC_TASSCHG,696180.712754499
NI02OEDPLAN2022,RA_LRC_FASSCHG,0.0
NI02OEDPLAN2022,RA_LRC_CLO,0.0
NI02OEDPLAN2022,RA_LIC_OP,0.0
NI02OEDPLAN2022,RA_LIC_UNWIND,0.0
NI02OEDPLAN2022,RA_LIC_INCLAIM,0.0
NI02OEDPLAN2022,RA_LIC_RELEASE_PY,0.0
NI02OEDPLAN2022,RA_LIC_DEREC,0.0
NI02OEDPLAN2022,RA_LIC_TASSCHG_PY,0.0
NI02OEDPLAN2022,RA_LIC_FASSCHG_PY,0.0
NI02OEDPLAN2022,RA_LIC_CLO,0.0
NI02OEDPLAN2022,ACQ_CF_LRC_UNWIND,0.0
NI02OEDPLAN2022,ACQ_CF_LRC_EXP_ACQ_CF,0.0
NI02OEDPLAN2022,CROSS_SUB_OP,0.0
NI02OEDPLAN2022,CROSS_SUB_EXP,0.0
NI02OEDPLAN2022,CROSS_SUB_NB,0.0
NI02OEDPLAN2022,CROSS_SUB_IF_NB_TECH,0.0
NI02OEDPLAN2022,CROSS_SUB_TASSCHG,0.0
NI02OEDPLAN2022,CROSS_SUB_FASSCHG,0.0
NI02OEDPLAN2022,CROSS_SUB_CLO,0.0
NI02OEDPLAN2022,CROSS_SUB_IF_NB_FIN,0.0
NI02OEDPLAN2022,RA_LIC_RELEASE_CY,0.0
NI02OEDPLAN2022,PVFC_LRC_EXP_PREM_CURR_CF,0.0
NI02OEDPLAN2022,PVFC_LRC_EXP_ACQ_CURR_CF,0.0
NI02OEDPLAN2022,RA_LIC_FEXPVAR_CY,0.0
NI02OEDPLAN2023,PVFC_LRC_UNWIND,0.0
NI02OEDPLAN2023,PVFC_LRC_EXP_PREM_FUT_CF,0.0
NI02OEDPLAN2023,PVFC_LRC_EXP_ACQ_FUT_CF,0.0
NI02OEDPLAN2023,PVFC_LRC_EXP_INCLAIM,-29824576.58367926
NI02OEDPLAN2023,PVFC_LRC_EXP_IC_PAYBL,0.0
NI02OEDPLAN2023,PVFC_LRC_EXP_ATTEXP,-10694.111841850843
NI02OEDPLAN2023,PVFC_LIC_UNWIND,0.0
NI02OEDPLAN2023,PVFC_LIC_EXP_CLAIM_CF_CY,0.0
NI02OEDPLAN2023,PVFC_LIC_EXP_ATTEXP_CY,0.0
NI02OEDPLAN2023,PVFC_LIC_EXP_CLAIM_CF_PY,0.0
NI02OEDPLAN2023,PVFC_LIC_EXP_ATTEXP_PY,0.0
NI02OEDPLAN2023,RA_LRC_OP,5234939.61484806
NI02OEDPLAN2023,RA_LRC_NB_POS,0.0
NI02OEDPLAN2023,RA_LRC_UNWIND,19314.30340945907
NI02OEDPLAN2023,RA_LRC_RELEASE,-2046950.3587027048
NI02OEDPLAN2023,RA_LRC_DEREC,0.0
NI02OEDPLAN2023,RA_LRC_TASSCHG,501787.0
NI02OEDPLAN2023,RA_LRC_FASSCHG,380119.99
NI02OEDPLAN2023,RA_LRC_CLO,4089210.6838442823
NI02OEDPLAN2023,RA_LIC_OP,0.0
NI02OEDPLAN2023,RA_LIC_UNWIND,0.0
NI02OEDPLAN2023,RA_LIC_INCLAIM,0.0
NI02OEDPLAN2023,RA_LIC_RELEASE_PY,0.0
NI02OEDPLAN2023,RA_LIC_DEREC,0.0
NI02OEDPLAN2023,RA_LIC_TASSCHG_PY,0.0
NI02OEDPLAN2023,RA_LIC_FASSCHG_PY,0.0
NI02OEDPLAN2023,RA_LIC_CLO,0.0
NI02OEDPLAN2023,ACQ_CF_LRC_UNWIND,0.0
NI02OEDPLAN2023,ACQ_CF_LRC_EXP_ACQ_CF,0.0
NI02OEDPLAN2023,CROSS_SUB_OP,0.0
NI02OEDPLAN2023,CROSS_SUB_EXP,0.0
NI02OEDPLAN2023,CROSS_SUB_NB,0.0
NI02OEDPLAN2023,CROSS_SUB_IF_NB_TECH,0.0
NI02OEDPLAN2023,CROSS_SUB_TASSCHG,0.0
NI02OEDPLAN2023,CROSS_SUB_FASSCHG,0.0
NI02OEDPLAN2023,CROSS_SUB_CLO,0.0
NI02OEDPLAN2023,CROSS_SUB_IF_NB_FIN,0.0
NI02OEDPLAN2023,RA_LIC_RELEASE_CY,0.0
NI02OEDPLAN2023,PVFC_LRC_EXP_PREM_CURR_CF,0.0
NI02OEDPLAN2023,PVFC_LRC_EXP_ACQ_CURR_CF,0.0
NI02OEDPLAN2023,RA_LIC_FEXPVAR_CY,0.0
NI02OEDPLAN2024,PVFC_LRC_UNWIND,0.0
NI02OEDPLAN2024,PVFC_LRC_EXP_PREM_FUT_CF,2622500.0
NI02OEDPLAN2024,PVFC_LRC_EXP_ACQ_FUT_CF,-262250.0
NI02OEDPLAN2024,PVFC_LRC_EXP_INCLAIM,-326035.5631595078
NI02OEDPLAN2024,PVFC_LRC_EXP_IC_PAYBL,0.0
NI02OEDPLAN2024,PVFC_LRC_EXP_ATTEXP,-1064753.9863374906
NI02OEDPLAN2024,PVFC_LIC_UNWIND,0.0
NI02OEDPLAN2024,PVFC_LIC_EXP_CLAIM_CF_CY,0.0
NI02OEDPLAN2024,PVFC_LIC_EXP_ATTEXP_CY,0.0
NI02OEDPLAN2024,PVFC_LIC_EXP_CLAIM_CF_PY,0.0
NI02OEDPLAN2024,PVFC_LIC_EXP_ATTEXP_PY,0.0
NI02OEDPLAN2024,RA_LRC_OP,0.0
NI02OEDPLAN2024,RA_LRC_NB_POS,192964.70185079006
NI02OEDPLAN2024,RA_LRC_UNWIND,4559.319895705499
NI02OEDPLAN2024,RA_LRC_RELEASE,-95419.85377897808
NI02OEDPLAN2024,RA_LRC_DEREC,0.0
NI02OEDPLAN2024,RA_LRC_TASSCHG,1845.0941783798044
NI02OEDPLAN2024,RA_LRC_FASSCHG,-4580.523260400514
NI02OEDPLAN2024,RA_LRC_CLO,99368.73888549677
NI02OEDPLAN2024,RA_LIC_OP,0.0
NI02OEDPLAN2024,RA_LIC_UNWIND,0.0
NI02OEDPLAN2024,RA_LIC_INCLAIM,0.0
NI02OEDPLAN2024,RA_LIC_RELEASE_PY,0.0
NI02OEDPLAN2024,RA_LIC_DEREC,0.0
NI02OEDPLAN2024,RA_LIC_TASSCHG_PY,0.0
NI02OEDPLAN2024,RA_LIC_FASSCHG_PY,0.0
NI02OEDPLAN2024,RA_LIC_CLO,0.0
NI02OEDPLAN2024,ACQ_CF_LRC_UNWIND,0.0
NI02OEDPLAN2024,ACQ_CF_LRC_EXP_ACQ_CF,0.0
NI02OEDPLAN2024,CROSS_SUB_OP,0.0
NI02OEDPLAN2024,CROSS_SUB_EXP,0.0
NI02OEDPLAN2024,CROSS_SUB_NB,0.0
NI02OEDPLAN2024,CROSS_SUB_IF_NB_TECH,0.0
NI02OEDPLAN2024,CROSS_SUB_TASSCHG,0.0
NI02OEDPLAN2024,CROSS_SUB_FASSCHG,0.0
NI02OEDPLAN2024,CROSS_SUB_CLO,0.0
NI02OEDPLAN2024,CROSS_SUB_IF_NB_FIN,0.0
NI02OEDPLAN2024,RA_LIC_RELEASE_CY,0.0
NI02OEDPLAN2024,PVFC_LRC_EXP_PREM_CURR_CF,0.0
NI02OEDPLAN2024,PVFC_LRC_EXP_ACQ_CURR_CF,0.0
NI02OEDPLAN2024,RA_LIC_FEXPVAR_CY,0.0
NI02PEDUPOL2021,PVFC_LRC_UNWIND,0.0
NI02PEDUPOL2021,PVFC_LRC_EXP_PREM_FUT_CF,12178998.5945656
NI02PEDUPOL2021,PVFC_LRC_EXP_ACQ_FUT_CF,-1217899.8594565603
NI02PEDUPOL2021,PVFC_LRC_EXP_INCLAIM,-6040201.503163748
NI02PEDUPOL2021,PVFC_LRC_EXP_IC_PAYBL,0.0
NI02PEDUPOL2021,PVFC_LRC_EXP_ATTEXP,-4966089.999083093
NI02PEDUPOL2021,PVFC_LIC_UNWIND,0.0
NI02PEDUPOL2021,PVFC_LIC_EXP_CLAIM_CF_CY,0.0
NI02PEDUPOL2021,PVFC_LIC_EXP_ATTEXP_CY,0.0
NI02PEDUPOL2021,PVFC_LIC_EXP_CLAIM_CF_PY,0.0
NI02PEDUPOL2021,PVFC_LIC_EXP_ATTEXP_PY,0.0
NI02PEDUPOL2021,RA_LRC_OP,6352669.94263503
NI02PEDUPOL2021,RA_LRC_NB_POS,0.0
NI02PEDUPOL2021,RA_LRC_UNWIND,-1237938.38446147
NI02PEDUPOL2021,RA_LRC_RELEASE,-1215.8819193417085
NI02PEDUPOL2021,RA_LRC_DEREC,0.0
NI02PEDUPOL2021,RA_LRC_TASSCHG,-1294962.0
NI02PEDUPOL2021,RA_LRC_FASSCHG,-3807535.3661507
NI02PEDUPOL2021,RA_LRC_CLO,11017.544429362086
NI02PEDUPOL2021,RA_LIC_OP,0.0
NI02PEDUPOL2021,RA_LIC_UNWIND,0.0
NI02PEDUPOL2021,RA_LIC_INCLAIM,0.0
NI02PEDUPOL2021,RA_LIC_RELEASE_PY,0.0
NI02PEDUPOL2021,RA_LIC_DEREC,0.0
NI02PEDUPOL2021,RA_LIC_TASSCHG_PY,0.0
NI02PEDUPOL2021,RA_LIC_FASSCHG_PY,0.0
NI02PEDUPOL2021,RA_LIC_CLO,0.0
NI02PEDUPOL2021,ACQ_CF_LRC_UNWIND,0.0
NI02PEDUPOL2021,ACQ_CF_LRC_EXP_ACQ_CF,0.0
NI02PEDUPOL2021,CROSS_SUB_OP,0.0
NI02PEDUPOL2021,CROSS_SUB_EXP,0.0
NI02PEDUPOL2021,CROSS_SUB_NB,0.0
NI02PEDUPOL2021,CROSS_SUB_IF_NB_TECH,0.0
NI02PEDUPOL2021,CROSS_SUB_TASSCHG,0.0
NI02PEDUPOL2021,CROSS_SUB_FASSCHG,0.0
NI02PEDUPOL2021,CROSS_SUB_CLO,0.0
NI02PEDUPOL2021,CROSS_SUB_IF_NB_FIN,0.0
NI02PEDUPOL2021,RA_LIC_RELEASE_CY,0.0
NI02PEDUPOL2021,PVFC_LRC_EXP_PREM_CURR_CF,0.0
NI02PEDUPOL2021,PVFC_LRC_EXP_ACQ_CURR_CF,0.0
NI02PEDUPOL2021,RA_LIC_FEXPVAR_CY,0.0
NI02OEDUPOL2022,PVFC_LRC_UNWIND,0.0
NI02OEDUPOL2022,PVFC_LRC_EXP_PREM_FUT_CF,35560.44278062016
NI02OEDUPOL2022,PVFC_LRC_EXP_ACQ_FUT_CF,-3556.0442780620147
NI02OEDUPOL2022,PVFC_LRC_EXP_INCLAIM,-15980.934256947126
NI02OEDUPOL2022,PVFC_LRC_EXP_IC_PAYBL,0.0
NI02OEDUPOL2022,PVFC_LRC_EXP_ATTEXP,-106105.57821090167
NI02OEDUPOL2022,PVFC_LIC_UNWIND,0.0
NI02OEDUPOL2022,PVFC_LIC_EXP_CLAIM_CF_CY,0.0
NI02OEDUPOL2022,PVFC_LIC_EXP_ATTEXP_CY,0.0
NI02OEDUPOL2022,PVFC_LIC_EXP_CLAIM_CF_PY,0.0
NI02OEDUPOL2022,PVFC_LIC_EXP_ATTEXP_PY,0.0
NI02OEDUPOL2022,RA_LRC_OP,91791.05485379
NI02OEDUPOL2022,RA_LRC_NB_POS,0.0
NI02OEDUPOL2022,RA_LRC_UNWIND,-10784.9325651532
NI02OEDUPOL2022,RA_LRC_RELEASE,-13.48708446208608
NI02OEDUPOL2022,RA_LRC_DEREC,0.0
NI02OEDUPOL2022,RA_LRC_TASSCHG,1856.0
NI02OEDUPOL2022,RA_LRC_FASSCHG,-81267.3648785876
NI02OEDUPOL2022,RA_LRC_CLO,1580.7908739135332
NI02OEDUPOL2022,RA_LIC_OP,0.0
NI02OEDUPOL2022,RA_LIC_UNWIND,0.0
NI02OEDUPOL2022,RA_LIC_INCLAIM,0.0
NI02OEDUPOL2022,RA_LIC_RELEASE_PY,0.0
NI02OEDUPOL2022,RA_LIC_DEREC,0.0
NI02OEDUPOL2022,RA_LIC_TASSCHG_PY,0.0
NI02OEDUPOL2022,RA_LIC_FASSCHG_PY,0.0
NI02OEDUPOL2022,RA_LIC_CLO,0.0
NI02OEDUPOL2022,ACQ_CF_LRC_UNWIND,0.0
NI02OEDUPOL2022,ACQ_CF_LRC_EXP_ACQ_CF,0.0
NI02OEDUPOL2022,CROSS_SUB_OP,0.0
NI02OEDUPOL2022,CROSS_SUB_EXP,0.0
NI02OEDUPOL2022,CROSS_SUB_NB,0.0
NI02OEDUPOL2022,CROSS_SUB_IF_NB_TECH,0.0
NI02OEDUPOL2022,CROSS_SUB_TASSCHG,0.0
NI02OEDUPOL2022,CROSS_SUB_FASSCHG,0.0
NI02OEDUPOL2022,CROSS_SUB_CLO,0.0
NI02OEDUPOL2022,CROSS_SUB_IF_NB_FIN,0.0
NI02OEDUPOL2022,RA_LIC_RELEASE_CY,0.0
NI02OEDUPOL2022,PVFC_LRC_EXP_PREM_CURR_CF,0.0
NI02OEDUPOL2022,PVFC_LRC_EXP_ACQ_CURR_CF,0.0
NI02OEDUPOL2022,RA_LIC_FEXPVAR_CY,0.0
NI02PEDUPOL2022,PVFC_LRC_UNWIND,0.0
NI02PEDUPOL2022,PVFC_LRC_EXP_PREM_FUT_CF,1134538.198354764
NI02PEDUPOL2022,PVFC_LRC_EXP_ACQ_FUT_CF,-113453.81983547637
NI02PEDUPOL2022,PVFC_LRC_EXP_INCLAIM,-483109.19813714287
NI02PEDUPOL2022,PVFC_LRC_EXP_IC_PAYBL,0.0
NI02PEDUPOL2022,PVFC_LRC_EXP_ATTEXP,-346987.96583371074
NI02PEDUPOL2022,PVFC_LIC_UNWIND,0.0
NI02PEDUPOL2022,PVFC_LIC_EXP_CLAIM_CF_CY,0.0
NI02PEDUPOL2022,PVFC_LIC_EXP_ATTEXP_CY,0.0
NI02PEDUPOL2022,PVFC_LIC_EXP_CLAIM_CF_PY,0.0
NI02PEDUPOL2022,PVFC_LIC_EXP_ATTEXP_PY,0.0
NI02PEDUPOL2022,RA_LRC_OP,757222.27235641
NI02PEDUPOL2022,RA_LRC_NB_POS,0.0
NI02PEDUPOL2022,RA_LRC_UNWIND,-45.17727118812104
NI02PEDUPOL2022,RA_LRC_RELEASE,-91.70210808635682
NI02PEDUPOL2022,RA_LRC_DEREC,0.0
NI02PEDUPOL2022,RA_LRC_TASSCHG,-796064.3192
NI02PEDUPOL2022,RA_LRC_FASSCHG,38978.5941060456
NI02PEDUPOL2022,RA_LRC_CLO,-2.2737367544323206e-13
NI02PEDUPOL2022,RA_LIC_OP,0.0
NI02PEDUPOL2022,RA_LIC_UNWIND,0.0
NI02PEDUPOL2022,RA_LIC_INCLAIM,0.0
NI02PEDUPOL2022,RA_LIC_RELEASE_PY,0.0
NI02PEDUPOL2022,RA_LIC_DEREC,0.0
NI02PEDUPOL2022,RA_LIC_TASSCHG_PY,0.0
NI02PEDUPOL2022,RA_LIC_FASSCHG_PY,0.0
NI02PEDUPOL2022,RA_LIC_CLO,0.0
NI02PEDUPOL2022,ACQ_CF_LRC_UNWIND,0.0
NI02PEDUPOL2022,ACQ_CF_LRC_EXP_ACQ_CF,0.0
NI02PEDUPOL2022,CROSS_SUB_OP,0.0
NI02PEDUPOL2022,CROSS_SUB_EXP,0.0
NI02PEDUPOL2022,CROSS_SUB_NB,0.0
NI02PEDUPOL2022,CROSS_SUB_IF_NB_TECH,0.0
NI02PEDUPOL2022,CROSS_SUB_TASSCHG,0.0
NI02PEDUPOL2022,CROSS_SUB_FASSCHG,0.0
NI02PEDUPOL2022,CROSS_SUB_CLO,0.0
NI02PEDUPOL2022,CROSS_SUB_IF_NB_FIN,0.0
NI02PEDUPOL2022,RA_LIC_RELEASE_CY,0.0
NI02PEDUPOL2022,PVFC_LRC_EXP_PREM_CURR_CF,0.0
NI02PEDUPOL2022,PVFC_LRC_EXP_ACQ_CURR_CF,0.0
NI02PEDUPOL2022,RA_LIC_FEXPVAR_CY,0.0
NI02OEDUPOL2023,PVFC_LRC_UNWIND,0.0
NI02OEDUPOL2023,PVFC_LRC_EXP_PREM_FUT_CF,1009055.6113148335
NI02OEDUPOL2023,PVFC_LRC_EXP_ACQ_FUT_CF,-168700.83416911727
NI02OEDUPOL2023,PVFC_LRC_EXP_INCLAIM,-397051.0657098897
NI02OEDUPOL2023,PVFC_LRC_EXP_IC_PAYBL,0.0
NI02OEDUPOL2023,PVFC_LRC_EXP_ATTEXP,-393126.159917427
NI02OEDUPOL2023,PVFC_LIC_UNWIND,0.0
NI02OEDUPOL2023,PVFC_LIC_EXP_CLAIM_CF_CY,0.0
NI02OEDUPOL2023,PVFC_LIC_EXP_ATTEXP_CY,0.0
NI02OEDUPOL2023,PVFC_LIC_EXP_CLAIM_CF_PY,0.0
NI02OEDUPOL2023,PVFC_LIC_EXP_ATTEXP_PY,0.0
NI02OEDUPOL2023,RA_LRC_OP,-25271.7775424722
NI02OEDUPOL2023,RA_LRC_NB_POS,0.0
NI02OEDUPOL2023,RA_LRC_UNWIND,13231.0
NI02OEDUPOL2023,RA_LRC_RELEASE,-87.29209121162351
NI02OEDUPOL2023,RA_LRC_DEREC,0.0
NI02OEDUPOL2023,RA_LRC_TASSCHG,2305.0
NI02OEDUPOL2023,RA_LRC_FASSCHG,11138.0
NI02OEDUPOL2023,RA_LRC_CLO,1315.3027282479682
NI02OEDUPOL2023,RA_LIC_OP,0.0
NI02OEDUPOL2023,RA_LIC_UNWIND,0.0
NI02OEDUPOL2023,RA_LIC_INCLAIM,0.0
NI02OEDUPOL2023,RA_LIC_RELEASE_PY,0.0
NI02OEDUPOL2023,RA_LIC_DEREC,0.0
NI02OEDUPOL2023,RA_LIC_TASSCHG_PY,0.0
NI02OEDUPOL2023,RA_LIC_FASSCHG_PY,0.0
NI02OEDUPOL2023,RA_LIC_CLO,0.0
NI02OEDUPOL2023,ACQ_CF_LRC_UNWIND,0.0
NI02OEDUPOL2023,ACQ_CF_LRC_EXP_ACQ_CF,0.0
NI02OEDUPOL2023,CROSS_SUB_OP,0.0
NI02OEDUPOL2023,CROSS_SUB_EXP,0.0
NI02OEDUPOL2023,CROSS_SUB_NB,0.0
NI02OEDUPOL2023,CROSS_SUB_IF_NB_TECH,0.0
NI02OEDUPOL2023,CROSS_SUB_TASSCHG,0.0
NI02OEDUPOL2023,CROSS_SUB_FASSCHG,0.0
NI02OEDUPOL2023,CROSS_SUB_CLO,0.0
NI02OEDUPOL2023,CROSS_SUB_IF_NB_FIN,0.0
NI02OEDUPOL2023,RA_LIC_RELEASE_CY,0.0
NI02OEDUPOL2023,PVFC_LRC_EXP_PREM_CURR_CF,0.0
NI02OEDUPOL2023,PVFC_LRC_EXP_ACQ_CURR_CF,0.0
NI02OEDUPOL2023,RA_LIC_FEXPVAR_CY,0.0
NI02OEDUPOL2024,PVFC_LRC_UNWIND,0.0
NI02OEDUPOL2024,PVFC_LRC_EXP_PREM_FUT_CF,290943.7460162801
NI02OEDUPOL2024,PVFC_LRC_EXP_ACQ_FUT_CF,-43641.561902442016
NI02OEDUPOL2024,PVFC_LRC_EXP_INCLAIM,-52107.974106336536
NI02OEDUPOL2024,PVFC_LRC_EXP_IC_PAYBL,0.0
NI02OEDUPOL2024,PVFC_LRC_EXP_ATTEXP,-164473.623764218
NI02OEDUPOL2024,PVFC_LIC_UNWIND,0.0
NI02OEDUPOL2024,PVFC_LIC_EXP_CLAIM_CF_CY,0.0
NI02OEDUPOL2024,PVFC_LIC_EXP_ATTEXP_CY,0.0
NI02OEDUPOL2024,PVFC_LIC_EXP_CLAIM_CF_PY,0.0
NI02OEDUPOL2024,PVFC_LIC_EXP_ATTEXP_PY,0.0
NI02OEDUPOL2024,RA_LRC_OP,0.0
NI02OEDUPOL2024,RA_LRC_NB_POS,437.085024610403
NI02OEDUPOL2024,RA_LRC_UNWIND,11.919994515797839
NI02OEDUPOL2024,RA_LRC_RELEASE,-23.926101617350927
NI02OEDUPOL2024,RA_LRC_DEREC,0.0
NI02OEDUPOL2024,RA_LRC_TASSCHG,1.8664843126121582
NI02OEDUPOL2024,RA_LRC_FASSCHG,-60.29893595216578
NI02OEDUPOL2024,RA_LRC_CLO,366.6464658692963
NI02OEDUPOL2024,RA_LIC_OP,0.0
NI02OEDUPOL2024,RA_LIC_UNWIND,0.0
NI02OEDUPOL2024,RA_LIC_INCLAIM,0.0
NI02OEDUPOL2024,RA_LIC_RELEASE_PY,0.0
NI02OEDUPOL2024,RA_LIC_DEREC,0.0
NI02OEDUPOL2024,RA_LIC_TASSCHG_PY,0.0
NI02OEDUPOL2024,RA_LIC_FASSCHG_PY,0.0
NI02OEDUPOL2024,RA_LIC_CLO,0.0
NI02OEDUPOL2024,ACQ_CF_LRC_UNWIND,0.0
NI02OEDUPOL2024,ACQ_CF_LRC_EXP_ACQ_CF,0.0
NI02OEDUPOL2024,CROSS_SUB_OP,0.0
NI02OEDUPOL2024,CROSS_SUB_EXP,0.0
NI02OEDUPOL2024,CROSS_SUB_NB,0.0
NI02OEDUPOL2024,CROSS_SUB_IF_NB_TECH,0.0
NI02OEDUPOL2024,CROSS_SUB_TASSCHG,0.0
NI02OEDUPOL2024,CROSS_SUB_FASSCHG,0.0
NI02OEDUPOL2024,CROSS_SUB_CLO,0.0
NI02OEDUPOL2024,CROSS_SUB_IF_NB_FIN,0.0
NI02OEDUPOL2024,RA_LIC_RELEASE_CY,0.0
NI02OEDUPOL2024,PVFC_LRC_EXP_PREM_CURR_CF,0.0
NI02OEDUPOL2024,PVFC_LRC_EXP_ACQ_CURR_CF,0.0
NI02OEDUPOL2024,RA_LIC_FEXPVAR_CY,0.0
NI02PEIPLAN2021,PVFC_LRC_UNWIND,0.0
NI02PEIPLAN2021,PVFC_LRC_EXP_PREM_FUT_CF,31652.857815469386
NI02PEIPLAN2021,PVFC_LRC_EXP_ACQ_FUT_CF,-3165.285781546939
NI02PEIPLAN2021,PVFC_LRC_EXP_INCLAIM,-2252.151988824183
NI02PEIPLAN2021,PVFC_LRC_EXP_IC_PAYBL,0.0
NI02PEIPLAN2021,PVFC_LRC_EXP_ATTEXP,-9551.3174498151
NI02PEIPLAN2021,PVFC_LIC_UNWIND,0.0
NI02PEIPLAN2021,PVFC_LIC_EXP_CLAIM_CF_CY,0.0
NI02PEIPLAN2021,PVFC_LIC_EXP_ATTEXP_CY,0.0
NI02PEIPLAN2021,PVFC_LIC_EXP_CLAIM_CF_PY,0.0
NI02PEIPLAN2021,PVFC_LIC_EXP_ATTEXP_PY,0.0
NI02PEIPLAN2021,RA_LRC_OP,11698.7139788438
NI02PEIPLAN2021,RA_LRC_NB_POS,0.0
NI02PEIPLAN2021,RA_LRC_UNWIND,-233.56212445850178
NI02PEIPLAN2021,RA_LRC_RELEASE,-820.1672885937339
NI02PEIPLAN2021,RA_LRC_DEREC,0.0
NI02PEIPLAN2021,RA_LRC_TASSCHG,-7087.70040507328
NI02PEIPLAN2021,RA_LRC_FASSCHG,191.0
NI02PEIPLAN2021,RA_LRC_CLO,3747.683126798878
NI02PEIPLAN2021,RA_LIC_OP,0.0
NI02PEIPLAN2021,RA_LIC_UNWIND,0.0
NI02PEIPLAN2021,RA_LIC_INCLAIM,0.0
NI02PEIPLAN2021,RA_LIC_RELEASE_PY,0.0
NI02PEIPLAN2021,RA_LIC_DEREC,0.0
NI02PEIPLAN2021,RA_LIC_TASSCHG_PY,0.0
NI02PEIPLAN2021,RA_LIC_FASSCHG_PY,0.0
NI02PEIPLAN2021,RA_LIC_CLO,0.0
NI02PEIPLAN2021,ACQ_CF_LRC_UNWIND,0.0
NI02PEIPLAN2021,ACQ_CF_LRC_EXP_ACQ_CF,0.0
NI02PEIPLAN2021,CROSS_SUB_OP,0.0
NI02PEIPLAN2021,CROSS_SUB_EXP,0.0
NI02PEIPLAN2021,CROSS_SUB_NB,0.0
NI02PEIPLAN2021,CROSS_SUB_IF_NB_TECH,0.0
NI02PEIPLAN2021,CROSS_SUB_TASSCHG,0.0
NI02PEIPLAN2021,CROSS_SUB_FASSCHG,0.0
NI02PEIPLAN2021,CROSS_SUB_CLO,0.0
NI02PEIPLAN2021,CROSS_SUB_IF_NB_FIN,0.0
NI02PEIPLAN2021,RA_LIC_RELEASE_CY,0.0
NI02PEIPLAN2021,PVFC_LRC_EXP_PREM_CURR_CF,0.0
NI02PEIPLAN2021,PVFC_LRC_EXP_ACQ_CURR_CF,0.0
NI02PEIPLAN2021,RA_LIC_FEXPVAR_CY,0.0
NI02PEIPLAN2024,PVFC_LRC_UNWIND,0.0
NI02PEIPLAN2024,PVFC_LRC_EXP_PREM_FUT_CF,4671.14225
NI02PEIPLAN2024,PVFC_LRC_EXP_ACQ_FUT_CF,-467.11422500000003
NI02PEIPLAN2024,PVFC_LRC_EXP_INCLAIM,-1381.4573605111812
NI02PEIPLAN2024,PVFC_LRC_EXP_IC_PAYBL,0.0
NI02PEIPLAN2024,PVFC_LRC_EXP_ATTEXP,-9464.336907500001
NI02PEIPLAN2024,PVFC_LIC_UNWIND,0.0
NI02PEIPLAN2024,PVFC_LIC_EXP_CLAIM_CF_CY,0.0
NI02PEIPLAN2024,PVFC_LIC_EXP_ATTEXP_CY,0.0
NI02PEIPLAN2024,PVFC_LIC_EXP_CLAIM_CF_PY,0.0
NI02PEIPLAN2024,PVFC_LIC_EXP_ATTEXP_PY,0.0
NI02PEIPLAN2024,RA_LRC_OP,0.0
NI02PEIPLAN2024,RA_LRC_NB_POS,13465.057111765907
NI02PEIPLAN2024,RA_LRC_UNWIND,371.7511192865186
NI02PEIPLAN2024,RA_LRC_RELEASE,-753.6229685418375
NI02PEIPLAN2024,RA_LRC_DEREC,0.0
NI02PEIPLAN2024,RA_LRC_TASSCHG,45.548002025932874
NI02PEIPLAN2024,RA_LRC_FASSCHG,-2153.173655235376
NI02PEIPLAN2024,RA_LRC_CLO,10975.559609301146
NI02PEIPLAN2024,RA_LIC_OP,0.0
NI02PEIPLAN2024,RA_LIC_UNWIND,0.0
NI02PEIPLAN2024,RA_LIC_INCLAIM,0.0
NI02PEIPLAN2024,RA_LIC_RELEASE_PY,0.0
NI02PEIPLAN2024,RA_LIC_DEREC,0.0
NI02PEIPLAN2024,RA_LIC_TASSCHG_PY,0.0
NI02PEIPLAN2024,RA_LIC_FASSCHG_PY,0.0
NI02PEIPLAN2024,RA_LIC_CLO,0.0
NI02PEIPLAN2024,ACQ_CF_LRC_UNWIND,0.0
NI02PEIPLAN2024,ACQ_CF_LRC_EXP_ACQ_CF,0.0
NI02PEIPLAN2024,CROSS_SUB_OP,0.0
NI02PEIPLAN2024,CROSS_SUB_EXP,0.0
NI02PEIPLAN2024,CROSS_SUB_NB,0.0
NI02PEIPLAN2024,CROSS_SUB_IF_NB_TECH,0.0
NI02PEIPLAN2024,CROSS_SUB_TASSCHG,0.0
NI02PEIPLAN2024,CROSS_SUB_FASSCHG,0.0
NI02PEIPLAN2024,CROSS_SUB_CLO,0.0
NI02PEIPLAN2024,CROSS_SUB_IF_NB_FIN,0.0
NI02PEIPLAN2024,RA_LIC_RELEASE_CY,0.0
NI02PEIPLAN2024,PVFC_LRC_EXP_PREM_CURR_CF,0.0
NI02PEIPLAN2024,PVFC_LRC_EXP_ACQ_CURR_CF,0.0
NI02PEIPLAN2024,RA_LIC_FEXPVAR_CY,0.0
NI02OLIFESV2021,PVFC_LRC_UNWIND,0.0
NI02OLIFESV2021,PVFC_LRC_EXP_PREM_FUT_CF,93131.61729047514
NI02OLIFESV2021,PVFC_LRC_EXP_ACQ_FUT_CF,-9313.161729047513
NI02OLIFESV2021,PVFC_LRC_EXP_INCLAIM,-46595.49490973302
NI02OLIFESV2021,PVFC_LRC_EXP_IC_PAYBL,0.0
NI02OLIFESV2021,PVFC_LRC_EXP_ATTEXP,-363399.1981843291
NI02OLIFESV2021,PVFC_LIC_UNWIND,0.0
NI02OLIFESV2021,PVFC_LIC_EXP_CLAIM_CF_CY,0.0
NI02OLIFESV2021,PVFC_LIC_EXP_ATTEXP_CY,0.0
NI02OLIFESV2021,PVFC_LIC_EXP_CLAIM_CF_PY,0.0
NI02OLIFESV2021,PVFC_LIC_EXP_ATTEXP_PY,0.0
NI02OLIFESV2021,RA_LRC_OP,218710.222974101
NI02OLIFESV2021,RA_LRC_NB_POS,0.0
NI02OLIFESV2021,RA_LRC_UNWIND,-32838.9228352489
NI02OLIFESV2021,RA_LRC_RELEASE,-31.84058691036634
NI02OLIFESV2021,RA_LRC_DEREC,0.0
NI02OLIFESV2021,RA_LRC_TASSCHG,-45000.6853382923
NI02OLIFESV2021,RA_LRC_FASSCHG,-140630.311363559
NI02OLIFESV2021,RA_LRC_CLO,208.4881710072371
NI02OLIFESV2021,RA_LIC_OP,0.0
NI02OLIFESV2021,RA_LIC_UNWIND,0.0
NI02OLIFESV2021,RA_LIC_INCLAIM,0.0
NI02OLIFESV2021,RA_LIC_RELEASE_PY,0.0
NI02OLIFESV2021,RA_LIC_DEREC,0.0
NI02OLIFESV2021,RA_LIC_TASSCHG_PY,0.0
NI02OLIFESV2021,RA_LIC_FASSCHG_PY,0.0
NI02OLIFESV2021,RA_LIC_CLO,0.0
NI02OLIFESV2021,ACQ_CF_LRC_UNWIND,0.0
NI02OLIFESV2021,ACQ_CF_LRC_EXP_ACQ_CF,0.0
NI02OLIFESV2021,CROSS_SUB_OP,0.0
NI02OLIFESV2021,CROSS_SUB_EXP,0.0
NI02OLIFESV2021,CROSS_SUB_NB,0.0
NI02OLIFESV2021,CROSS_SUB_IF_NB_TECH,0.0
NI02OLIFESV2021,CROSS_SUB_TASSCHG,0.0
NI02OLIFESV2021,CROSS_SUB_FASSCHG,0.0
NI02OLIFESV2021,CROSS_SUB_CLO,0.0
NI02OLIFESV2021,CROSS_SUB_IF_NB_FIN,0.0
NI02OLIFESV2021,RA_LIC_RELEASE_CY,0.0
NI02OLIFESV2021,PVFC_LRC_EXP_PREM_CURR_CF,0.0
NI02OLIFESV2021,PVFC_LRC_EXP_ACQ_CURR_CF,0.0
NI02OLIFESV2021,RA_LIC_FEXPVAR_CY,0.0
NI02OLIFESV2022,PVFC_LRC_UNWIND,0.0
NI02OLIFESV2022,PVFC_LRC_EXP_PREM_FUT_CF,44188.647140235036
NI02OLIFESV2022,PVFC_LRC_EXP_ACQ_FUT_CF,-4418.8647140235025
NI02OLIFESV2022,PVFC_LRC_EXP_INCLAIM,-59924.42355771343
NI02OLIFESV2022,PVFC_LRC_EXP_IC_PAYBL,0.0
NI02OLIFESV2022,PVFC_LRC_EXP_ATTEXP,-931743.4871125929
NI02OLIFESV2022,PVFC_LIC_UNWIND,0.0
NI02OLIFESV2022,PVFC_LIC_EXP_CLAIM_CF_CY,0.0
NI02OLIFESV2022,PVFC_LIC_EXP_ATTEXP_CY,0.0
NI02OLIFESV2022,PVFC_LIC_EXP_CLAIM_CF_PY,0.0
NI02OLIFESV2022,PVFC_LIC_EXP_ATTEXP_PY,0.0
NI02OLIFESV2022,RA_LRC_OP,-91207.15223952
NI02OLIFESV2022,RA_LRC_NB_POS,0.0
NI02OLIFESV2022,RA_LRC_UNWIND,-1.385680259234391
NI02OLIFESV2022,RA_LRC_RELEASE,-77.01389512540644
NI02OLIFESV2022,RA_LRC_DEREC,0.0
NI02OLIFESV2022,RA_LRC_TASSCHG,92450.0
NI02OLIFESV2022,RA_LRC_FASSCHG,-120.37165573130505
NI02OLIFESV2022,RA_LRC_CLO,1044.2169720879685
NI02OLIFESV2022,RA_LIC_OP,0.0
NI02OLIFESV2022,RA_LIC_UNWIND,0.0
NI02OLIFESV2022,RA_LIC_INCLAIM,0.0
NI02OLIFESV2022,RA_LIC_RELEASE_PY,0.0
NI02OLIFESV2022,RA_LIC_DEREC,0.0
NI02OLIFESV2022,RA_LIC_TASSCHG_PY,0.0
NI02OLIFESV2022,RA_LIC_FASSCHG_PY,0.0
NI02OLIFESV2022,RA_LIC_CLO,0.0
NI02OLIFESV2022,ACQ_CF_LRC_UNWIND,0.0
NI02OLIFESV2022,ACQ_CF_LRC_EXP_ACQ_CF,0.0
NI02OLIFESV2022,CROSS_SUB_OP,0.0
NI02OLIFESV2022,CROSS_SUB_EXP,0.0
NI02OLIFESV2022,CROSS_SUB_NB,0.0
NI02OLIFESV2022,CROSS_SUB_IF_NB_TECH,0.0
NI02OLIFESV2022,CROSS_SUB_TASSCHG,0.0
NI02OLIFESV2022,CROSS_SUB_FASSCHG,0.0
NI02OLIFESV2022,CROSS_SUB_CLO,0.0
NI02OLIFESV2022,CROSS_SUB_IF_NB_FIN,0.0
NI02OLIFESV2022,RA_LIC_RELEASE_CY,0.0
NI02OLIFESV2022,PVFC_LRC_EXP_PREM_CURR_CF,0.0
NI02OLIFESV2022,PVFC_LRC_EXP_ACQ_CURR_CF,0.0
NI02OLIFESV2022,RA_LIC_FEXPVAR_CY,0.0
NI02OLIFESV2023,PVFC_LRC_UNWIND,0.0
NI02OLIFESV2023,PVFC_LRC_EXP_PREM_FUT_CF,1922694.9059498387
NI02OLIFESV2023,PVFC_LRC_EXP_ACQ_FUT_CF,-379069.18481294485
NI02OLIFESV2023,PVFC_LRC_EXP_INCLAIM,-1091368.322449984
NI02OLIFESV2023,PVFC_LRC_EXP_IC_PAYBL,0.0
NI02OLIFESV2023,PVFC_LRC_EXP_ATTEXP,-12086048.821031686
NI02OLIFESV2023,PVFC_LIC_UNWIND,0.0
NI02OLIFESV2023,PVFC_LIC_EXP_CLAIM_CF_CY,0.0
NI02OLIFESV2023,PVFC_LIC_EXP_ATTEXP_CY,0.0
NI02OLIFESV2023,PVFC_LIC_EXP_CLAIM_CF_PY,0.0
NI02OLIFESV2023,PVFC_LIC_EXP_ATTEXP_PY,0.0
NI02OLIFESV2023,RA_LRC_OP,-2095210.91588217
NI02OLIFESV2023,RA_LRC_NB_POS,0.0
NI02OLIFESV2023,RA_LRC_UNWIND,40458.0
NI02OLIFESV2023,RA_LRC_RELEASE,-1023.3710408415435
NI02OLIFESV2023,RA_LRC_DEREC,0.0
NI02OLIFESV2023,RA_LRC_TASSCHG,2044.0
NI02OLIFESV2023,RA_LRC_FASSCHG,2056117.0
NI02OLIFESV2023,RA_LRC_CLO,2385.066391831583
NI02OLIFESV2023,RA_LIC_OP,0.0
NI02OLIFESV2023,RA_LIC_UNWIND,0.0
NI02OLIFESV2023,RA_LIC_INCLAIM,0.0
NI02OLIFESV2023,RA_LIC_RELEASE_PY,0.0
NI02OLIFESV2023,RA_LIC_DEREC,0.0
NI02OLIFESV2023,RA_LIC_TASSCHG_PY,0.0
NI02OLIFESV2023,RA_LIC_FASSCHG_PY,0.0
NI02OLIFESV2023,RA_LIC_CLO,0.0
NI02OLIFESV2023,ACQ_CF_LRC_UNWIND,0.0
NI02OLIFESV2023,ACQ_CF_LRC_EXP_ACQ_CF,0.0
NI02OLIFESV2023,CROSS_SUB_OP,0.0
NI02OLIFESV2023,CROSS_SUB_EXP,0.0
NI02OLIFESV2023,CROSS_SUB_NB,0.0
NI02OLIFESV2023,CROSS_SUB_IF_NB_TECH,0.0
NI02OLIFESV2023,CROSS_SUB_TASSCHG,0.0
NI02OLIFESV2023,CROSS_SUB_FASSCHG,0.0
NI02OLIFESV2023,CROSS_SUB_CLO,0.0
NI02OLIFESV2023,CROSS_SUB_IF_NB_FIN,0.0
NI02OLIFESV2023,RA_LIC_RELEASE_CY,0.0
NI02OLIFESV2023,PVFC_LRC_EXP_PREM_CURR_CF,0.0
NI02OLIFESV2023,PVFC_LRC_EXP_ACQ_CURR_CF,0.0
NI02OLIFESV2023,RA_LIC_FEXPVAR_CY,0.0
NI02OLIFESV2024,PVFC_LRC_UNWIND,0.0
NI02OLIFESV2024,PVFC_LRC_EXP_PREM_FUT_CF,681711.7987528311
NI02OLIFESV2024,PVFC_LRC_EXP_ACQ_FUT_CF,-6966.6250248845445
NI02OLIFESV2024,PVFC_LRC_EXP_INCLAIM,-516062.3095076741
NI02OLIFESV2024,PVFC_LRC_EXP_IC_PAYBL,0.0
NI02OLIFESV2024,PVFC_LRC_EXP_ATTEXP,-4618316.534663445
NI02OLIFESV2024,PVFC_LIC_UNWIND,0.0
NI02OLIFESV2024,PVFC_LIC_EXP_CLAIM_CF_CY,0.0
NI02OLIFESV2024,PVFC_LIC_EXP_ATTEXP_CY,0.0
NI02OLIFESV2024,PVFC_LIC_EXP_CLAIM_CF_PY,0.0
NI02OLIFESV2024,PVFC_LIC_EXP_ATTEXP_PY,0.0
NI02OLIFESV2024,RA_LRC_OP,0.0
NI02OLIFESV2024,RA_LRC_NB_POS,2809.0352837207197
NI02OLIFESV2024,RA_LRC_UNWIND,75.05874159661062
NI02OLIFESV2024,RA_LRC_RELEASE,-398.74085828976916
NI02OLIFESV2024,RA_LRC_DEREC,0.0
NI02OLIFESV2024,RA_LRC_TASSCHG,-3.642296923149388
NI02OLIFESV2024,RA_LRC_FASSCHG,-165.93644127900598
NI02OLIFESV2024,RA_LRC_CLO,2315.7744288254057
NI02OLIFESV2024,RA_LIC_OP,0.0
NI02OLIFESV2024,RA_LIC_UNWIND,0.0
NI02OLIFESV2024,RA_LIC_INCLAIM,0.0
NI02OLIFESV2024,RA_LIC_RELEASE_PY,0.0
NI02OLIFESV2024,RA_LIC_DEREC,0.0
NI02OLIFESV2024,RA_LIC_TASSCHG_PY,0.0
NI02OLIFESV2024,RA_LIC_FASSCHG_PY,0.0
NI02OLIFESV2024,RA_LIC_CLO,0.0
NI02OLIFESV2024,ACQ_CF_LRC_UNWIND,0.0
NI02OLIFESV2024,ACQ_CF_LRC_EXP_ACQ_CF,0.0
NI02OLIFESV2024,CROSS_SUB_OP,0.0
NI02OLIFESV2024,CROSS_SUB_EXP,0.0
NI02OLIFESV2024,CROSS_SUB_NB,0.0
NI02OLIFESV2024,CROSS_SUB_IF_NB_TECH,0.0
NI02OLIFESV2024,CROSS_SUB_TASSCHG,0.0
NI02OLIFESV2024,CROSS_SUB_FASSCHG,0.0
NI02OLIFESV2024,CROSS_SUB_CLO,0.0
NI02OLIFESV2024,CROSS_SUB_IF_NB_FIN,0.0
NI02OLIFESV2024,RA_LIC_RELEASE_CY,0.0
NI02OLIFESV2024,PVFC_LRC_EXP_PREM_CURR_CF,0.0
NI02OLIFESV2024,PVFC_LRC_EXP_ACQ_CURR_CF,0.0
NI02OLIFESV2024,RA_LIC_FEXPVAR_CY,0.0
NI02PMFUNDS2021,PVFC_LRC_UNWIND,0.0
NI02PMFUNDS2021,PVFC_LRC_EXP_PREM_FUT_CF,157582.2595395352
NI02PMFUNDS2021,PVFC_LRC_EXP_ACQ_FUT_CF,-15758.225953953526
NI02PMFUNDS2021,PVFC_LRC_EXP_INCLAIM,-119495.14618558122
NI02PMFUNDS2021,PVFC_LRC_EXP_IC_PAYBL,0.0
NI02PMFUNDS2021,PVFC_LRC_EXP_ATTEXP,-447682.2202183178
NI02PMFUNDS2021,PVFC_LIC_UNWIND,0.0
NI02PMFUNDS2021,PVFC_LIC_EXP_CLAIM_CF_CY,0.0
NI02PMFUNDS2021,PVFC_LIC_EXP_ATTEXP_CY,0.0
NI02PMFUNDS2021,PVFC_LIC_EXP_CLAIM_CF_PY,0.0
NI02PMFUNDS2021,PVFC_LIC_EXP_ATTEXP_PY,0.0
NI02PMFUNDS2021,RA_LRC_OP,244009.213689832
NI02PMFUNDS2021,RA_LRC_NB_POS,0.0
NI02PMFUNDS2021,RA_LRC_UNWIND,18949.0
NI02PMFUNDS2021,RA_LRC_RELEASE,-25056.820493851148
NI02PMFUNDS2021,RA_LRC_DEREC,0.0
NI02PMFUNDS2021,RA_LRC_TASSCHG,24318.0
NI02PMFUNDS2021,RA_LRC_FASSCHG,-73089.95446300472
NI02PMFUNDS2021,RA_LRC_CLO,189128.92293006164
NI02PMFUNDS2021,RA_LIC_OP,0.0
NI02PMFUNDS2021,RA_LIC_UNWIND,0.0
NI02PMFUNDS2021,RA_LIC_INCLAIM,0.0
NI02PMFUNDS2021,RA_LIC_RELEASE_PY,0.0
NI02PMFUNDS2021,RA_LIC_DEREC,0.0
NI02PMFUNDS2021,RA_LIC_TASSCHG_PY,0.0
NI02PMFUNDS2021,RA_LIC_FASSCHG_PY,0.0
NI02PMFUNDS2021,RA_LIC_CLO,0.0
NI02PMFUNDS2021,ACQ_CF_LRC_UNWIND,0.0
NI02PMFUNDS2021,ACQ_CF_LRC_EXP_ACQ_CF,0.0
NI02PMFUNDS2021,CROSS_SUB_OP,0.0
NI02PMFUNDS2021,CROSS_SUB_EXP,0.0
NI02PMFUNDS2021,CROSS_SUB_NB,0.0
NI02PMFUNDS2021,CROSS_SUB_IF_NB_TECH,0.0
NI02PMFUNDS2021,CROSS_SUB_TASSCHG,0.0
NI02PMFUNDS2021,CROSS_SUB_FASSCHG,0.0
NI02PMFUNDS2021,CROSS_SUB_CLO,0.0
NI02PMFUNDS2021,CROSS_SUB_IF_NB_FIN,0.0
NI02PMFUNDS2021,RA_LIC_RELEASE_CY,0.0
NI02PMFUNDS2021,PVFC_LRC_EXP_PREM_CURR_CF,0.0
NI02PMFUNDS2021,PVFC_LRC_EXP_ACQ_CURR_CF,0.0
NI02PMFUNDS2021,RA_LIC_FEXPVAR_CY,0.0
NI02OMFUNDS2023,PVFC_LRC_UNWIND,0.0
NI02OMFUNDS2023,PVFC_LRC_EXP_PREM_FUT_CF,1247.643874464454
NI02OMFUNDS2023,PVFC_LRC_EXP_ACQ_FUT_CF,-204.62877243109477
NI02OMFUNDS2023,PVFC_LRC_EXP_INCLAIM,-1158.8385117954435
NI02OMFUNDS2023,PVFC_LRC_EXP_IC_PAYBL,0.0
NI02OMFUNDS2023,PVFC_LRC_EXP_ATTEXP,-4603.068316277026
NI02OMFUNDS2023,PVFC_LIC_UNWIND,0.0
NI02OMFUNDS2023,PVFC_LIC_EXP_CLAIM_CF_CY,0.0
NI02OMFUNDS2023,PVFC_LIC_EXP_ATTEXP_CY,0.0
NI02OMFUNDS2023,PVFC_LIC_EXP_CLAIM_CF_PY,0.0
NI02OMFUNDS2023,PVFC_LIC_EXP_ATTEXP_PY,0.0
NI02OMFUNDS2023,RA_LRC_OP,1097.25270384829
NI02OMFUNDS2023,RA_LRC_NB_POS,0.0
NI02OMFUNDS2023,RA_LRC_UNWIND,-6.894620422884373
NI02OMFUNDS2023,RA_LRC_RELEASE,-254.55011720353906
NI02OMFUNDS2023,RA_LRC_DEREC,0.0
NI02OMFUNDS2023,RA_LRC_TASSCHG,20.0
NI02OMFUNDS2023,RA_LRC_FASSCHG,62.0
NI02OMFUNDS2023,RA_LRC_CLO,918.1871545931167
NI02OMFUNDS2023,RA_LIC_OP,0.0
NI02OMFUNDS2023,RA_LIC_UNWIND,0.0
NI02OMFUNDS2023,RA_LIC_INCLAIM,0.0
NI02OMFUNDS2023,RA_LIC_RELEASE_PY,0.0
NI02OMFUNDS2023,RA_LIC_DEREC,0.0
NI02OMFUNDS2023,RA_LIC_TASSCHG_PY,0.0
NI02OMFUNDS2023,RA_LIC_FASSCHG_PY,0.0
NI02OMFUNDS2023,RA_LIC_CLO,0.0
NI02OMFUNDS2023,ACQ_CF_LRC_UNWIND,0.0
NI02OMFUNDS2023,ACQ_CF_LRC_EXP_ACQ_CF,0.0
NI02OMFUNDS2023,CROSS_SUB_OP,0.0
NI02OMFUNDS2023,CROSS_SUB_EXP,0.0
NI02OMFUNDS2023,CROSS_SUB_NB,0.0
NI02OMFUNDS2023,CROSS_SUB_IF_NB_TECH,0.0
NI02OMFUNDS2023,CROSS_SUB_TASSCHG,0.0
NI02OMFUNDS2023,CROSS_SUB_FASSCHG,0.0
NI02OMFUNDS2023,CROSS_SUB_CLO,0.0
NI02OMFUNDS2023,CROSS_SUB_IF_NB_FIN,0.0
NI02OMFUNDS2023,RA_LIC_RELEASE_CY,0.0
NI02OMFUNDS2023,PVFC_LRC_EXP_PREM_CURR_CF,0.0
NI02OMFUNDS2023,PVFC_LRC_EXP_ACQ_CURR_CF,0.0
NI02OMFUNDS2023,RA_LIC_FEXPVAR_CY,0.0
NI02OMLPLAN2021,PVFC_LRC_UNWIND,0.0
NI02OMLPLAN2021,PVFC_LRC_EXP_PREM_FUT_CF,2729359.5243307124
NI02OMLPLAN2021,PVFC_LRC_EXP_ACQ_FUT_CF,-272935.95243307145
NI02OMLPLAN2021,PVFC_LRC_EXP_INCLAIM,-986614.0153146632
NI02OMLPLAN2021,PVFC_LRC_EXP_IC_PAYBL,0.0
NI02OMLPLAN2021,PVFC_LRC_EXP_ATTEXP,-2136989.7275656434
NI02OMLPLAN2021,PVFC_LIC_UNWIND,0.0
NI02OMLPLAN2021,PVFC_LIC_EXP_CLAIM_CF_CY,0.0
NI02OMLPLAN2021,PVFC_LIC_EXP_ATTEXP_CY,0.0
NI02OMLPLAN2021,PVFC_LIC_EXP_CLAIM_CF_PY,0.0
NI02OMLPLAN2021,PVFC_LIC_EXP_ATTEXP_PY,0.0
NI02OMLPLAN2021,RA_LRC_OP,1227729.09360403
NI02OMLPLAN2021,RA_LRC_NB_POS,0.0
NI02OMLPLAN2021,RA_LRC_UNWIND,-16550.52712214808
NI02OMLPLAN2021,RA_LRC_RELEASE,-1044.8128304393329
NI02OMLPLAN2021,RA_LRC_DEREC,0.0
NI02OMLPLAN2021,RA_LRC_TASSCHG,-359305.252548086
NI02OMLPLAN2021,RA_LRC_FASSCHG,-845349.0
NI02OMLPLAN2021,RA_LRC_CLO,5479.993245335779
NI02OMLPLAN2021,RA_LIC_OP,0.0
NI02OMLPLAN2021,RA_LIC_UNWIND,0.0
NI02OMLPLAN2021,RA_LIC_INCLAIM,0.0
NI02OMLPLAN2021,RA_LIC_RELEASE_PY,0.0
NI02OMLPLAN2021,RA_LIC_DEREC,0.0
NI02OMLPLAN2021,RA_LIC_TASSCHG_PY,0.0
NI02OMLPLAN2021,RA_LIC_FASSCHG_PY,0.0
NI02OMLPLAN2021,RA_LIC_CLO,0.0
NI02OMLPLAN2021,ACQ_CF_LRC_UNWIND,0.0
NI02OMLPLAN2021,ACQ_CF_LRC_EXP_ACQ_CF,0.0
NI02OMLPLAN2021,CROSS_SUB_OP,0.0
NI02OMLPLAN2021,CROSS_SUB_EXP,0.0
NI02OMLPLAN2021,CROSS_SUB_NB,0.0
NI02OMLPLAN2021,CROSS_SUB_IF_NB_TECH,0.0
NI02OMLPLAN2021,CROSS_SUB_TASSCHG,0.0
NI02OMLPLAN2021,CROSS_SUB_FASSCHG,0.0
NI02OMLPLAN2021,CROSS_SUB_CLO,0.0
NI02OMLPLAN2021,CROSS_SUB_IF_NB_FIN,0.0
NI02OMLPLAN2021,RA_LIC_RELEASE_CY,0.0
NI02OMLPLAN2021,PVFC_LRC_EXP_PREM_CURR_CF,0.0
NI02OMLPLAN2021,PVFC_LRC_EXP_ACQ_CURR_CF,0.0
NI02OMLPLAN2021,RA_LIC_FEXPVAR_CY,0.0
NI02OMLPLAN2022,PVFC_LRC_UNWIND,0.0
NI02OMLPLAN2022,PVFC_LRC_EXP_PREM_FUT_CF,35693.17981334176
NI02OMLPLAN2022,PVFC_LRC_EXP_ACQ_FUT_CF,-3569.317981334176
NI02OMLPLAN2022,PVFC_LRC_EXP_INCLAIM,-20989.51910626419
NI02OMLPLAN2022,PVFC_LRC_EXP_IC_PAYBL,0.0
NI02OMLPLAN2022,PVFC_LRC_EXP_ATTEXP,-80809.7219693159
NI02OMLPLAN2022,PVFC_LIC_UNWIND,0.0
NI02OMLPLAN2022,PVFC_LIC_EXP_CLAIM_CF_CY,0.0
NI02OMLPLAN2022,PVFC_LIC_EXP_ATTEXP_CY,0.0
NI02OMLPLAN2022,PVFC_LIC_EXP_CLAIM_CF_PY,0.0
NI02OMLPLAN2022,PVFC_LIC_EXP_ATTEXP_PY,0.0
NI02OMLPLAN2022,RA_LRC_OP,-4927.43427214099
NI02OMLPLAN2022,RA_LRC_NB_POS,0.0
NI02OMLPLAN2022,RA_LRC_UNWIND,-9.12667362317228
NI02OMLPLAN2022,RA_LRC_RELEASE,-34.050782992940114
NI02OMLPLAN2022,RA_LRC_DEREC,0.0
NI02OMLPLAN2022,RA_LRC_TASSCHG,4348.0
NI02OMLPLAN2022,RA_LRC_FASSCHG,935.0
NI02OMLPLAN2022,RA_LRC_CLO,321.15877139426766
NI02OMLPLAN2022,RA_LIC_OP,0.0
NI02OMLPLAN2022,RA_LIC_UNWIND,0.0
NI02OMLPLAN2022,RA_LIC_INCLAIM,0.0
NI02OMLPLAN2022,RA_LIC_RELEASE_PY,0.0
NI02OMLPLAN2022,RA_LIC_DEREC,0.0
NI02OMLPLAN2022,RA_LIC_TASSCHG_PY,0.0
NI02OMLPLAN2022,RA_LIC_FASSCHG_PY,0.0
NI02OMLPLAN2022,RA_LIC_CLO,0.0
NI02OMLPLAN2022,ACQ_CF_LRC_UNWIND,0.0
NI02OMLPLAN2022,ACQ_CF_LRC_EXP_ACQ_CF,0.0
NI02OMLPLAN2022,CROSS_SUB_OP,0.0
NI02OMLPLAN2022,CROSS_SUB_EXP,0.0
NI02OMLPLAN2022,CROSS_SUB_NB,0.0
NI02OMLPLAN2022,CROSS_SUB_IF_NB_TECH,0.0
NI02OMLPLAN2022,CROSS_SUB_TASSCHG,0.0
NI02OMLPLAN2022,CROSS_SUB_FASSCHG,0.0
NI02OMLPLAN2022,CROSS_SUB_CLO,0.0
NI02OMLPLAN2022,CROSS_SUB_IF_NB_FIN,0.0
NI02OMLPLAN2022,RA_LIC_RELEASE_CY,0.0
NI02OMLPLAN2022,PVFC_LRC_EXP_PREM_CURR_CF,0.0
NI02OMLPLAN2022,PVFC_LRC_EXP_ACQ_CURR_CF,0.0
NI02OMLPLAN2022,RA_LIC_FEXPVAR_CY,0.0
NI02OMLPLAN2023,PVFC_LRC_UNWIND,0.0
NI02OMLPLAN2023,PVFC_LRC_EXP_PREM_FUT_CF,85200.36039544237
NI02OMLPLAN2023,PVFC_LRC_EXP_ACQ_FUT_CF,-15103.071952648694
NI02OMLPLAN2023,PVFC_LRC_EXP_INCLAIM,-50215.6241232356
NI02OMLPLAN2023,PVFC_LRC_EXP_IC_PAYBL,0.0
NI02OMLPLAN2023,PVFC_LRC_EXP_ATTEXP,-101763.45035673457
NI02OMLPLAN2023,PVFC_LIC_UNWIND,0.0
NI02OMLPLAN2023,PVFC_LIC_EXP_CLAIM_CF_CY,0.0
NI02OMLPLAN2023,PVFC_LIC_EXP_ATTEXP_CY,0.0
NI02OMLPLAN2023,PVFC_LIC_EXP_CLAIM_CF_PY,0.0
NI02OMLPLAN2023,PVFC_LIC_EXP_ATTEXP_PY,0.0
NI02OMLPLAN2023,RA_LRC_OP,2332764.20777559
NI02OMLPLAN2023,RA_LRC_NB_POS,0.0
NI02OMLPLAN2023,RA_LRC_UNWIND,362.0
NI02OMLPLAN2023,RA_LRC_RELEASE,-50.83541321043053
NI02OMLPLAN2023,RA_LRC_DEREC,0.0
NI02OMLPLAN2023,RA_LRC_TASSCHG,-1632710.0
NI02OMLPLAN2023,RA_LRC_FASSCHG,-699769.8
NI02OMLPLAN2023,RA_LRC_CLO,596.0517441626517
NI02OMLPLAN2023,RA_LIC_OP,0.0
NI02OMLPLAN2023,RA_LIC_UNWIND,0.0
NI02OMLPLAN2023,RA_LIC_INCLAIM,0.0
NI02OMLPLAN2023,RA_LIC_RELEASE_PY,0.0
NI02OMLPLAN2023,RA_LIC_DEREC,0.0
NI02OMLPLAN2023,RA_LIC_TASSCHG_PY,0.0
NI02OMLPLAN2023,RA_LIC_FASSCHG_PY,0.0
NI02OMLPLAN2023,RA_LIC_CLO,0.0
NI02OMLPLAN2023,ACQ_CF_LRC_UNWIND,0.0
NI02OMLPLAN2023,ACQ_CF_LRC_EXP_ACQ_CF,0.0
NI02OMLPLAN2023,CROSS_SUB_OP,0.0
NI02OMLPLAN2023,CROSS_SUB_EXP,0.0
NI02OMLPLAN2023,CROSS_SUB_NB,0.0
NI02OMLPLAN2023,CROSS_SUB_IF_NB_TECH,0.0
NI02OMLPLAN2023,CROSS_SUB_TASSCHG,0.0
NI02OMLPLAN2023,CROSS_SUB_FASSCHG,0.0
NI02OMLPLAN2023,CROSS_SUB_CLO,0.0
NI02OMLPLAN2023,CROSS_SUB_IF_NB_FIN,0.0
NI02OMLPLAN2023,RA_LIC_RELEASE_CY,0.0
NI02OMLPLAN2023,PVFC_LRC_EXP_PREM_CURR_CF,0.0
NI02OMLPLAN2023,PVFC_LRC_EXP_ACQ_CURR_CF,0.0
NI02OMLPLAN2023,RA_LIC_FEXPVAR_CY,0.0
NI02OMLPLAN2024,PVFC_LRC_UNWIND,0.0
NI02OMLPLAN2024,PVFC_LRC_EXP_PREM_FUT_CF,4880.89063111795
NI02OMLPLAN2024,PVFC_LRC_EXP_ACQ_FUT_CF,734.6340714262043
NI02OMLPLAN2024,PVFC_LRC_EXP_INCLAIM,2918.5974717793138
NI02OMLPLAN2024,PVFC_LRC_EXP_IC_PAYBL,0.0
NI02OMLPLAN2024,PVFC_LRC_EXP_ATTEXP,13428.43772154494
NI02OMLPLAN2024,PVFC_LIC_UNWIND,0.0
NI02OMLPLAN2024,PVFC_LIC_EXP_CLAIM_CF_CY,0.0
NI02OMLPLAN2024,PVFC_LIC_EXP_ATTEXP_CY,0.0
NI02OMLPLAN2024,PVFC_LIC_EXP_CLAIM_CF_PY,0.0
NI02OMLPLAN2024,PVFC_LIC_EXP_ATTEXP_PY,0.0
NI02OMLPLAN2024,RA_LRC_OP,0.0
NI02OMLPLAN2024,RA_LRC_NB_POS,134.52308529472657
NI02OMLPLAN2024,RA_LRC_UNWIND,3.675170961887545
NI02OMLPLAN2024,RA_LRC_RELEASE,-5.467912550866403
NI02OMLPLAN2024,RA_LRC_DEREC,0.0
NI02OMLPLAN2024,RA_LRC_TASSCHG,-0.12241614548969437
NI02OMLPLAN2024,RA_LRC_FASSCHG,-18.924832433808874
NI02OMLPLAN2024,RA_LRC_CLO,113.68309512644915
NI02OMLPLAN2024,RA_LIC_OP,0.0
NI02OMLPLAN2024,RA_LIC_UNWIND,0.0
NI02OMLPLAN2024,RA_LIC_INCLAIM,0.0
NI02OMLPLAN2024,RA_LIC_RELEASE_PY,0.0
NI02OMLPLAN2024,RA_LIC_DEREC,0.0
NI02OMLPLAN2024,RA_LIC_TASSCHG_PY,0.0
NI02OMLPLAN2024,RA_LIC_FASSCHG_PY,0.0
NI02OMLPLAN2024,RA_LIC_CLO,0.0
NI02OMLPLAN2024,ACQ_CF_LRC_UNWIND,0.0
NI02OMLPLAN2024,ACQ_CF_LRC_EXP_ACQ_CF,0.0
NI02OMLPLAN2024,CROSS_SUB_OP,0.0
NI02OMLPLAN2024,CROSS_SUB_EXP,0.0
NI02OMLPLAN2024,CROSS_SUB_NB,0.0
NI02OMLPLAN2024,CROSS_SUB_IF_NB_TECH,0.0
NI02OMLPLAN2024,CROSS_SUB_TASSCHG,0.0
NI02OMLPLAN2024,CROSS_SUB_FASSCHG,0.0
NI02OMLPLAN2024,CROSS_SUB_CLO,0.0
NI02OMLPLAN2024,CROSS_SUB_IF_NB_FIN,0.0
NI02OMLPLAN2024,RA_LIC_RELEASE_CY,0.0
NI02OMLPLAN2024,PVFC_LRC_EXP_PREM_CURR_CF,0.0
NI02OMLPLAN2024,PVFC_LRC_EXP_ACQ_CURR_CF,0.0
NI02OMLPLAN2024,RA_LIC_FEXPVAR_CY,0.0
NI02OMORTGE2021,PVFC_LRC_UNWIND,0.0
NI02OMORTGE2021,PVFC_LRC_EXP_PREM_FUT_CF,566424.288134283
NI02OMORTGE2021,PVFC_LRC_EXP_ACQ_FUT_CF,-56642.4288134283
NI02OMORTGE2021,PVFC_LRC_EXP_INCLAIM,-3612213.496627747
NI02OMORTGE2021,PVFC_LRC_EXP_IC_PAYBL,0.0
NI02OMORTGE2021,PVFC_LRC_EXP_ATTEXP,-10207.281919171897
NI02OMORTGE2021,PVFC_LIC_UNWIND,0.0
NI02OMORTGE2021,PVFC_LIC_EXP_CLAIM_CF_CY,0.0
NI02OMORTGE2021,PVFC_LIC_EXP_ATTEXP_CY,0.0
NI02OMORTGE2021,PVFC_LIC_EXP_CLAIM_CF_PY,0.0
NI02OMORTGE2021,PVFC_LIC_EXP_ATTEXP_PY,0.0
NI02OMORTGE2021,RA_LRC_OP,4145980.73760325
NI02OMORTGE2021,RA_LRC_NB_POS,0.0
NI02OMORTGE2021,RA_LRC_UNWIND,-112352.75679160003
NI02OMORTGE2021,RA_LRC_RELEASE,-269029.714457487
NI02OMORTGE2021,RA_LRC_DEREC,0.0
NI02OMORTGE2021,RA_LRC_TASSCHG,-31961.882700207178
NI02OMORTGE2021,RA_LRC_FASSCHG,-179728.0
NI02OMORTGE2021,RA_LRC_CLO,3552907.793236676
NI02OMORTGE2021,RA_LIC_OP,0.0
NI02OMORTGE2021,RA_LIC_UNWIND,0.0
NI02OMORTGE2021,RA_LIC_INCLAIM,0.0
NI02OMORTGE2021,RA_LIC_RELEASE_PY,0.0
NI02OMORTGE2021,RA_LIC_DEREC,0.0
NI02OMORTGE2021,RA_LIC_TASSCHG_PY,0.0
NI02OMORTGE2021,RA_LIC_FASSCHG_PY,0.0
NI02OMORTGE2021,RA_LIC_CLO,0.0
NI02OMORTGE2021,ACQ_CF_LRC_UNWIND,0.0
NI02OMORTGE2021,ACQ_CF_LRC_EXP_ACQ_CF,0.0
NI02OMORTGE2021,CROSS_SUB_OP,0.0
NI02OMORTGE2021,CROSS_SUB_EXP,0.0
NI02OMORTGE2021,CROSS_SUB_NB,0.0
NI02OMORTGE2021,CROSS_SUB_IF_NB_TECH,0.0
NI02OMORTGE2021,CROSS_SUB_TASSCHG,0.0
NI02OMORTGE2021,CROSS_SUB_FASSCHG,0.0
NI02OMORTGE2021,CROSS_SUB_CLO,0.0
NI02OMORTGE2021,CROSS_SUB_IF_NB_FIN,0.0
NI02OMORTGE2021,RA_LIC_RELEASE_CY,0.0
NI02OMORTGE2021,PVFC_LRC_EXP_PREM_CURR_CF,0.0
NI02OMORTGE2021,PVFC_LRC_EXP_ACQ_CURR_CF,0.0
NI02OMORTGE2021,RA_LIC_FEXPVAR_CY,0.0
NI02PMORTGE2022,PVFC_LRC_UNWIND,0.0
NI02PMORTGE2022,PVFC_LRC_EXP_PREM_FUT_CF,0.0
NI02PMORTGE2022,PVFC_LRC_EXP_ACQ_FUT_CF,0.0
NI02PMORTGE2022,PVFC_LRC_EXP_INCLAIM,0.0
NI02PMORTGE2022,PVFC_LRC_EXP_IC_PAYBL,0.0
NI02PMORTGE2022,PVFC_LRC_EXP_ATTEXP,0.0
NI02PMORTGE2022,PVFC_LIC_UNWIND,0.0
NI02PMORTGE2022,PVFC_LIC_EXP_CLAIM_CF_CY,0.0
NI02PMORTGE2022,PVFC_LIC_EXP_ATTEXP_CY,0.0
NI02PMORTGE2022,PVFC_LIC_EXP_CLAIM_CF_PY,0.0
NI02PMORTGE2022,PVFC_LIC_EXP_ATTEXP_PY,0.0
NI02PMORTGE2022,RA_LRC_OP,-74537.763652249
NI02PMORTGE2022,RA_LRC_NB_POS,0.0
NI02PMORTGE2022,RA_LRC_UNWIND,0.0
NI02PMORTGE2022,RA_LRC_RELEASE,0.0
NI02PMORTGE2022,RA_LRC_DEREC,0.0
NI02PMORTGE2022,RA_LRC_TASSCHG,74537.763652249
NI02PMORTGE2022,RA_LRC_FASSCHG,0.0
NI02PMORTGE2022,RA_LRC_CLO,0.0
NI02PMORTGE2022,RA_LIC_OP,0.0
NI02PMORTGE2022,RA_LIC_UNWIND,0.0
NI02PMORTGE2022,RA_LIC_INCLAIM,0.0
NI02PMORTGE2022,RA_LIC_RELEASE_PY,0.0
NI02PMORTGE2022,RA_LIC_DEREC,0.0
NI02PMORTGE2022,RA_LIC_TASSCHG_PY,0.0
NI02PMORTGE2022,RA_LIC_FASSCHG_PY,0.0
NI02PMORTGE2022,RA_LIC_CLO,0.0
NI02PMORTGE2022,ACQ_CF_LRC_UNWIND,0.0
NI02PMORTGE2022,ACQ_CF_LRC_EXP_ACQ_CF,0.0
NI02PMORTGE2022,CROSS_SUB_OP,0.0
NI02PMORTGE2022,CROSS_SUB_EXP,0.0
NI02PMORTGE2022,CROSS_SUB_NB,0.0
NI02PMORTGE2022,CROSS_SUB_IF_NB_TECH,0.0
NI02PMORTGE2022,CROSS_SUB_TASSCHG,0.0
NI02PMORTGE2022,CROSS_SUB_FASSCHG,0.0
NI02PMORTGE2022,CROSS_SUB_CLO,0.0
NI02PMORTGE2022,CROSS_SUB_IF_NB_FIN,0.0
NI02PMORTGE2022,RA_LIC_RELEASE_CY,0.0
NI02PMORTGE2022,PVFC_LRC_EXP_PREM_CURR_CF,0.0
NI02PMORTGE2022,PVFC_LRC_EXP_ACQ_CURR_CF,0.0
NI02PMORTGE2022,RA_LIC_FEXPVAR_CY,0.0
NI02PMORTGE2023,PVFC_LRC_UNWIND,0.0
NI02PMORTGE2023,PVFC_LRC_EXP_PREM_FUT_CF,0.0
NI02PMORTGE2023,PVFC_LRC_EXP_ACQ_FUT_CF,0.0
NI02PMORTGE2023,PVFC_LRC_EXP_INCLAIM,-438606.6281787118
NI02PMORTGE2023,PVFC_LRC_EXP_IC_PAYBL,0.0
NI02PMORTGE2023,PVFC_LRC_EXP_ATTEXP,-19214.52671502425
NI02PMORTGE2023,PVFC_LIC_UNWIND,0.0
NI02PMORTGE2023,PVFC_LIC_EXP_CLAIM_CF_CY,0.0
NI02PMORTGE2023,PVFC_LIC_EXP_ATTEXP_CY,0.0
NI02PMORTGE2023,PVFC_LIC_EXP_CLAIM_CF_PY,0.0
NI02PMORTGE2023,PVFC_LIC_EXP_ATTEXP_PY,0.0
NI02PMORTGE2023,RA_LRC_OP,629973.830521993
NI02PMORTGE2023,RA_LRC_NB_POS,0.0
NI02PMORTGE2023,RA_LRC_UNWIND,535.3875277286497
NI02PMORTGE2023,RA_LRC_RELEASE,-34001.43221988296
NI02PMORTGE2023,RA_LRC_DEREC,0.0
NI02PMORTGE2023,RA_LRC_TASSCHG,414532.6613714716
NI02PMORTGE2023,RA_LRC_FASSCHG,-599453.0
NI02PMORTGE2023,RA_LRC_CLO,411587.46982228354
NI02PMORTGE2023,RA_LIC_OP,0.0
NI02PMORTGE2023,RA_LIC_UNWIND,0.0
NI02PMORTGE2023,RA_LIC_INCLAIM,0.0
NI02PMORTGE2023,RA_LIC_RELEASE_PY,0.0
NI02PMORTGE2023,RA_LIC_DEREC,0.0
NI02PMORTGE2023,RA_LIC_TASSCHG_PY,0.0
NI02PMORTGE2023,RA_LIC_FASSCHG_PY,0.0
NI02PMORTGE2023,RA_LIC_CLO,0.0
NI02PMORTGE2023,ACQ_CF_LRC_UNWIND,0.0
NI02PMORTGE2023,ACQ_CF_LRC_EXP_ACQ_CF,0.0
NI02PMORTGE2023,CROSS_SUB_OP,0.0
NI02PMORTGE2023,CROSS_SUB_EXP,0.0
NI02PMORTGE2023,CROSS_SUB_NB,0.0
NI02PMORTGE2023,CROSS_SUB_IF_NB_TECH,0.0
NI02PMORTGE2023,CROSS_SUB_TASSCHG,0.0
NI02PMORTGE2023,CROSS_SUB_FASSCHG,0.0
NI02PMORTGE2023,CROSS_SUB_CLO,0.0
NI02PMORTGE2023,CROSS_SUB_IF_NB_FIN,0.0
NI02PMORTGE2023,RA_LIC_RELEASE_CY,0.0
NI02PMORTGE2023,PVFC_LRC_EXP_PREM_CURR_CF,0.0
NI02PMORTGE2023,PVFC_LRC_EXP_ACQ_CURR_CF,0.0
NI02PMORTGE2023,RA_LIC_FEXPVAR_CY,0.0
NI02PMORTGE2024,PVFC_LRC_UNWIND,0.0
NI02PMORTGE2024,PVFC_LRC_EXP_PREM_FUT_CF,3888814.759
NI02PMORTGE2024,PVFC_LRC_EXP_ACQ_FUT_CF,388881.4759000001
NI02PMORTGE2024,PVFC_LRC_EXP_INCLAIM,398934.9229657954
NI02PMORTGE2024,PVFC_LRC_EXP_IC_PAYBL,0.0
NI02PMORTGE2024,PVFC_LRC_EXP_ATTEXP,1061994.79859787
NI02PMORTGE2024,PVFC_LIC_UNWIND,0.0
NI02PMORTGE2024,PVFC_LIC_EXP_CLAIM_CF_CY,0.0
NI02PMORTGE2024,PVFC_LIC_EXP_ATTEXP_CY,0.0
NI02PMORTGE2024,PVFC_LIC_EXP_CLAIM_CF_PY,0.0
NI02PMORTGE2024,PVFC_LIC_EXP_ATTEXP_PY,0.0
NI02PMORTGE2024,RA_LRC_OP,0.0
NI02PMORTGE2024,RA_LRC_NB_POS,173300.3855241379
NI02PMORTGE2024,RA_LRC_UNWIND,3991.124620554707
NI02PMORTGE2024,RA_LRC_RELEASE,-108500.23502581292
NI02PMORTGE2024,RA_LRC_DEREC,0.0
NI02PMORTGE2024,RA_LRC_TASSCHG,989.906705217436
NI02PMORTGE2024,RA_LRC_FASSCHG,-2190.4655257813865
NI02PMORTGE2024,RA_LRC_CLO,67590.71629831575
NI02PMORTGE2024,RA_LIC_OP,0.0
NI02PMORTGE2024,RA_LIC_UNWIND,0.0
NI02PMORTGE2024,RA_LIC_INCLAIM,0.0
NI02PMORTGE2024,RA_LIC_RELEASE_PY,0.0
NI02PMORTGE2024,RA_LIC_DEREC,0.0
NI02PMORTGE2024,RA_LIC_TASSCHG_PY,0.0
NI02PMORTGE2024,RA_LIC_FASSCHG_PY,0.0
NI02PMORTGE2024,RA_LIC_CLO,0.0
NI02PMORTGE2024,ACQ_CF_LRC_UNWIND,0.0
NI02PMORTGE2024,ACQ_CF_LRC_EXP_ACQ_CF,0.0
NI02PMORTGE2024,CROSS_SUB_OP,0.0
NI02PMORTGE2024,CROSS_SUB_EXP,0.0
NI02PMORTGE2024,CROSS_SUB_NB,0.0
NI02PMORTGE2024,CROSS_SUB_IF_NB_TECH,0.0
NI02PMORTGE2024,CROSS_SUB_TASSCHG,0.0
NI02PMORTGE2024,CROSS_SUB_FASSCHG,0.0
NI02PMORTGE2024,CROSS_SUB_CLO,0.0
NI02PMORTGE2024,CROSS_SUB_IF_NB_FIN,0.0
NI02PMORTGE2024,RA_LIC_RELEASE_CY,0.0
NI02PMORTGE2024,PVFC_LRC_EXP_PREM_CURR_CF,0.0
NI02PMORTGE2024,PVFC_LRC_EXP_ACQ_CURR_CF,0.0
NI02PMORTGE2024,RA_LIC_FEXPVAR_CY,0.0
NI02PSMRTRE2021,PVFC_LRC_UNWIND,0.0
NI02PSMRTRE2021,PVFC_LRC_EXP_PREM_FUT_CF,0.0
NI02PSMRTRE2021,PVFC_LRC_EXP_ACQ_FUT_CF,0.0
NI02PSMRTRE2021,PVFC_LRC_EXP_INCLAIM,0.0
NI02PSMRTRE2021,PVFC_LRC_EXP_IC_PAYBL,0.0
NI02PSMRTRE2021,PVFC_LRC_EXP_ATTEXP,0.0
NI02PSMRTRE2021,PVFC_LIC_UNWIND,0.0
NI02PSMRTRE2021,PVFC_LIC_EXP_CLAIM_CF_CY,0.0
NI02PSMRTRE2021,PVFC_LIC_EXP_ATTEXP_CY,0.0
NI02PSMRTRE2021,PVFC_LIC_EXP_CLAIM_CF_PY,0.0
NI02PSMRTRE2021,PVFC_LIC_EXP_ATTEXP_PY,0.0
NI02PSMRTRE2021,RA_LRC_OP,-899.96074783476
NI02PSMRTRE2021,RA_LRC_NB_POS,0.0
NI02PSMRTRE2021,RA_LRC_UNWIND,0.0
NI02PSMRTRE2021,RA_LRC_RELEASE,0.0
NI02PSMRTRE2021,RA_LRC_DEREC,0.0
NI02PSMRTRE2021,RA_LRC_TASSCHG,900.0
NI02PSMRTRE2021,RA_LRC_FASSCHG,0.0
NI02PSMRTRE2021,RA_LRC_CLO,0.0
NI02PSMRTRE2021,RA_LIC_OP,0.0
NI02PSMRTRE2021,RA_LIC_UNWIND,0.0
NI02PSMRTRE2021,RA_LIC_INCLAIM,0.0
NI02PSMRTRE2021,RA_LIC_RELEASE_PY,0.0
NI02PSMRTRE2021,RA_LIC_DEREC,0.0
NI02PSMRTRE2021,RA_LIC_TASSCHG_PY,0.0
NI02PSMRTRE2021,RA_LIC_FASSCHG_PY,0.0
NI02PSMRTRE2021,RA_LIC_CLO,0.0
NI02PSMRTRE2021,ACQ_CF_LRC_UNWIND,0.0
NI02PSMRTRE2021,ACQ_CF_LRC_EXP_ACQ_CF,0.0
NI02PSMRTRE2021,CROSS_SUB_OP,0.0
NI02PSMRTRE2021,CROSS_SUB_EXP,0.0
NI02PSMRTRE2021,CROSS_SUB_NB,0.0
NI02PSMRTRE2021,CROSS_SUB_IF_NB_TECH,0.0
NI02PSMRTRE2021,CROSS_SUB_TASSCHG,0.0
NI02PSMRTRE2021,CROSS_SUB_FASSCHG,0.0
NI02PSMRTRE2021,CROSS_SUB_CLO,0.0
NI02PSMRTRE2021,CROSS_SUB_IF_NB_FIN,0.0
NI02PSMRTRE2021,RA_LIC_RELEASE_CY,0.0
NI02PSMRTRE2021,PVFC_LRC_EXP_PREM_CURR_CF,0.0
NI02PSMRTRE2021,PVFC_LRC_EXP_ACQ_CURR_CF,0.0
NI02PSMRTRE2021,RA_LIC_FEXPVAR_CY,0.0
NI02OTMLIFE2021,PVFC_LRC_UNWIND,0.0
NI02OTMLIFE2021,PVFC_LRC_EXP_PREM_FUT_CF,1350202.917117136
NI02OTMLIFE2021,PVFC_LRC_EXP_ACQ_FUT_CF,-135020.29171171362
NI02OTMLIFE2021,PVFC_LRC_EXP_INCLAIM,-3156785.0328863105
NI02OTMLIFE2021,PVFC_LRC_EXP_IC_PAYBL,0.0
NI02OTMLIFE2021,PVFC_LRC_EXP_ATTEXP,-232310.9182868498
NI02OTMLIFE2021,PVFC_LIC_UNWIND,0.0
NI02OTMLIFE2021,PVFC_LIC_EXP_CLAIM_CF_CY,0.0
NI02OTMLIFE2021,PVFC_LIC_EXP_ATTEXP_CY,0.0
NI02OTMLIFE2021,PVFC_LIC_EXP_CLAIM_CF_PY,0.0
NI02OTMLIFE2021,PVFC_LIC_EXP_ATTEXP_PY,0.0
NI02OTMLIFE2021,RA_LRC_OP,5168502.46172834
NI02OTMLIFE2021,RA_LRC_NB_POS,0.0
NI02OTMLIFE2021,RA_LRC_UNWIND,-147841.64648864977
NI02OTMLIFE2021,RA_LRC_RELEASE,-240116.61281259655
NI02OTMLIFE2021,RA_LRC_DEREC,0.0
NI02OTMLIFE2021,RA_LRC_TASSCHG,-5536.206207686104
NI02OTMLIFE2021,RA_LRC_FASSCHG,-479855.0
NI02OTMLIFE2021,RA_LRC_CLO,4295152.8657916365
NI02OTMLIFE2021,RA_LIC_OP,0.0
NI02OTMLIFE2021,RA_LIC_UNWIND,0.0
NI02OTMLIFE2021,RA_LIC_INCLAIM,0.0
NI02OTMLIFE2021,RA_LIC_RELEASE_PY,0.0
NI02OTMLIFE2021,RA_LIC_DEREC,0.0
NI02OTMLIFE2021,RA_LIC_TASSCHG_PY,0.0
NI02OTMLIFE2021,RA_LIC_FASSCHG_PY,0.0
NI02OTMLIFE2021,RA_LIC_CLO,0.0
NI02OTMLIFE2021,ACQ_CF_LRC_UNWIND,0.0
NI02OTMLIFE2021,ACQ_CF_LRC_EXP_ACQ_CF,0.0
NI02OTMLIFE2021,CROSS_SUB_OP,0.0
NI02OTMLIFE2021,CROSS_SUB_EXP,0.0
NI02OTMLIFE2021,CROSS_SUB_NB,0.0
NI02OTMLIFE2021,CROSS_SUB_IF_NB_TECH,0.0
NI02OTMLIFE2021,CROSS_SUB_TASSCHG,0.0
NI02OTMLIFE2021,CROSS_SUB_FASSCHG,0.0
NI02OTMLIFE2021,CROSS_SUB_CLO,0.0
NI02OTMLIFE2021,CROSS_SUB_IF_NB_FIN,0.0
NI02OTMLIFE2021,RA_LIC_RELEASE_CY,0.0
NI02OTMLIFE2021,PVFC_LRC_EXP_PREM_CURR_CF,0.0
NI02OTMLIFE2021,PVFC_LRC_EXP_ACQ_CURR_CF,0.0
NI02OTMLIFE2021,RA_LIC_FEXPVAR_CY,0.0
NI02PTMLIFE2022,PVFC_LRC_UNWIND,0.0
NI02PTMLIFE2022,PVFC_LRC_EXP_PREM_FUT_CF,1302128.4727067617
NI02PTMLIFE2022,PVFC_LRC_EXP_ACQ_FUT_CF,-130212.84727067617
NI02PTMLIFE2022,PVFC_LRC_EXP_INCLAIM,-1618126.2463565618
NI02PTMLIFE2022,PVFC_LRC_EXP_IC_PAYBL,0.0
NI02PTMLIFE2022,PVFC_LRC_EXP_ATTEXP,-69812.15697691507
NI02PTMLIFE2022,PVFC_LIC_UNWIND,0.0
NI02PTMLIFE2022,PVFC_LIC_EXP_CLAIM_CF_CY,0.0
NI02PTMLIFE2022,PVFC_LIC_EXP_ATTEXP_CY,0.0
NI02PTMLIFE2022,PVFC_LIC_EXP_CLAIM_CF_PY,0.0
NI02PTMLIFE2022,PVFC_LIC_EXP_ATTEXP_PY,0.0
NI02PTMLIFE2022,RA_LRC_OP,-160875.8337082
NI02PTMLIFE2022,RA_LRC_NB_POS,0.0
NI02PTMLIFE2022,RA_LRC_UNWIND,-9859.314041598001
NI02PTMLIFE2022,RA_LRC_RELEASE,-119590.0198412614
NI02PTMLIFE2022,RA_LRC_DEREC,0.0
NI02PTMLIFE2022,RA_LRC_TASSCHG,256344.0
NI02PTMLIFE2022,RA_LRC_FASSCHG,704847.0
NI02PTMLIFE2022,RA_LRC_CLO,670866.2729859311
NI02PTMLIFE2022,RA_LIC_OP,0.0
NI02PTMLIFE2022,RA_LIC_UNWIND,0.0
NI02PTMLIFE2022,RA_LIC_INCLAIM,0.0
NI02PTMLIFE2022,RA_LIC_RELEASE_PY,0.0
NI02PTMLIFE2022,RA_LIC_DEREC,0.0
NI02PTMLIFE2022,RA_LIC_TASSCHG_PY,0.0
NI02PTMLIFE2022,RA_LIC_FASSCHG_PY,0.0
NI02PTMLIFE2022,RA_LIC_CLO,0.0
NI02PTMLIFE2022,ACQ_CF_LRC_UNWIND,0.0
NI02PTMLIFE2022,ACQ_CF_LRC_EXP_ACQ_CF,0.0
NI02PTMLIFE2022,CROSS_SUB_OP,0.0
NI02PTMLIFE2022,CROSS_SUB_EXP,0.0
NI02PTMLIFE2022,CROSS_SUB_NB,0.0
NI02PTMLIFE2022,CROSS_SUB_IF_NB_TECH,0.0
NI02PTMLIFE2022,CROSS_SUB_TASSCHG,0.0
NI02PTMLIFE2022,CROSS_SUB_FASSCHG,0.0
NI02PTMLIFE2022,CROSS_SUB_CLO,0.0
NI02PTMLIFE2022,CROSS_SUB_IF_NB_FIN,0.0
NI02PTMLIFE2022,RA_LIC_RELEASE_CY,0.0
NI02PTMLIFE2022,PVFC_LRC_EXP_PREM_CURR_CF,0.0
NI02PTMLIFE2022,PVFC_LRC_EXP_ACQ_CURR_CF,0.0
NI02PTMLIFE2022,RA_LIC_FEXPVAR_CY,0.0
NI02PTMLIFE2023,PVFC_LRC_UNWIND,0.0
NI02PTMLIFE2023,PVFC_LRC_EXP_PREM_FUT_CF,0.0
NI02PTMLIFE2023,PVFC_LRC_EXP_ACQ_FUT_CF,0.0
NI02PTMLIFE2023,PVFC_LRC_EXP_INCLAIM,-78440.8248370614
NI02PTMLIFE2023,PVFC_LRC_EXP_IC_PAYBL,0.0
NI02PTMLIFE2023,PVFC_LRC_EXP_ATTEXP,-16178.910742358967
NI02PTMLIFE2023,PVFC_LIC_UNWIND,0.0
NI02PTMLIFE2023,PVFC_LIC_EXP_CLAIM_CF_CY,0.0
NI02PTMLIFE2023,PVFC_LIC_EXP_ATTEXP_CY,0.0
NI02PTMLIFE2023,PVFC_LIC_EXP_CLAIM_CF_PY,0.0
NI02PTMLIFE2023,PVFC_LIC_EXP_ATTEXP_PY,0.0
NI02PTMLIFE2023,RA_LRC_OP,-18825.0597178682
NI02PTMLIFE2023,RA_LRC_NB_POS,0.0
NI02PTMLIFE2023,RA_LRC_UNWIND,-16.963308279198827
NI02PTMLIFE2023,RA_LRC_RELEASE,-6703.78494438593
NI02PTMLIFE2023,RA_LRC_DEREC,0.0
NI02PTMLIFE2023,RA_LRC_TASSCHG,1242020.1400189784
NI02PTMLIFE2023,RA_LRC_FASSCHG,-61046.0
NI02PTMLIFE2023,RA_LRC_CLO,1155427.649308932
NI02PTMLIFE2023,RA_LIC_OP,0.0
NI02PTMLIFE2023,RA_LIC_UNWIND,0.0
NI02PTMLIFE2023,RA_LIC_INCLAIM,0.0
NI02PTMLIFE2023,RA_LIC_RELEASE_PY,0.0
NI02PTMLIFE2023,RA_LIC_DEREC,0.0
NI02PTMLIFE2023,RA_LIC_TASSCHG_PY,0.0
NI02PTMLIFE2023,RA_LIC_FASSCHG_PY,0.0
NI02PTMLIFE2023,RA_LIC_CLO,0.0
NI02PTMLIFE2023,ACQ_CF_LRC_UNWIND,0.0
NI02PTMLIFE2023,ACQ_CF_LRC_EXP_ACQ_CF,0.0
NI02PTMLIFE2023,CROSS_SUB_OP,0.0
NI02PTMLIFE2023,CROSS_SUB_EXP,0.0
NI02PTMLIFE2023,CROSS_SUB_NB,0.0
NI02PTMLIFE2023,CROSS_SUB_IF_NB_TECH,0.0
NI02PTMLIFE2023,CROSS_SUB_TASSCHG,0.0
NI02PTMLIFE2023,CROSS_SUB_FASSCHG,0.0
NI02PTMLIFE2023,CROSS_SUB_CLO,0.0
NI02PTMLIFE2023,CROSS_SUB_IF_NB_FIN,0.0
NI02PTMLIFE2023,RA_LIC_RELEASE_CY,0.0
NI02PTMLIFE2023,PVFC_LRC_EXP_PREM_CURR_CF,0.0
NI02PTMLIFE2023,PVFC_LRC_EXP_ACQ_CURR_CF,0.0
NI02PTMLIFE2023,RA_LIC_FEXPVAR_CY,0.0
NI02PTMLIFE2024,PVFC_LRC_UNWIND,0.0
NI02PTMLIFE2024,PVFC_LRC_EXP_PREM_FUT_CF,7628823.49
NI02PTMLIFE2024,PVFC_LRC_EXP_ACQ_FUT_CF,1480064.6979999999
NI02PTMLIFE2024,PVFC_LRC_EXP_INCLAIM,431570.79879000114
NI02PTMLIFE2024,PVFC_LRC_EXP_IC_PAYBL,0.0
NI02PTMLIFE2024,PVFC_LRC_EXP_ATTEXP,1382050.948758502
NI02PTMLIFE2024,PVFC_LIC_UNWIND,0.0
NI02PTMLIFE2024,PVFC_LIC_EXP_CLAIM_CF_CY,0.0
NI02PTMLIFE2024,PVFC_LIC_EXP_ATTEXP_CY,0.0
NI02PTMLIFE2024,PVFC_LIC_EXP_CLAIM_CF_PY,0.0
NI02PTMLIFE2024,PVFC_LIC_EXP_ATTEXP_PY,0.0
NI02PTMLIFE2024,RA_LRC_OP,0.0
NI02PTMLIFE2024,RA_LRC_NB_POS,426671.2030707202
NI02PTMLIFE2024,RA_LRC_UNWIND,10534.638519075641
NI02PTMLIFE2024,RA_LRC_RELEASE,-128494.65380107157
NI02PTMLIFE2024,RA_LRC_DEREC,0.0
NI02PTMLIFE2024,RA_LRC_TASSCHG,4159.825271035137
NI02PTMLIFE2024,RA_LRC_FASSCHG,-26949.188971116033
NI02PTMLIFE2024,RA_LRC_CLO,285921.82408864336
NI02PTMLIFE2024,RA_LIC_OP,0.0
NI02PTMLIFE2024,RA_LIC_UNWIND,0.0
NI02PTMLIFE2024,RA_LIC_INCLAIM,0.0
NI02PTMLIFE2024,RA_LIC_RELEASE_PY,0.0
NI02PTMLIFE2024,RA_LIC_DEREC,0.0
NI02PTMLIFE2024,RA_LIC_TASSCHG_PY,0.0
NI02PTMLIFE2024,RA_LIC_FASSCHG_PY,0.0
NI02PTMLIFE2024,RA_LIC_CLO,0.0
NI02PTMLIFE2024,ACQ_CF_LRC_UNWIND,0.0
NI02PTMLIFE2024,ACQ_CF_LRC_EXP_ACQ_CF,0.0
NI02PTMLIFE2024,CROSS_SUB_OP,0.0
NI02PTMLIFE2024,CROSS_SUB_EXP,0.0
NI02PTMLIFE2024,CROSS_SUB_NB,0.0
NI02PTMLIFE2024,CROSS_SUB_IF_NB_TECH,0.0
NI02PTMLIFE2024,CROSS_SUB_TASSCHG,0.0
NI02PTMLIFE2024,CROSS_SUB_FASSCHG,0.0
NI02PTMLIFE2024,CROSS_SUB_CLO,0.0
NI02PTMLIFE2024,CROSS_SUB_IF_NB_FIN,0.0
NI02PTMLIFE2024,RA_LIC_RELEASE_CY,0.0
NI02PTMLIFE2024,PVFC_LRC_EXP_PREM_CURR_CF,0.0
NI02PTMLIFE2024,PVFC_LRC_EXP_ACQ_CURR_CF,0.0
NI02PTMLIFE2024,RA_LIC_FEXPVAR_CY,0.0
NI02PWHLIFE2021,PVFC_LRC_UNWIND,0.0
NI02PWHLIFE2021,PVFC_LRC_EXP_PREM_FUT_CF,16528594.333514491
NI02PWHLIFE2021,PVFC_LRC_EXP_ACQ_FUT_CF,-1652859.433351449
NI02PWHLIFE2021,PVFC_LRC_EXP_INCLAIM,-7320690.920692628
NI02PWHLIFE2021,PVFC_LRC_EXP_IC_PAYBL,-1632273.681961572
NI02PWHLIFE2021,PVFC_LRC_EXP_ATTEXP,-677880.750881976
NI02PWHLIFE2021,PVFC_LIC_UNWIND,0.0
NI02PWHLIFE2021,PVFC_LIC_EXP_CLAIM_CF_CY,0.0
NI02PWHLIFE2021,PVFC_LIC_EXP_ATTEXP_CY,0.0
NI02PWHLIFE2021,PVFC_LIC_EXP_CLAIM_CF_PY,0.0
NI02PWHLIFE2021,PVFC_LIC_EXP_ATTEXP_PY,0.0
NI02PWHLIFE2021,RA_LRC_OP,16169094.5908125
NI02PWHLIFE2021,RA_LRC_NB_POS,0.0
NI02PWHLIFE2021,RA_LRC_UNWIND,-575156.556928169
NI02PWHLIFE2021,RA_LRC_RELEASE,-360891.4095683318
NI02PWHLIFE2021,RA_LRC_DEREC,0.0
NI02PWHLIFE2021,RA_LRC_TASSCHG,-1447346.1277211513
NI02PWHLIFE2021,RA_LRC_FASSCHG,-2461388.0
NI02PWHLIFE2021,RA_LRC_CLO,11324311.833462227
NI02PWHLIFE2021,RA_LIC_OP,0.0
NI02PWHLIFE2021,RA_LIC_UNWIND,0.0
NI02PWHLIFE2021,RA_LIC_INCLAIM,0.0
NI02PWHLIFE2021,RA_LIC_RELEASE_PY,0.0
NI02PWHLIFE2021,RA_LIC_DEREC,0.0
NI02PWHLIFE2021,RA_LIC_TASSCHG_PY,0.0
NI02PWHLIFE2021,RA_LIC_FASSCHG_PY,0.0
NI02PWHLIFE2021,RA_LIC_CLO,0.0
NI02PWHLIFE2021,ACQ_CF_LRC_UNWIND,0.0
NI02PWHLIFE2021,ACQ_CF_LRC_EXP_ACQ_CF,0.0
NI02PWHLIFE2021,CROSS_SUB_OP,0.0
NI02PWHLIFE2021,CROSS_SUB_EXP,0.0
NI02PWHLIFE2021,CROSS_SUB_NB,0.0
NI02PWHLIFE2021,CROSS_SUB_IF_NB_TECH,0.0
NI02PWHLIFE2021,CROSS_SUB_TASSCHG,0.0
NI02PWHLIFE2021,CROSS_SUB_FASSCHG,0.0
NI02PWHLIFE2021,CROSS_SUB_CLO,0.0
NI02PWHLIFE2021,CROSS_SUB_IF_NB_FIN,0.0
NI02PWHLIFE2021,RA_LIC_RELEASE_CY,0.0
NI02PWHLIFE2021,PVFC_LRC_EXP_PREM_CURR_CF,0.0
NI02PWHLIFE2021,PVFC_LRC_EXP_ACQ_CURR_CF,0.0
NI02PWHLIFE2021,RA_LIC_FEXPVAR_CY,0.0
NI02PWHLIFE2023,PVFC_LRC_UNWIND,0.0
NI02PWHLIFE2023,PVFC_LRC_EXP_PREM_FUT_CF,771702.0151044987
NI02PWHLIFE2023,PVFC_LRC_EXP_ACQ_FUT_CF,-154340.40302089974
NI02PWHLIFE2023,PVFC_LRC_EXP_INCLAIM,-84271.94450016084
NI02PWHLIFE2023,PVFC_LRC_EXP_IC_PAYBL,0.0
NI02PWHLIFE2023,PVFC_LRC_EXP_ATTEXP,-19202.432277677704
NI02PWHLIFE2023,PVFC_LIC_UNWIND,0.0
NI02PWHLIFE2023,PVFC_LIC_EXP_CLAIM_CF_CY,0.0
NI02PWHLIFE2023,PVFC_LIC_EXP_ATTEXP_CY,0.0
NI02PWHLIFE2023,PVFC_LIC_EXP_CLAIM_CF_PY,0.0
NI02PWHLIFE2023,PVFC_LIC_EXP_ATTEXP_PY,0.0
NI02PWHLIFE2023,RA_LRC_OP,284312.268867979
NI02PWHLIFE2023,RA_LRC_NB_POS,0.0
NI02PWHLIFE2023,RA_LRC_UNWIND,-4583.256013438688
NI02PWHLIFE2023,RA_LRC_RELEASE,-4668.710267643003
NI02PWHLIFE2023,RA_LRC_DEREC,0.0
NI02PWHLIFE2023,RA_LRC_TASSCHG,-28926.67047962197
NI02PWHLIFE2023,RA_LRC_FASSCHG,-93428.0
NI02PWHLIFE2023,RA_LRC_CLO,152706.3538382996
NI02PWHLIFE2023,RA_LIC_OP,0.0
NI02PWHLIFE2023,RA_LIC_UNWIND,0.0
NI02PWHLIFE2023,RA_LIC_INCLAIM,0.0
NI02PWHLIFE2023,RA_LIC_RELEASE_PY,0.0
NI02PWHLIFE2023,RA_LIC_DEREC,0.0
NI02PWHLIFE2023,RA_LIC_TASSCHG_PY,0.0
NI02PWHLIFE2023,RA_LIC_FASSCHG_PY,0.0
NI02PWHLIFE2023,RA_LIC_CLO,0.0
NI02PWHLIFE2023,ACQ_CF_LRC_UNWIND,0.0
NI02PWHLIFE2023,ACQ_CF_LRC_EXP_ACQ_CF,0.0
NI02PWHLIFE2023,CROSS_SUB_OP,0.0
NI02PWHLIFE2023,CROSS_SUB_EXP,0.0
NI02PWHLIFE2023,CROSS_SUB_NB,0.0
NI02PWHLIFE2023,CROSS_SUB_IF_NB_TECH,0.0
NI02PWHLIFE2023,CROSS_SUB_TASSCHG,0.0
NI02PWHLIFE2023,CROSS_SUB_FASSCHG,0.0
NI02PWHLIFE2023,CROSS_SUB_CLO,0.0
NI02PWHLIFE2023,CROSS_SUB_IF_NB_FIN,0.0
NI02PWHLIFE2023,RA_LIC_RELEASE_CY,0.0
NI02PWHLIFE2023,PVFC_LRC_EXP_PREM_CURR_CF,0.0
NI02PWHLIFE2023,PVFC_LRC_EXP_ACQ_CURR_CF,0.0
NI02PWHLIFE2023,RA_LIC_FEXPVAR_CY,0.0
