GOC_ID,VARIABLE_NAME,1
NI02PANNUIT2021,ACTUARIAL_ACTUAL_CLAIMS_CF_CY,0
NI02PANNUIT2021,ACTUARIAL_ACTUAL_EXPENSE_CLHANDL_CF_CY,0
NI02PANNUIT2021,ACTUARIAL_ACTUAL_CLAIMS_CF_PY,0
NI02PANNUIT2021,ACTUARIAL_ACTUAL_EXPENSE_CF_PY,0
NI02PANNUIT2021,ACTUARIAL_ACTUAL_EXPENSE_NCLHANDL_CF_CY,0
NI02PANNUIT2021,INVESTMENT_INCOME_PNL,0
NI02PANNUIT2021,INVESTMENT_INCOME_OCI,0
NI02PANNUIT2021,NON_ATTRIBUTABLE_EXPENSE,0
NI02OMORTGE2021,ACTUARIAL_ACTUAL_CLAIMS_CF_CY,0
NI02OMORTGE2021,ACTUARIAL_ACTUAL_EXPENSE_CLHANDL_CF_CY,0
NI02OMORTGE2021,ACTUARIAL_ACTUAL_CLAIMS_CF_PY,0
NI02OMORTGE2021,ACTUARIAL_ACTUAL_EXPENSE_CF_PY,0
NI02OMORTGE2021,ACTUARIAL_ACTUAL_EXPENSE_NCLHANDL_CF_CY,0
NI02OMORTGE2021,INVESTMENT_INCOME_PNL,0
NI02OMORTGE2021,INVESTMENT_INCOME_OCI,0
NI02OMORTGE2021,NON_ATTRIBUTABLE_EXPENSE,0
NI02PMORTGE2022,ACTUARIAL_ACTUAL_CLAIMS_CF_CY,0
NI02PMORTGE2022,ACTUARIAL_ACTUAL_EXPENSE_CLHANDL_CF_CY,0
NI02PMORTGE2022,ACTUARIAL_ACTUAL_CLAIMS_CF_PY,0
NI02PMORTGE2022,ACTUARIAL_ACTUAL_EXPENSE_CF_PY,0
NI02PMORTGE2022,ACTUARIAL_ACTUAL_EXPENSE_NCLHANDL_CF_CY,0
NI02PMORTGE2022,INVESTMENT_INCOME_PNL,0
NI02PMORTGE2022,INVESTMENT_INCOME_OCI,0
NI02PMORTGE2022,NON_ATTRIBUTABLE_EXPENSE,0
NI02PSMRTRE2021,ACTUARIAL_ACTUAL_CLAIMS_CF_CY,0
NI02PSMRTRE2021,ACTUARIAL_ACTUAL_EXPENSE_CLHANDL_CF_CY,0
NI02PSMRTRE2021,ACTUARIAL_ACTUAL_CLAIMS_CF_PY,0
NI02PSMRTRE2021,ACTUARIAL_ACTUAL_EXPENSE_CF_PY,0
NI02PSMRTRE2021,ACTUARIAL_ACTUAL_EXPENSE_NCLHANDL_CF_CY,0
NI02PSMRTRE2021,INVESTMENT_INCOME_PNL,0
NI02PSMRTRE2021,INVESTMENT_INCOME_OCI,0
NI02PSMRTRE2021,NON_ATTRIBUTABLE_EXPENSE,0
NI02OTMLIFE2021,ACTUARIAL_ACTUAL_CLAIMS_CF_CY,0
NI02OTMLIFE2021,ACTUARIAL_ACTUAL_EXPENSE_CLHANDL_CF_CY,0
NI02OTMLIFE2021,ACTUARIAL_ACTUAL_CLAIMS_CF_PY,0
NI02OTMLIFE2021,ACTUARIAL_ACTUAL_EXPENSE_CF_PY,0
NI02OTMLIFE2021,ACTUARIAL_ACTUAL_EXPENSE_NCLHANDL_CF_CY,0
NI02OTMLIFE2021,INVESTMENT_INCOME_PNL,0
NI02OTMLIFE2021,INVESTMENT_INCOME_OCI,0
NI02OTMLIFE2021,NON_ATTRIBUTABLE_EXPENSE,0
NI02PTMLIFE2022,ACTUARIAL_ACTUAL_CLAIMS_CF_CY,0
NI02PTMLIFE2022,ACTUARIAL_ACTUAL_EXPENSE_CLHANDL_CF_CY,0
NI02PTMLIFE2022,ACTUARIAL_ACTUAL_CLAIMS_CF_PY,0
NI02PTMLIFE2022,ACTUARIAL_ACTUAL_EXPENSE_CF_PY,0
NI02PTMLIFE2022,ACTUARIAL_ACTUAL_EXPENSE_NCLHANDL_CF_CY,0
NI02PTMLIFE2022,INVESTMENT_INCOME_PNL,0
NI02PTMLIFE2022,INVESTMENT_INCOME_OCI,0
NI02PTMLIFE2022,NON_ATTRIBUTABLE_EXPENSE,0
NI02PWHLIFE2021,ACTUARIAL_ACTUAL_CLAIMS_CF_CY,0
NI02PWHLIFE2021,ACTUARIAL_ACTUAL_EXPENSE_CLHANDL_CF_CY,0
NI02PWHLIFE2021,ACTUARIAL_ACTUAL_CLAIMS_CF_PY,0
NI02PWHLIFE2021,ACTUARIAL_ACTUAL_EXPENSE_CF_PY,0
NI02PWHLIFE2021,ACTUARIAL_ACTUAL_EXPENSE_NCLHANDL_CF_CY,0
NI02PWHLIFE2021,INVESTMENT_INCOME_PNL,0
NI02PWHLIFE2021,INVESTMENT_INCOME_OCI,0
NI02PWHLIFE2021,NON_ATTRIBUTABLE_EXPENSE,0
