GOC_ID,STEP_ID,1
NI02OAIPLAN2021,PVFC_LRC_UNWIND,0.0
NI02OAIPLAN2021,PVFC_LRC_EXP_PREM_FUT_CF,103047.92677695003
NI02OAIPLAN2021,PVFC_LRC_EXP_ACQ_FUT_CF,-14618.342843329754
NI02OAIPLAN2021,PVFC_LRC_EXP_INCLAIM,-58129611.078348346
NI02OAIPLAN2021,PVFC_LRC_EXP_IC_PAYBL,0.0
NI02OAIPLAN2021,PVFC_LRC_EXP_ATTEXP,-1131583.2926483091
NI02OAIPLAN2021,PVFC_LIC_UNWIND,0.0
NI02OAIPLAN2021,PVFC_LIC_EXP_CLAIM_CF_CY,0.0
NI02OAIPLAN2021,PVFC_LIC_EXP_ATTEXP_CY,0.0
NI02OAIPLAN2021,PVFC_LIC_EXP_CLAIM_CF_PY,0.0
NI02OAIPLAN2021,PVFC_LIC_EXP_ATTEXP_PY,0.0
NI02OAIPLAN2021,RA_LRC_OP,4000174.625206293
NI02OAIPLAN2021,RA_LRC_NB_POS,0.0
NI02OAIPLAN2021,RA_LRC_UNWIND,99050.0545209581
NI02OAIPLAN2021,RA_LRC_RELEASE,-4099224.679727251
NI02OAIPLAN2021,RA_LRC_DEREC,0.0
NI02OAIPLAN2021,RA_LRC_TASSCHG,0.0
NI02OAIPLAN2021,RA_LRC_FASSCHG,0.0
NI02OAIPLAN2021,RA_LRC_CLO,0.0
NI02OAIPLAN2021,RA_LIC_OP,0.0
NI02OAIPLAN2021,RA_LIC_UNWIND,0.0
NI02OAIPLAN2021,RA_LIC_INCLAIM,0.0
NI02OAIPLAN2021,RA_LIC_RELEASE_PY,0.0
NI02OAIPLAN2021,RA_LIC_DEREC,0.0
NI02OAIPLAN2021,RA_LIC_TASSCHG_PY,0.0
NI02OAIPLAN2021,RA_LIC_FASSCHG_PY,0.0
NI02OAIPLAN2021,RA_LIC_CLO,0.0
NI02OAIPLAN2021,ACQ_CF_LRC_UNWIND,0.0
NI02OAIPLAN2021,ACQ_CF_LRC_EXP_ACQ_CF,0.0
NI02OAIPLAN2021,CROSS_SUB_OP,0.0
NI02OAIPLAN2021,CROSS_SUB_EXP,0.0
NI02OAIPLAN2021,CROSS_SUB_NB,0.0
NI02OAIPLAN2021,CROSS_SUB_IF_NB_TECH,0.0
NI02OAIPLAN2021,CROSS_SUB_TASSCHG,0.0
NI02OAIPLAN2021,CROSS_SUB_FASSCHG,0.0
NI02OAIPLAN2021,CROSS_SUB_CLO,0.0
NI02OAIPLAN2021,CROSS_SUB_IF_NB_FIN,0.0
NI02OAIPLAN2021,RA_LIC_RELEASE_CY,0.0
NI02OAIPLAN2021,PVFC_LRC_EXP_PREM_CURR_CF,0.0
NI02OAIPLAN2021,PVFC_LRC_EXP_ACQ_CURR_CF,0.0
NI02OAIPLAN2021,RA_LIC_FEXPVAR_CY,0.0
NI02OAIPLAN2022,PVFC_LRC_UNWIND,0.0
NI02OAIPLAN2022,PVFC_LRC_EXP_PREM_FUT_CF,82045697.97859265
NI02OAIPLAN2022,PVFC_LRC_EXP_ACQ_FUT_CF,-8204578.191340463
NI02OAIPLAN2022,PVFC_LRC_EXP_INCLAIM,-74430329.61205772
NI02OAIPLAN2022,PVFC_LRC_EXP_IC_PAYBL,0.0
NI02OAIPLAN2022,PVFC_LRC_EXP_ATTEXP,-22461170.687109306
NI02OAIPLAN2022,PVFC_LIC_UNWIND,0.0
NI02OAIPLAN2022,PVFC_LIC_EXP_CLAIM_CF_CY,0.0
NI02OAIPLAN2022,PVFC_LIC_EXP_ATTEXP_CY,0.0
NI02OAIPLAN2022,PVFC_LIC_EXP_CLAIM_CF_PY,0.0
NI02OAIPLAN2022,PVFC_LIC_EXP_ATTEXP_PY,0.0
NI02OAIPLAN2022,RA_LRC_OP,9592466.459538922
NI02OAIPLAN2022,RA_LRC_NB_POS,0.0
NI02OAIPLAN2022,RA_LRC_UNWIND,-2194762.2342053466
NI02OAIPLAN2022,RA_LRC_RELEASE,-6702380.963184834
NI02OAIPLAN2022,RA_LRC_DEREC,0.0
NI02OAIPLAN2022,RA_LRC_TASSCHG,-695323.2621487409
NI02OAIPLAN2022,RA_LRC_FASSCHG,0.0
NI02OAIPLAN2022,RA_LRC_CLO,0.0
NI02OAIPLAN2022,RA_LIC_OP,0.0
NI02OAIPLAN2022,RA_LIC_UNWIND,0.0
NI02OAIPLAN2022,RA_LIC_INCLAIM,0.0
NI02OAIPLAN2022,RA_LIC_RELEASE_PY,0.0
NI02OAIPLAN2022,RA_LIC_DEREC,0.0
NI02OAIPLAN2022,RA_LIC_TASSCHG_PY,0.0
NI02OAIPLAN2022,RA_LIC_FASSCHG_PY,0.0
NI02OAIPLAN2022,RA_LIC_CLO,0.0
NI02OAIPLAN2022,ACQ_CF_LRC_UNWIND,0.0
NI02OAIPLAN2022,ACQ_CF_LRC_EXP_ACQ_CF,0.0
NI02OAIPLAN2022,CROSS_SUB_OP,0.0
NI02OAIPLAN2022,CROSS_SUB_EXP,0.0
NI02OAIPLAN2022,CROSS_SUB_NB,0.0
NI02OAIPLAN2022,CROSS_SUB_IF_NB_TECH,0.0
NI02OAIPLAN2022,CROSS_SUB_TASSCHG,0.0
NI02OAIPLAN2022,CROSS_SUB_FASSCHG,0.0
NI02OAIPLAN2022,CROSS_SUB_CLO,0.0
NI02OAIPLAN2022,CROSS_SUB_IF_NB_FIN,0.0
NI02OAIPLAN2022,RA_LIC_RELEASE_CY,0.0
NI02OAIPLAN2022,PVFC_LRC_EXP_PREM_CURR_CF,0.0
NI02OAIPLAN2022,PVFC_LRC_EXP_ACQ_CURR_CF,0.0
NI02OAIPLAN2022,RA_LIC_FEXPVAR_CY,0.0
NI02PANNUIT2021,PVFC_LRC_UNWIND,0.0
NI02PANNUIT2021,PVFC_LRC_EXP_PREM_FUT_CF,0.0
NI02PANNUIT2021,PVFC_LRC_EXP_ACQ_FUT_CF,0.0
NI02PANNUIT2021,PVFC_LRC_EXP_INCLAIM,-289475141.0057062
NI02PANNUIT2021,PVFC_LRC_EXP_IC_PAYBL,-265190274.33333352
NI02PANNUIT2021,PVFC_LRC_EXP_ATTEXP,-3004093.7914535217
NI02PANNUIT2021,PVFC_LIC_UNWIND,0.0
NI02PANNUIT2021,PVFC_LIC_EXP_CLAIM_CF_CY,0.0
NI02PANNUIT2021,PVFC_LIC_EXP_ATTEXP_CY,0.0
NI02PANNUIT2021,PVFC_LIC_EXP_CLAIM_CF_PY,0.0
NI02PANNUIT2021,PVFC_LIC_EXP_ATTEXP_PY,0.0
NI02PANNUIT2021,RA_LRC_OP,31155513.67736315
NI02PANNUIT2021,RA_LRC_NB_POS,0.0
NI02PANNUIT2021,RA_LRC_UNWIND,1870255.647856485
NI02PANNUIT2021,RA_LRC_RELEASE,-4243837.880144421
NI02PANNUIT2021,RA_LRC_DEREC,0.0
NI02PANNUIT2021,RA_LRC_TASSCHG,-7965319.7763330005
NI02PANNUIT2021,RA_LRC_FASSCHG,86547.95828184858
NI02PANNUIT2021,RA_LRC_CLO,20903159.627024062
NI02PANNUIT2021,RA_LIC_OP,0.0
NI02PANNUIT2021,RA_LIC_UNWIND,0.0
NI02PANNUIT2021,RA_LIC_INCLAIM,0.0
NI02PANNUIT2021,RA_LIC_RELEASE_PY,0.0
NI02PANNUIT2021,RA_LIC_DEREC,0.0
NI02PANNUIT2021,RA_LIC_TASSCHG_PY,0.0
NI02PANNUIT2021,RA_LIC_FASSCHG_PY,0.0
NI02PANNUIT2021,RA_LIC_CLO,0.0
NI02PANNUIT2021,ACQ_CF_LRC_UNWIND,0.0
NI02PANNUIT2021,ACQ_CF_LRC_EXP_ACQ_CF,0.0
NI02PANNUIT2021,CROSS_SUB_OP,0.0
NI02PANNUIT2021,CROSS_SUB_EXP,0.0
NI02PANNUIT2021,CROSS_SUB_NB,0.0
NI02PANNUIT2021,CROSS_SUB_IF_NB_TECH,0.0
NI02PANNUIT2021,CROSS_SUB_TASSCHG,0.0
NI02PANNUIT2021,CROSS_SUB_FASSCHG,0.0
NI02PANNUIT2021,CROSS_SUB_CLO,0.0
NI02PANNUIT2021,CROSS_SUB_IF_NB_FIN,0.0
NI02PANNUIT2021,RA_LIC_RELEASE_CY,0.0
NI02PANNUIT2021,PVFC_LRC_EXP_PREM_CURR_CF,0.0
NI02PANNUIT2021,PVFC_LRC_EXP_ACQ_CURR_CF,0.0
NI02PANNUIT2021,RA_LIC_FEXPVAR_CY,0.0
NI02PBNLIFE2021,PVFC_LRC_UNWIND,0.0
NI02PBNLIFE2021,PVFC_LRC_EXP_PREM_FUT_CF,242514159.7437752
NI02PBNLIFE2021,PVFC_LRC_EXP_ACQ_FUT_CF,-25578907.8997951
NI02PBNLIFE2021,PVFC_LRC_EXP_INCLAIM,-24655617.86448046
NI02PBNLIFE2021,PVFC_LRC_EXP_IC_PAYBL,1500160020.4194047
NI02PBNLIFE2021,PVFC_LRC_EXP_ATTEXP,-12207535.080243692
NI02PBNLIFE2021,PVFC_LIC_UNWIND,0.0
NI02PBNLIFE2021,PVFC_LIC_EXP_CLAIM_CF_CY,0.0
NI02PBNLIFE2021,PVFC_LIC_EXP_ATTEXP_CY,0.0
NI02PBNLIFE2021,PVFC_LIC_EXP_CLAIM_CF_PY,0.0
NI02PBNLIFE2021,PVFC_LIC_EXP_ATTEXP_PY,0.0
NI02PBNLIFE2021,RA_LRC_OP,31729218.96512697
NI02PBNLIFE2021,RA_LRC_NB_POS,0.0
NI02PBNLIFE2021,RA_LRC_UNWIND,2287920.0793186426
NI02PBNLIFE2021,RA_LRC_RELEASE,-1739882.9358576399
NI02PBNLIFE2021,RA_LRC_DEREC,0.0
NI02PBNLIFE2021,RA_LRC_TASSCHG,4089040902.625467
NI02PBNLIFE2021,RA_LRC_FASSCHG,1372965757.400837
NI02PBNLIFE2021,RA_LRC_CLO,5494283916.1348915
NI02PBNLIFE2021,RA_LIC_OP,0.0
NI02PBNLIFE2021,RA_LIC_UNWIND,0.0
NI02PBNLIFE2021,RA_LIC_INCLAIM,0.0
NI02PBNLIFE2021,RA_LIC_RELEASE_PY,0.0
NI02PBNLIFE2021,RA_LIC_DEREC,0.0
NI02PBNLIFE2021,RA_LIC_TASSCHG_PY,0.0
NI02PBNLIFE2021,RA_LIC_FASSCHG_PY,0.0
NI02PBNLIFE2021,RA_LIC_CLO,0.0
NI02PBNLIFE2021,ACQ_CF_LRC_UNWIND,0.0
NI02PBNLIFE2021,ACQ_CF_LRC_EXP_ACQ_CF,0.0
NI02PBNLIFE2021,CROSS_SUB_OP,0.0
NI02PBNLIFE2021,CROSS_SUB_EXP,0.0
NI02PBNLIFE2021,CROSS_SUB_NB,0.0
NI02PBNLIFE2021,CROSS_SUB_IF_NB_TECH,0.0
NI02PBNLIFE2021,CROSS_SUB_TASSCHG,0.0
NI02PBNLIFE2021,CROSS_SUB_FASSCHG,0.0
NI02PBNLIFE2021,CROSS_SUB_CLO,0.0
NI02PBNLIFE2021,CROSS_SUB_IF_NB_FIN,0.0
NI02PBNLIFE2021,RA_LIC_RELEASE_CY,0.0
NI02PBNLIFE2021,PVFC_LRC_EXP_PREM_CURR_CF,0.0
NI02PBNLIFE2021,PVFC_LRC_EXP_ACQ_CURR_CF,0.0
NI02PBNLIFE2021,RA_LIC_FEXPVAR_CY,0.0
NI02PBNLIFE2022,PVFC_LRC_UNWIND,0.0
NI02PBNLIFE2022,PVFC_LRC_EXP_PREM_FUT_CF,48419631.84013789
NI02PBNLIFE2022,PVFC_LRC_EXP_ACQ_FUT_CF,-3506275.1585954167
NI02PBNLIFE2022,PVFC_LRC_EXP_INCLAIM,-1115813.7826414625
NI02PBNLIFE2022,PVFC_LRC_EXP_IC_PAYBL,0.0
NI02PBNLIFE2022,PVFC_LRC_EXP_ATTEXP,-2678742.405764473
NI02PBNLIFE2022,PVFC_LIC_UNWIND,0.0
NI02PBNLIFE2022,PVFC_LIC_EXP_CLAIM_CF_CY,0.0
NI02PBNLIFE2022,PVFC_LIC_EXP_ATTEXP_CY,0.0
NI02PBNLIFE2022,PVFC_LIC_EXP_CLAIM_CF_PY,0.0
NI02PBNLIFE2022,PVFC_LIC_EXP_ATTEXP_PY,0.0
NI02PBNLIFE2022,RA_LRC_OP,2658347.2418655357
NI02PBNLIFE2022,RA_LRC_NB_POS,0.0
NI02PBNLIFE2022,RA_LRC_UNWIND,-205493.11464928742
NI02PBNLIFE2022,RA_LRC_RELEASE,-195588.99487125163
NI02PBNLIFE2022,RA_LRC_DEREC,0.0
NI02PBNLIFE2022,RA_LRC_TASSCHG,-74232.87502066931
NI02PBNLIFE2022,RA_LRC_FASSCHG,48347.43021831522
NI02PBNLIFE2022,RA_LRC_CLO,2231379.6875426425
NI02PBNLIFE2022,RA_LIC_OP,0.0
NI02PBNLIFE2022,RA_LIC_UNWIND,0.0
NI02PBNLIFE2022,RA_LIC_INCLAIM,0.0
NI02PBNLIFE2022,RA_LIC_RELEASE_PY,0.0
NI02PBNLIFE2022,RA_LIC_DEREC,0.0
NI02PBNLIFE2022,RA_LIC_TASSCHG_PY,0.0
NI02PBNLIFE2022,RA_LIC_FASSCHG_PY,0.0
NI02PBNLIFE2022,RA_LIC_CLO,0.0
NI02PBNLIFE2022,ACQ_CF_LRC_UNWIND,0.0
NI02PBNLIFE2022,ACQ_CF_LRC_EXP_ACQ_CF,0.0
NI02PBNLIFE2022,CROSS_SUB_OP,0.0
NI02PBNLIFE2022,CROSS_SUB_EXP,0.0
NI02PBNLIFE2022,CROSS_SUB_NB,0.0
NI02PBNLIFE2022,CROSS_SUB_IF_NB_TECH,0.0
NI02PBNLIFE2022,CROSS_SUB_TASSCHG,0.0
NI02PBNLIFE2022,CROSS_SUB_FASSCHG,0.0
NI02PBNLIFE2022,CROSS_SUB_CLO,0.0
NI02PBNLIFE2022,CROSS_SUB_IF_NB_FIN,0.0
NI02PBNLIFE2022,RA_LIC_RELEASE_CY,0.0
NI02PBNLIFE2022,PVFC_LRC_EXP_PREM_CURR_CF,0.0
NI02PBNLIFE2022,PVFC_LRC_EXP_ACQ_CURR_CF,0.0
NI02PBNLIFE2022,RA_LIC_FEXPVAR_CY,0.0
NI02PCTLIFE2021,PVFC_LRC_UNWIND,0.0
NI02PCTLIFE2021,PVFC_LRC_EXP_PREM_FUT_CF,3617421.4738031295
NI02PCTLIFE2021,PVFC_LRC_EXP_ACQ_FUT_CF,-415582.2309917809
NI02PCTLIFE2021,PVFC_LRC_EXP_INCLAIM,-2365956.4812537017
NI02PCTLIFE2021,PVFC_LRC_EXP_IC_PAYBL,1808710.7369015648
NI02PCTLIFE2021,PVFC_LRC_EXP_ATTEXP,-111814.26248426802
NI02PCTLIFE2021,PVFC_LIC_UNWIND,0.0
NI02PCTLIFE2021,PVFC_LIC_EXP_CLAIM_CF_CY,0.0
NI02PCTLIFE2021,PVFC_LIC_EXP_ATTEXP_CY,0.0
NI02PCTLIFE2021,PVFC_LIC_EXP_CLAIM_CF_PY,0.0
NI02PCTLIFE2021,PVFC_LIC_EXP_ATTEXP_PY,0.0
NI02PCTLIFE2021,RA_LRC_OP,268711.7695332472
NI02PCTLIFE2021,RA_LRC_NB_POS,0.0
NI02PCTLIFE2021,RA_LRC_UNWIND,16323.199776744412
NI02PCTLIFE2021,RA_LRC_RELEASE,-54322.774558233665
NI02PCTLIFE2021,RA_LRC_DEREC,0.0
NI02PCTLIFE2021,RA_LRC_TASSCHG,-107483.64852796195
NI02PCTLIFE2021,RA_LRC_FASSCHG,1990.158740387793
NI02PCTLIFE2021,RA_LRC_CLO,125218.7049641838
NI02PCTLIFE2021,RA_LIC_OP,0.0
NI02PCTLIFE2021,RA_LIC_UNWIND,0.0
NI02PCTLIFE2021,RA_LIC_INCLAIM,0.0
NI02PCTLIFE2021,RA_LIC_RELEASE_PY,0.0
NI02PCTLIFE2021,RA_LIC_DEREC,0.0
NI02PCTLIFE2021,RA_LIC_TASSCHG_PY,0.0
NI02PCTLIFE2021,RA_LIC_FASSCHG_PY,0.0
NI02PCTLIFE2021,RA_LIC_CLO,0.0
NI02PCTLIFE2021,ACQ_CF_LRC_UNWIND,0.0
NI02PCTLIFE2021,ACQ_CF_LRC_EXP_ACQ_CF,0.0
NI02PCTLIFE2021,CROSS_SUB_OP,0.0
NI02PCTLIFE2021,CROSS_SUB_EXP,0.0
NI02PCTLIFE2021,CROSS_SUB_NB,0.0
NI02PCTLIFE2021,CROSS_SUB_IF_NB_TECH,0.0
NI02PCTLIFE2021,CROSS_SUB_TASSCHG,0.0
NI02PCTLIFE2021,CROSS_SUB_FASSCHG,0.0
NI02PCTLIFE2021,CROSS_SUB_CLO,0.0
NI02PCTLIFE2021,CROSS_SUB_IF_NB_FIN,0.0
NI02PCTLIFE2021,RA_LIC_RELEASE_CY,0.0
NI02PCTLIFE2021,PVFC_LRC_EXP_PREM_CURR_CF,0.0
NI02PCTLIFE2021,PVFC_LRC_EXP_ACQ_CURR_CF,0.0
NI02PCTLIFE2021,RA_LIC_FEXPVAR_CY,0.0
NI02PCTLIFE2022,PVFC_LRC_UNWIND,0.0
NI02PCTLIFE2022,PVFC_LRC_EXP_PREM_FUT_CF,205378.0
NI02PCTLIFE2022,PVFC_LRC_EXP_ACQ_FUT_CF,-20537.800000000003
NI02PCTLIFE2022,PVFC_LRC_EXP_INCLAIM,-15329.322025670717
NI02PCTLIFE2022,PVFC_LRC_EXP_IC_PAYBL,102689.0
NI02PCTLIFE2022,PVFC_LRC_EXP_ATTEXP,-19139.14839052901
NI02PCTLIFE2022,PVFC_LIC_UNWIND,0.0
NI02PCTLIFE2022,PVFC_LIC_EXP_CLAIM_CF_CY,0.0
NI02PCTLIFE2022,PVFC_LIC_EXP_ATTEXP_CY,0.0
NI02PCTLIFE2022,PVFC_LIC_EXP_CLAIM_CF_PY,0.0
NI02PCTLIFE2022,PVFC_LIC_EXP_ATTEXP_PY,0.0
NI02PCTLIFE2022,RA_LRC_OP,4796.766728245192
NI02PCTLIFE2022,RA_LRC_NB_POS,0.0
NI02PCTLIFE2022,RA_LRC_UNWIND,-1665.155161136151
NI02PCTLIFE2022,RA_LRC_RELEASE,-792.7846625369857
NI02PCTLIFE2022,RA_LRC_DEREC,0.0
NI02PCTLIFE2022,RA_LRC_TASSCHG,696.5498539517334
NI02PCTLIFE2022,RA_LRC_FASSCHG,59.24900668622422
NI02PCTLIFE2022,RA_LRC_CLO,3094.625765210013
NI02PCTLIFE2022,RA_LIC_OP,0.0
NI02PCTLIFE2022,RA_LIC_UNWIND,0.0
NI02PCTLIFE2022,RA_LIC_INCLAIM,0.0
NI02PCTLIFE2022,RA_LIC_RELEASE_PY,0.0
NI02PCTLIFE2022,RA_LIC_DEREC,0.0
NI02PCTLIFE2022,RA_LIC_TASSCHG_PY,0.0
NI02PCTLIFE2022,RA_LIC_FASSCHG_PY,0.0
NI02PCTLIFE2022,RA_LIC_CLO,0.0
NI02PCTLIFE2022,ACQ_CF_LRC_UNWIND,0.0
NI02PCTLIFE2022,ACQ_CF_LRC_EXP_ACQ_CF,0.0
NI02PCTLIFE2022,CROSS_SUB_OP,0.0
NI02PCTLIFE2022,CROSS_SUB_EXP,0.0
NI02PCTLIFE2022,CROSS_SUB_NB,0.0
NI02PCTLIFE2022,CROSS_SUB_IF_NB_TECH,0.0
NI02PCTLIFE2022,CROSS_SUB_TASSCHG,0.0
NI02PCTLIFE2022,CROSS_SUB_FASSCHG,0.0
NI02PCTLIFE2022,CROSS_SUB_CLO,0.0
NI02PCTLIFE2022,CROSS_SUB_IF_NB_FIN,0.0
NI02PCTLIFE2022,RA_LIC_RELEASE_CY,0.0
NI02PCTLIFE2022,PVFC_LRC_EXP_PREM_CURR_CF,0.0
NI02PCTLIFE2022,PVFC_LRC_EXP_ACQ_CURR_CF,0.0
NI02PCTLIFE2022,RA_LIC_FEXPVAR_CY,0.0
NI02PCLBRTE2021,PVFC_LRC_UNWIND,0.0
NI02PCLBRTE2021,PVFC_LRC_EXP_PREM_FUT_CF,5924179.7098348215
NI02PCLBRTE2021,PVFC_LRC_EXP_ACQ_FUT_CF,-639224.7492641644
NI02PCLBRTE2021,PVFC_LRC_EXP_INCLAIM,-256675.10441270634
NI02PCLBRTE2021,PVFC_LRC_EXP_IC_PAYBL,5924179.7098348215
NI02PCLBRTE2021,PVFC_LRC_EXP_ATTEXP,-484285.1314623587
NI02PCLBRTE2021,PVFC_LIC_UNWIND,0.0
NI02PCLBRTE2021,PVFC_LIC_EXP_CLAIM_CF_CY,0.0
NI02PCLBRTE2021,PVFC_LIC_EXP_ATTEXP_CY,0.0
NI02PCLBRTE2021,PVFC_LIC_EXP_CLAIM_CF_PY,0.0
NI02PCLBRTE2021,PVFC_LIC_EXP_ATTEXP_PY,0.0
NI02PCLBRTE2021,RA_LRC_OP,613237.1384800982
NI02PCLBRTE2021,RA_LRC_NB_POS,0.0
NI02PCLBRTE2021,RA_LRC_UNWIND,44160.01925836783
NI02PCLBRTE2021,RA_LRC_RELEASE,-34096.999488130095
NI02PCLBRTE2021,RA_LRC_DEREC,0.0
NI02PCLBRTE2021,RA_LRC_TASSCHG,-252124.30497619865
NI02PCLBRTE2021,RA_LRC_FASSCHG,10011.1937456163
NI02PCLBRTE2021,RA_LRC_CLO,381187.0470197536
NI02PCLBRTE2021,RA_LIC_OP,0.0
NI02PCLBRTE2021,RA_LIC_UNWIND,0.0
NI02PCLBRTE2021,RA_LIC_INCLAIM,0.0
NI02PCLBRTE2021,RA_LIC_RELEASE_PY,0.0
NI02PCLBRTE2021,RA_LIC_DEREC,0.0
NI02PCLBRTE2021,RA_LIC_TASSCHG_PY,0.0
NI02PCLBRTE2021,RA_LIC_FASSCHG_PY,0.0
NI02PCLBRTE2021,RA_LIC_CLO,0.0
NI02PCLBRTE2021,ACQ_CF_LRC_UNWIND,0.0
NI02PCLBRTE2021,ACQ_CF_LRC_EXP_ACQ_CF,0.0
NI02PCLBRTE2021,CROSS_SUB_OP,0.0
NI02PCLBRTE2021,CROSS_SUB_EXP,0.0
NI02PCLBRTE2021,CROSS_SUB_NB,0.0
NI02PCLBRTE2021,CROSS_SUB_IF_NB_TECH,0.0
NI02PCLBRTE2021,CROSS_SUB_TASSCHG,0.0
NI02PCLBRTE2021,CROSS_SUB_FASSCHG,0.0
NI02PCLBRTE2021,CROSS_SUB_CLO,0.0
NI02PCLBRTE2021,CROSS_SUB_IF_NB_FIN,0.0
NI02PCLBRTE2021,RA_LIC_RELEASE_CY,0.0
NI02PCLBRTE2021,PVFC_LRC_EXP_PREM_CURR_CF,0.0
NI02PCLBRTE2021,PVFC_LRC_EXP_ACQ_CURR_CF,0.0
NI02PCLBRTE2021,RA_LIC_FEXPVAR_CY,0.0
NI02OCLBRTE2022,PVFC_LRC_UNWIND,0.0
NI02OCLBRTE2022,PVFC_LRC_EXP_PREM_FUT_CF,169555.4434873009
NI02OCLBRTE2022,PVFC_LRC_EXP_ACQ_FUT_CF,-16955.544348730087
NI02OCLBRTE2022,PVFC_LRC_EXP_INCLAIM,-3722.3792442706913
NI02OCLBRTE2022,PVFC_LRC_EXP_IC_PAYBL,169555.4434873009
NI02OCLBRTE2022,PVFC_LRC_EXP_ATTEXP,-29412.556179103383
NI02OCLBRTE2022,PVFC_LIC_UNWIND,0.0
NI02OCLBRTE2022,PVFC_LIC_EXP_CLAIM_CF_CY,0.0
NI02OCLBRTE2022,PVFC_LIC_EXP_ATTEXP_CY,0.0
NI02OCLBRTE2022,PVFC_LIC_EXP_CLAIM_CF_PY,0.0
NI02OCLBRTE2022,PVFC_LIC_EXP_ATTEXP_PY,0.0
NI02OCLBRTE2022,RA_LRC_OP,52315.14367954408
NI02OCLBRTE2022,RA_LRC_NB_POS,0.0
NI02OCLBRTE2022,RA_LRC_UNWIND,-11514.97757733157
NI02OCLBRTE2022,RA_LRC_RELEASE,-1665.1101975300012
NI02OCLBRTE2022,RA_LRC_DEREC,0.0
NI02OCLBRTE2022,RA_LRC_TASSCHG,-2479.6727934607115
NI02OCLBRTE2022,RA_LRC_FASSCHG,2815.876028032857
NI02OCLBRTE2022,RA_LRC_CLO,39471.25913925465
NI02OCLBRTE2022,RA_LIC_OP,0.0
NI02OCLBRTE2022,RA_LIC_UNWIND,0.0
NI02OCLBRTE2022,RA_LIC_INCLAIM,0.0
NI02OCLBRTE2022,RA_LIC_RELEASE_PY,0.0
NI02OCLBRTE2022,RA_LIC_DEREC,0.0
NI02OCLBRTE2022,RA_LIC_TASSCHG_PY,0.0
NI02OCLBRTE2022,RA_LIC_FASSCHG_PY,0.0
NI02OCLBRTE2022,RA_LIC_CLO,0.0
NI02OCLBRTE2022,ACQ_CF_LRC_UNWIND,0.0
NI02OCLBRTE2022,ACQ_CF_LRC_EXP_ACQ_CF,0.0
NI02OCLBRTE2022,CROSS_SUB_OP,0.0
NI02OCLBRTE2022,CROSS_SUB_EXP,0.0
NI02OCLBRTE2022,CROSS_SUB_NB,0.0
NI02OCLBRTE2022,CROSS_SUB_IF_NB_TECH,0.0
NI02OCLBRTE2022,CROSS_SUB_TASSCHG,0.0
NI02OCLBRTE2022,CROSS_SUB_FASSCHG,0.0
NI02OCLBRTE2022,CROSS_SUB_CLO,0.0
NI02OCLBRTE2022,CROSS_SUB_IF_NB_FIN,0.0
NI02OCLBRTE2022,RA_LIC_RELEASE_CY,0.0
NI02OCLBRTE2022,PVFC_LRC_EXP_PREM_CURR_CF,0.0
NI02OCLBRTE2022,PVFC_LRC_EXP_ACQ_CURR_CF,0.0
NI02OCLBRTE2022,RA_LIC_FEXPVAR_CY,0.0
NI02PCLBRTE2022,PVFC_LRC_UNWIND,0.0
NI02PCLBRTE2022,PVFC_LRC_EXP_PREM_FUT_CF,719173.2979651861
NI02PCLBRTE2022,PVFC_LRC_EXP_ACQ_FUT_CF,-71917.32979651859
NI02PCLBRTE2022,PVFC_LRC_EXP_INCLAIM,-17199.1951173443
NI02PCLBRTE2022,PVFC_LRC_EXP_IC_PAYBL,719173.2979651861
NI02PCLBRTE2022,PVFC_LRC_EXP_ATTEXP,-54254.220343817375
NI02PCLBRTE2022,PVFC_LIC_UNWIND,0.0
NI02PCLBRTE2022,PVFC_LIC_EXP_CLAIM_CF_CY,0.0
NI02PCLBRTE2022,PVFC_LIC_EXP_ATTEXP_CY,0.0
NI02PCLBRTE2022,PVFC_LIC_EXP_CLAIM_CF_PY,0.0
NI02PCLBRTE2022,PVFC_LIC_EXP_ATTEXP_PY,0.0
NI02PCLBRTE2022,RA_LRC_OP,62531.4891356459
NI02PCLBRTE2022,RA_LRC_NB_POS,0.0
NI02PCLBRTE2022,RA_LRC_UNWIND,-13644.801596881123
NI02PCLBRTE2022,RA_LRC_RELEASE,-3590.705978826164
NI02PCLBRTE2022,RA_LRC_DEREC,0.0
NI02PCLBRTE2022,RA_LRC_TASSCHG,-3203.365220217893
NI02PCLBRTE2022,RA_LRC_FASSCHG,1463.1659766863377
NI02PCLBRTE2022,RA_LRC_CLO,43555.78231640706
NI02PCLBRTE2022,RA_LIC_OP,0.0
NI02PCLBRTE2022,RA_LIC_UNWIND,0.0
NI02PCLBRTE2022,RA_LIC_INCLAIM,0.0
NI02PCLBRTE2022,RA_LIC_RELEASE_PY,0.0
NI02PCLBRTE2022,RA_LIC_DEREC,0.0
NI02PCLBRTE2022,RA_LIC_TASSCHG_PY,0.0
NI02PCLBRTE2022,RA_LIC_FASSCHG_PY,0.0
NI02PCLBRTE2022,RA_LIC_CLO,0.0
NI02PCLBRTE2022,ACQ_CF_LRC_UNWIND,0.0
NI02PCLBRTE2022,ACQ_CF_LRC_EXP_ACQ_CF,0.0
NI02PCLBRTE2022,CROSS_SUB_OP,0.0
NI02PCLBRTE2022,CROSS_SUB_EXP,0.0
NI02PCLBRTE2022,CROSS_SUB_NB,0.0
NI02PCLBRTE2022,CROSS_SUB_IF_NB_TECH,0.0
NI02PCLBRTE2022,CROSS_SUB_TASSCHG,0.0
NI02PCLBRTE2022,CROSS_SUB_FASSCHG,0.0
NI02PCLBRTE2022,CROSS_SUB_CLO,0.0
NI02PCLBRTE2022,CROSS_SUB_IF_NB_FIN,0.0
NI02PCLBRTE2022,RA_LIC_RELEASE_CY,0.0
NI02PCLBRTE2022,PVFC_LRC_EXP_PREM_CURR_CF,0.0
NI02PCLBRTE2022,PVFC_LRC_EXP_ACQ_CURR_CF,0.0
NI02PCLBRTE2022,RA_LIC_FEXPVAR_CY,0.0
NI02OCRLIFE2021,PVFC_LRC_UNWIND,0.0
NI02OCRLIFE2021,PVFC_LRC_EXP_PREM_FUT_CF,40063473.035481036
NI02OCRLIFE2021,PVFC_LRC_EXP_ACQ_FUT_CF,-6591785.168562095
NI02OCRLIFE2021,PVFC_LRC_EXP_INCLAIM,-305456689.9657037
NI02OCRLIFE2021,PVFC_LRC_EXP_IC_PAYBL,0.0
NI02OCRLIFE2021,PVFC_LRC_EXP_ATTEXP,-24490146.415401027
NI02OCRLIFE2021,PVFC_LIC_UNWIND,0.0
NI02OCRLIFE2021,PVFC_LIC_EXP_CLAIM_CF_CY,0.0
NI02OCRLIFE2021,PVFC_LIC_EXP_ATTEXP_CY,0.0
NI02OCRLIFE2021,PVFC_LIC_EXP_CLAIM_CF_PY,0.0
NI02OCRLIFE2021,PVFC_LIC_EXP_ATTEXP_PY,0.0
NI02OCRLIFE2021,RA_LRC_OP,29235623.357885655
NI02OCRLIFE2021,RA_LRC_NB_POS,0.0
NI02OCRLIFE2021,RA_LRC_UNWIND,513806.7805268355
NI02OCRLIFE2021,RA_LRC_RELEASE,-18760411.127798982
NI02OCRLIFE2021,RA_LRC_DEREC,0.0
NI02OCRLIFE2021,RA_LRC_TASSCHG,-391480.49112368
NI02OCRLIFE2021,RA_LRC_FASSCHG,181164.06985045597
NI02OCRLIFE2021,RA_LRC_CLO,10778702.589340284
NI02OCRLIFE2021,RA_LIC_OP,0.0
NI02OCRLIFE2021,RA_LIC_UNWIND,0.0
NI02OCRLIFE2021,RA_LIC_INCLAIM,0.0
NI02OCRLIFE2021,RA_LIC_RELEASE_PY,0.0
NI02OCRLIFE2021,RA_LIC_DEREC,0.0
NI02OCRLIFE2021,RA_LIC_TASSCHG_PY,0.0
NI02OCRLIFE2021,RA_LIC_FASSCHG_PY,0.0
NI02OCRLIFE2021,RA_LIC_CLO,0.0
NI02OCRLIFE2021,ACQ_CF_LRC_UNWIND,0.0
NI02OCRLIFE2021,ACQ_CF_LRC_EXP_ACQ_CF,0.0
NI02OCRLIFE2021,CROSS_SUB_OP,0.0
NI02OCRLIFE2021,CROSS_SUB_EXP,0.0
NI02OCRLIFE2021,CROSS_SUB_NB,0.0
NI02OCRLIFE2021,CROSS_SUB_IF_NB_TECH,0.0
NI02OCRLIFE2021,CROSS_SUB_TASSCHG,0.0
NI02OCRLIFE2021,CROSS_SUB_FASSCHG,0.0
NI02OCRLIFE2021,CROSS_SUB_CLO,0.0
NI02OCRLIFE2021,CROSS_SUB_IF_NB_FIN,0.0
NI02OCRLIFE2021,RA_LIC_RELEASE_CY,0.0
NI02OCRLIFE2021,PVFC_LRC_EXP_PREM_CURR_CF,0.0
NI02OCRLIFE2021,PVFC_LRC_EXP_ACQ_CURR_CF,0.0
NI02OCRLIFE2021,RA_LIC_FEXPVAR_CY,0.0
NI02OCRLIFE2022,PVFC_LRC_UNWIND,0.0
NI02OCRLIFE2022,PVFC_LRC_EXP_PREM_FUT_CF,126151649.92909323
NI02OCRLIFE2022,PVFC_LRC_EXP_ACQ_FUT_CF,-12617181.719657045
NI02OCRLIFE2022,PVFC_LRC_EXP_INCLAIM,-146610785.4243347
NI02OCRLIFE2022,PVFC_LRC_EXP_IC_PAYBL,0.0
NI02OCRLIFE2022,PVFC_LRC_EXP_ATTEXP,-52406789.5779456
NI02OCRLIFE2022,PVFC_LIC_UNWIND,0.0
NI02OCRLIFE2022,PVFC_LIC_EXP_CLAIM_CF_CY,0.0
NI02OCRLIFE2022,PVFC_LIC_EXP_ATTEXP_CY,0.0
NI02OCRLIFE2022,PVFC_LIC_EXP_CLAIM_CF_PY,0.0
NI02OCRLIFE2022,PVFC_LIC_EXP_ATTEXP_PY,0.0
NI02OCRLIFE2022,RA_LRC_OP,14528774.162567783
NI02OCRLIFE2022,RA_LRC_NB_POS,0.0
NI02OCRLIFE2022,RA_LRC_UNWIND,-1413347.1084850952
NI02OCRLIFE2022,RA_LRC_RELEASE,-11759722.778181287
NI02OCRLIFE2022,RA_LRC_DEREC,0.0
NI02OCRLIFE2022,RA_LRC_TASSCHG,1598298.7585756448
NI02OCRLIFE2022,RA_LRC_FASSCHG,49635.94307063287
NI02OCRLIFE2022,RA_LRC_CLO,3003638.977547679
NI02OCRLIFE2022,RA_LIC_OP,0.0
NI02OCRLIFE2022,RA_LIC_UNWIND,0.0
NI02OCRLIFE2022,RA_LIC_INCLAIM,0.0
NI02OCRLIFE2022,RA_LIC_RELEASE_PY,0.0
NI02OCRLIFE2022,RA_LIC_DEREC,0.0
NI02OCRLIFE2022,RA_LIC_TASSCHG_PY,0.0
NI02OCRLIFE2022,RA_LIC_FASSCHG_PY,0.0
NI02OCRLIFE2022,RA_LIC_CLO,0.0
NI02OCRLIFE2022,ACQ_CF_LRC_UNWIND,0.0
NI02OCRLIFE2022,ACQ_CF_LRC_EXP_ACQ_CF,0.0
NI02OCRLIFE2022,CROSS_SUB_OP,0.0
NI02OCRLIFE2022,CROSS_SUB_EXP,0.0
NI02OCRLIFE2022,CROSS_SUB_NB,0.0
NI02OCRLIFE2022,CROSS_SUB_IF_NB_TECH,0.0
NI02OCRLIFE2022,CROSS_SUB_TASSCHG,0.0
NI02OCRLIFE2022,CROSS_SUB_FASSCHG,0.0
NI02OCRLIFE2022,CROSS_SUB_CLO,0.0
NI02OCRLIFE2022,CROSS_SUB_IF_NB_FIN,0.0
NI02OCRLIFE2022,RA_LIC_RELEASE_CY,0.0
NI02OCRLIFE2022,PVFC_LRC_EXP_PREM_CURR_CF,0.0
NI02OCRLIFE2022,PVFC_LRC_EXP_ACQ_CURR_CF,0.0
NI02OCRLIFE2022,RA_LIC_FEXPVAR_CY,0.0
NI02OEDPLAN2021,PVFC_LRC_UNWIND,0.0
NI02OEDPLAN2021,PVFC_LRC_EXP_PREM_FUT_CF,3988890.8192071156
NI02OEDPLAN2021,PVFC_LRC_EXP_ACQ_FUT_CF,-398889.08192071156
NI02OEDPLAN2021,PVFC_LRC_EXP_INCLAIM,-61702629.13621279
NI02OEDPLAN2021,PVFC_LRC_EXP_IC_PAYBL,0.0
NI02OEDPLAN2021,PVFC_LRC_EXP_ATTEXP,-137824.1762471841
NI02OEDPLAN2021,PVFC_LIC_UNWIND,0.0
NI02OEDPLAN2021,PVFC_LIC_EXP_CLAIM_CF_CY,0.0
NI02OEDPLAN2021,PVFC_LIC_EXP_ATTEXP_CY,0.0
NI02OEDPLAN2021,PVFC_LIC_EXP_CLAIM_CF_PY,0.0
NI02OEDPLAN2021,PVFC_LIC_EXP_ATTEXP_PY,0.0
NI02OEDPLAN2021,RA_LRC_OP,6107876.57509349
NI02OEDPLAN2021,RA_LRC_NB_POS,0.0
NI02OEDPLAN2021,RA_LRC_UNWIND,262838.74112795666
NI02OEDPLAN2021,RA_LRC_RELEASE,-4273578.42691361
NI02OEDPLAN2021,RA_LRC_DEREC,0.0
NI02OEDPLAN2021,RA_LRC_TASSCHG,46265.7515299127
NI02OEDPLAN2021,RA_LRC_FASSCHG,43412.000048137736
NI02OEDPLAN2021,RA_LRC_CLO,2186814.640885887
NI02OEDPLAN2021,RA_LIC_OP,0.0
NI02OEDPLAN2021,RA_LIC_UNWIND,0.0
NI02OEDPLAN2021,RA_LIC_INCLAIM,0.0
NI02OEDPLAN2021,RA_LIC_RELEASE_PY,0.0
NI02OEDPLAN2021,RA_LIC_DEREC,0.0
NI02OEDPLAN2021,RA_LIC_TASSCHG_PY,0.0
NI02OEDPLAN2021,RA_LIC_FASSCHG_PY,0.0
NI02OEDPLAN2021,RA_LIC_CLO,0.0
NI02OEDPLAN2021,ACQ_CF_LRC_UNWIND,0.0
NI02OEDPLAN2021,ACQ_CF_LRC_EXP_ACQ_CF,0.0
NI02OEDPLAN2021,CROSS_SUB_OP,0.0
NI02OEDPLAN2021,CROSS_SUB_EXP,0.0
NI02OEDPLAN2021,CROSS_SUB_NB,0.0
NI02OEDPLAN2021,CROSS_SUB_IF_NB_TECH,0.0
NI02OEDPLAN2021,CROSS_SUB_TASSCHG,0.0
NI02OEDPLAN2021,CROSS_SUB_FASSCHG,0.0
NI02OEDPLAN2021,CROSS_SUB_CLO,0.0
NI02OEDPLAN2021,CROSS_SUB_IF_NB_FIN,0.0
NI02OEDPLAN2021,RA_LIC_RELEASE_CY,0.0
NI02OEDPLAN2021,PVFC_LRC_EXP_PREM_CURR_CF,0.0
NI02OEDPLAN2021,PVFC_LRC_EXP_ACQ_CURR_CF,0.0
NI02OEDPLAN2021,RA_LIC_FEXPVAR_CY,0.0
NI02OEDPLAN2022,PVFC_LRC_UNWIND,0.0
NI02OEDPLAN2022,PVFC_LRC_EXP_PREM_FUT_CF,41095727.3
NI02OEDPLAN2022,PVFC_LRC_EXP_ACQ_FUT_CF,-4109572.7300000004
NI02OEDPLAN2022,PVFC_LRC_EXP_INCLAIM,-22140360.849458113
NI02OEDPLAN2022,PVFC_LRC_EXP_IC_PAYBL,0.0
NI02OEDPLAN2022,PVFC_LRC_EXP_ATTEXP,-19572164.494826
NI02OEDPLAN2022,PVFC_LIC_UNWIND,0.0
NI02OEDPLAN2022,PVFC_LIC_EXP_CLAIM_CF_CY,0.0
NI02OEDPLAN2022,PVFC_LIC_EXP_ATTEXP_CY,0.0
NI02OEDPLAN2022,PVFC_LIC_EXP_CLAIM_CF_PY,0.0
NI02OEDPLAN2022,PVFC_LIC_EXP_ATTEXP_PY,0.0
NI02OEDPLAN2022,RA_LRC_OP,7621867.2777068475
NI02OEDPLAN2022,RA_LRC_NB_POS,0.0
NI02OEDPLAN2022,RA_LRC_UNWIND,-4116181.056590257
NI02OEDPLAN2022,RA_LRC_RELEASE,-2899776.8886111397
NI02OEDPLAN2022,RA_LRC_DEREC,0.0
NI02OEDPLAN2022,RA_LRC_TASSCHG,4133149.413869638
NI02OEDPLAN2022,RA_LRC_FASSCHG,66537.27107040863
NI02OEDPLAN2022,RA_LRC_CLO,4805596.017445497
NI02OEDPLAN2022,RA_LIC_OP,0.0
NI02OEDPLAN2022,RA_LIC_UNWIND,0.0
NI02OEDPLAN2022,RA_LIC_INCLAIM,0.0
NI02OEDPLAN2022,RA_LIC_RELEASE_PY,0.0
NI02OEDPLAN2022,RA_LIC_DEREC,0.0
NI02OEDPLAN2022,RA_LIC_TASSCHG_PY,0.0
NI02OEDPLAN2022,RA_LIC_FASSCHG_PY,0.0
NI02OEDPLAN2022,RA_LIC_CLO,0.0
NI02OEDPLAN2022,ACQ_CF_LRC_UNWIND,0.0
NI02OEDPLAN2022,ACQ_CF_LRC_EXP_ACQ_CF,0.0
NI02OEDPLAN2022,CROSS_SUB_OP,0.0
NI02OEDPLAN2022,CROSS_SUB_EXP,0.0
NI02OEDPLAN2022,CROSS_SUB_NB,0.0
NI02OEDPLAN2022,CROSS_SUB_IF_NB_TECH,0.0
NI02OEDPLAN2022,CROSS_SUB_TASSCHG,0.0
NI02OEDPLAN2022,CROSS_SUB_FASSCHG,0.0
NI02OEDPLAN2022,CROSS_SUB_CLO,0.0
NI02OEDPLAN2022,CROSS_SUB_IF_NB_FIN,0.0
NI02OEDPLAN2022,RA_LIC_RELEASE_CY,0.0
NI02OEDPLAN2022,PVFC_LRC_EXP_PREM_CURR_CF,0.0
NI02OEDPLAN2022,PVFC_LRC_EXP_ACQ_CURR_CF,0.0
NI02OEDPLAN2022,RA_LIC_FEXPVAR_CY,0.0
NI02PEDPLAN2022,PVFC_LRC_UNWIND,0.0
NI02PEDPLAN2022,PVFC_LRC_EXP_PREM_FUT_CF,1303035.024
NI02PEDPLAN2022,PVFC_LRC_EXP_ACQ_FUT_CF,-130303.5024
NI02PEDPLAN2022,PVFC_LRC_EXP_INCLAIM,-136313.4529527078
NI02PEDPLAN2022,PVFC_LRC_EXP_IC_PAYBL,0.0
NI02PEDPLAN2022,PVFC_LRC_EXP_ATTEXP,-334346.9187636038
NI02PEDPLAN2022,PVFC_LIC_UNWIND,0.0
NI02PEDPLAN2022,PVFC_LIC_EXP_CLAIM_CF_CY,0.0
NI02PEDPLAN2022,PVFC_LIC_EXP_ATTEXP_CY,0.0
NI02PEDPLAN2022,PVFC_LIC_EXP_CLAIM_CF_PY,0.0
NI02PEDPLAN2022,PVFC_LIC_EXP_ATTEXP_PY,0.0
NI02PEDPLAN2022,RA_LRC_OP,60876.253836175376
NI02PEDPLAN2022,RA_LRC_NB_POS,0.0
NI02PEDPLAN2022,RA_LRC_UNWIND,-24739.232839768956
NI02PEDPLAN2022,RA_LRC_RELEASE,-32719.430363501328
NI02PEDPLAN2022,RA_LRC_DEREC,0.0
NI02PEDPLAN2022,RA_LRC_TASSCHG,25983.947077631008
NI02PEDPLAN2022,RA_LRC_FASSCHG,427.8785013177039
NI02PEDPLAN2022,RA_LRC_CLO,29829.416211853804
NI02PEDPLAN2022,RA_LIC_OP,0.0
NI02PEDPLAN2022,RA_LIC_UNWIND,0.0
NI02PEDPLAN2022,RA_LIC_INCLAIM,0.0
NI02PEDPLAN2022,RA_LIC_RELEASE_PY,0.0
NI02PEDPLAN2022,RA_LIC_DEREC,0.0
NI02PEDPLAN2022,RA_LIC_TASSCHG_PY,0.0
NI02PEDPLAN2022,RA_LIC_FASSCHG_PY,0.0
NI02PEDPLAN2022,RA_LIC_CLO,0.0
NI02PEDPLAN2022,ACQ_CF_LRC_UNWIND,0.0
NI02PEDPLAN2022,ACQ_CF_LRC_EXP_ACQ_CF,0.0
NI02PEDPLAN2022,CROSS_SUB_OP,0.0
NI02PEDPLAN2022,CROSS_SUB_EXP,0.0
NI02PEDPLAN2022,CROSS_SUB_NB,0.0
NI02PEDPLAN2022,CROSS_SUB_IF_NB_TECH,0.0
NI02PEDPLAN2022,CROSS_SUB_TASSCHG,0.0
NI02PEDPLAN2022,CROSS_SUB_FASSCHG,0.0
NI02PEDPLAN2022,CROSS_SUB_CLO,0.0
NI02PEDPLAN2022,CROSS_SUB_IF_NB_FIN,0.0
NI02PEDPLAN2022,RA_LIC_RELEASE_CY,0.0
NI02PEDPLAN2022,PVFC_LRC_EXP_PREM_CURR_CF,0.0
NI02PEDPLAN2022,PVFC_LRC_EXP_ACQ_CURR_CF,0.0
NI02PEDPLAN2022,RA_LIC_FEXPVAR_CY,0.0
NI02PEDUPOL2021,PVFC_LRC_UNWIND,0.0
NI02PEDUPOL2021,PVFC_LRC_EXP_PREM_FUT_CF,69595264.02627458
NI02PEDUPOL2021,PVFC_LRC_EXP_ACQ_FUT_CF,-7235103.109764949
NI02PEDUPOL2021,PVFC_LRC_EXP_INCLAIM,-29999768.29285965
NI02PEDUPOL2021,PVFC_LRC_EXP_IC_PAYBL,0.0
NI02PEDUPOL2021,PVFC_LRC_EXP_ATTEXP,-21837590.03301955
NI02PEDUPOL2021,PVFC_LIC_UNWIND,0.0
NI02PEDUPOL2021,PVFC_LIC_EXP_CLAIM_CF_CY,0.0
NI02PEDUPOL2021,PVFC_LIC_EXP_ATTEXP_CY,0.0
NI02PEDUPOL2021,PVFC_LIC_EXP_CLAIM_CF_PY,0.0
NI02PEDUPOL2021,PVFC_LIC_EXP_ATTEXP_PY,0.0
NI02PEDUPOL2021,RA_LRC_OP,10963420.490478711
NI02PEDUPOL2021,RA_LRC_NB_POS,0.0
NI02PEDUPOL2021,RA_LRC_UNWIND,533438.688809162
NI02PEDUPOL2021,RA_LRC_RELEASE,-2606889.687578422
NI02PEDUPOL2021,RA_LRC_DEREC,0.0
NI02PEDUPOL2021,RA_LRC_TASSCHG,3578216367.8140397
NI02PEDUPOL2021,RA_LRC_FASSCHG,76791209.39293432
NI02PEDUPOL2021,RA_LRC_CLO,3663897546.6986833
NI02PEDUPOL2021,RA_LIC_OP,0.0
NI02PEDUPOL2021,RA_LIC_UNWIND,0.0
NI02PEDUPOL2021,RA_LIC_INCLAIM,0.0
NI02PEDUPOL2021,RA_LIC_RELEASE_PY,0.0
NI02PEDUPOL2021,RA_LIC_DEREC,0.0
NI02PEDUPOL2021,RA_LIC_TASSCHG_PY,0.0
NI02PEDUPOL2021,RA_LIC_FASSCHG_PY,0.0
NI02PEDUPOL2021,RA_LIC_CLO,0.0
NI02PEDUPOL2021,ACQ_CF_LRC_UNWIND,0.0
NI02PEDUPOL2021,ACQ_CF_LRC_EXP_ACQ_CF,0.0
NI02PEDUPOL2021,CROSS_SUB_OP,0.0
NI02PEDUPOL2021,CROSS_SUB_EXP,0.0
NI02PEDUPOL2021,CROSS_SUB_NB,0.0
NI02PEDUPOL2021,CROSS_SUB_IF_NB_TECH,0.0
NI02PEDUPOL2021,CROSS_SUB_TASSCHG,0.0
NI02PEDUPOL2021,CROSS_SUB_FASSCHG,0.0
NI02PEDUPOL2021,CROSS_SUB_CLO,0.0
NI02PEDUPOL2021,CROSS_SUB_IF_NB_FIN,0.0
NI02PEDUPOL2021,RA_LIC_RELEASE_CY,0.0
NI02PEDUPOL2021,PVFC_LRC_EXP_PREM_CURR_CF,0.0
NI02PEDUPOL2021,PVFC_LRC_EXP_ACQ_CURR_CF,0.0
NI02PEDUPOL2021,RA_LIC_FEXPVAR_CY,0.0
NI02OEDUPOL2022,PVFC_LRC_UNWIND,0.0
NI02OEDUPOL2022,PVFC_LRC_EXP_PREM_FUT_CF,2774738.3147966545
NI02OEDUPOL2022,PVFC_LRC_EXP_ACQ_FUT_CF,-416210.7472194982
NI02OEDUPOL2022,PVFC_LRC_EXP_INCLAIM,-995179.2128219475
NI02OEDUPOL2022,PVFC_LRC_EXP_IC_PAYBL,0.0
NI02OEDUPOL2022,PVFC_LRC_EXP_ATTEXP,-1285571.5299481207
NI02OEDUPOL2022,PVFC_LIC_UNWIND,0.0
NI02OEDUPOL2022,PVFC_LIC_EXP_CLAIM_CF_CY,0.0
NI02OEDUPOL2022,PVFC_LIC_EXP_ATTEXP_CY,0.0
NI02OEDUPOL2022,PVFC_LIC_EXP_CLAIM_CF_PY,0.0
NI02OEDUPOL2022,PVFC_LIC_EXP_ATTEXP_PY,0.0
NI02OEDUPOL2022,RA_LRC_OP,916326.7804720589
NI02OEDUPOL2022,RA_LRC_NB_POS,0.0
NI02OEDUPOL2022,RA_LRC_UNWIND,-5100.759754395811
NI02OEDUPOL2022,RA_LRC_RELEASE,-124949.70879315317
NI02OEDUPOL2022,RA_LRC_DEREC,0.0
NI02OEDUPOL2022,RA_LRC_TASSCHG,-686603.3740572794
NI02OEDUPOL2022,RA_LRC_FASSCHG,2041.313038559325
NI02OEDUPOL2022,RA_LRC_CLO,101714.25090578983
NI02OEDUPOL2022,RA_LIC_OP,0.0
NI02OEDUPOL2022,RA_LIC_UNWIND,0.0
NI02OEDUPOL2022,RA_LIC_INCLAIM,0.0
NI02OEDUPOL2022,RA_LIC_RELEASE_PY,0.0
NI02OEDUPOL2022,RA_LIC_DEREC,0.0
NI02OEDUPOL2022,RA_LIC_TASSCHG_PY,0.0
NI02OEDUPOL2022,RA_LIC_FASSCHG_PY,0.0
NI02OEDUPOL2022,RA_LIC_CLO,0.0
NI02OEDUPOL2022,ACQ_CF_LRC_UNWIND,0.0
NI02OEDUPOL2022,ACQ_CF_LRC_EXP_ACQ_CF,0.0
NI02OEDUPOL2022,CROSS_SUB_OP,0.0
NI02OEDUPOL2022,CROSS_SUB_EXP,0.0
NI02OEDUPOL2022,CROSS_SUB_NB,0.0
NI02OEDUPOL2022,CROSS_SUB_IF_NB_TECH,0.0
NI02OEDUPOL2022,CROSS_SUB_TASSCHG,0.0
NI02OEDUPOL2022,CROSS_SUB_FASSCHG,0.0
NI02OEDUPOL2022,CROSS_SUB_CLO,0.0
NI02OEDUPOL2022,CROSS_SUB_IF_NB_FIN,0.0
NI02OEDUPOL2022,RA_LIC_RELEASE_CY,0.0
NI02OEDUPOL2022,PVFC_LRC_EXP_PREM_CURR_CF,0.0
NI02OEDUPOL2022,PVFC_LRC_EXP_ACQ_CURR_CF,0.0
NI02OEDUPOL2022,RA_LIC_FEXPVAR_CY,0.0
NI02PEDUPOL2022,PVFC_LRC_UNWIND,0.0
NI02PEDUPOL2022,PVFC_LRC_EXP_PREM_FUT_CF,2695645.6216906025
NI02PEDUPOL2022,PVFC_LRC_EXP_ACQ_FUT_CF,-404346.84325359046
NI02PEDUPOL2022,PVFC_LRC_EXP_INCLAIM,-965182.3678894984
NI02PEDUPOL2022,PVFC_LRC_EXP_IC_PAYBL,0.0
NI02PEDUPOL2022,PVFC_LRC_EXP_ATTEXP,-1117780.4252103274
NI02PEDUPOL2022,PVFC_LIC_UNWIND,0.0
NI02PEDUPOL2022,PVFC_LIC_EXP_CLAIM_CF_CY,0.0
NI02PEDUPOL2022,PVFC_LIC_EXP_ATTEXP_CY,0.0
NI02PEDUPOL2022,PVFC_LIC_EXP_CLAIM_CF_PY,0.0
NI02PEDUPOL2022,PVFC_LIC_EXP_ATTEXP_PY,0.0
NI02PEDUPOL2022,RA_LRC_OP,809353.0719876328
NI02PEDUPOL2022,RA_LRC_NB_POS,0.0
NI02PEDUPOL2022,RA_LRC_UNWIND,-2057.4565892840037
NI02PEDUPOL2022,RA_LRC_RELEASE,-114114.00182586045
NI02PEDUPOL2022,RA_LRC_DEREC,0.0
NI02PEDUPOL2022,RA_LRC_TASSCHG,50878.69280125492
NI02PEDUPOL2022,RA_LRC_FASSCHG,15281.999272666406
NI02PEDUPOL2022,RA_LRC_CLO,759342.3056464096
NI02PEDUPOL2022,RA_LIC_OP,0.0
NI02PEDUPOL2022,RA_LIC_UNWIND,0.0
NI02PEDUPOL2022,RA_LIC_INCLAIM,0.0
NI02PEDUPOL2022,RA_LIC_RELEASE_PY,0.0
NI02PEDUPOL2022,RA_LIC_DEREC,0.0
NI02PEDUPOL2022,RA_LIC_TASSCHG_PY,0.0
NI02PEDUPOL2022,RA_LIC_FASSCHG_PY,0.0
NI02PEDUPOL2022,RA_LIC_CLO,0.0
NI02PEDUPOL2022,ACQ_CF_LRC_UNWIND,0.0
NI02PEDUPOL2022,ACQ_CF_LRC_EXP_ACQ_CF,0.0
NI02PEDUPOL2022,CROSS_SUB_OP,0.0
NI02PEDUPOL2022,CROSS_SUB_EXP,0.0
NI02PEDUPOL2022,CROSS_SUB_NB,0.0
NI02PEDUPOL2022,CROSS_SUB_IF_NB_TECH,0.0
NI02PEDUPOL2022,CROSS_SUB_TASSCHG,0.0
NI02PEDUPOL2022,CROSS_SUB_FASSCHG,0.0
NI02PEDUPOL2022,CROSS_SUB_CLO,0.0
NI02PEDUPOL2022,CROSS_SUB_IF_NB_FIN,0.0
NI02PEDUPOL2022,RA_LIC_RELEASE_CY,0.0
NI02PEDUPOL2022,PVFC_LRC_EXP_PREM_CURR_CF,0.0
NI02PEDUPOL2022,PVFC_LRC_EXP_ACQ_CURR_CF,0.0
NI02PEDUPOL2022,RA_LIC_FEXPVAR_CY,0.0
NI02PEIPLAN2021,PVFC_LRC_UNWIND,0.0
NI02PEIPLAN2021,PVFC_LRC_EXP_PREM_FUT_CF,128980.98296557851
NI02PEIPLAN2021,PVFC_LRC_EXP_ACQ_FUT_CF,-14409.924129155097
NI02PEIPLAN2021,PVFC_LRC_EXP_INCLAIM,-20051.93614540329
NI02PEIPLAN2021,PVFC_LRC_EXP_IC_PAYBL,0.0
NI02PEIPLAN2021,PVFC_LRC_EXP_ATTEXP,-45771.27317201863
NI02PEIPLAN2021,PVFC_LIC_UNWIND,0.0
NI02PEIPLAN2021,PVFC_LIC_EXP_CLAIM_CF_CY,0.0
NI02PEIPLAN2021,PVFC_LIC_EXP_ATTEXP_CY,0.0
NI02PEIPLAN2021,PVFC_LIC_EXP_CLAIM_CF_PY,0.0
NI02PEIPLAN2021,PVFC_LIC_EXP_ATTEXP_PY,0.0
NI02PEIPLAN2021,RA_LRC_OP,21510.929258870423
NI02PEIPLAN2021,RA_LRC_NB_POS,0.0
NI02PEIPLAN2021,RA_LRC_UNWIND,1188.6615293673894
NI02PEIPLAN2021,RA_LRC_RELEASE,-3948.801812072842
NI02PEIPLAN2021,RA_LRC_DEREC,0.0
NI02PEIPLAN2021,RA_LRC_TASSCHG,-7911.332764617942
NI02PEIPLAN2021,RA_LRC_FASSCHG,229.75013969674183
NI02PEIPLAN2021,RA_LRC_CLO,11069.20635124377
NI02PEIPLAN2021,RA_LIC_OP,0.0
NI02PEIPLAN2021,RA_LIC_UNWIND,0.0
NI02PEIPLAN2021,RA_LIC_INCLAIM,0.0
NI02PEIPLAN2021,RA_LIC_RELEASE_PY,0.0
NI02PEIPLAN2021,RA_LIC_DEREC,0.0
NI02PEIPLAN2021,RA_LIC_TASSCHG_PY,0.0
NI02PEIPLAN2021,RA_LIC_FASSCHG_PY,0.0
NI02PEIPLAN2021,RA_LIC_CLO,0.0
NI02PEIPLAN2021,ACQ_CF_LRC_UNWIND,0.0
NI02PEIPLAN2021,ACQ_CF_LRC_EXP_ACQ_CF,0.0
NI02PEIPLAN2021,CROSS_SUB_OP,0.0
NI02PEIPLAN2021,CROSS_SUB_EXP,0.0
NI02PEIPLAN2021,CROSS_SUB_NB,0.0
NI02PEIPLAN2021,CROSS_SUB_IF_NB_TECH,0.0
NI02PEIPLAN2021,CROSS_SUB_TASSCHG,0.0
NI02PEIPLAN2021,CROSS_SUB_FASSCHG,0.0
NI02PEIPLAN2021,CROSS_SUB_CLO,0.0
NI02PEIPLAN2021,CROSS_SUB_IF_NB_FIN,0.0
NI02PEIPLAN2021,RA_LIC_RELEASE_CY,0.0
NI02PEIPLAN2021,PVFC_LRC_EXP_PREM_CURR_CF,0.0
NI02PEIPLAN2021,PVFC_LRC_EXP_ACQ_CURR_CF,0.0
NI02PEIPLAN2021,RA_LIC_FEXPVAR_CY,0.0
NI02OLIFESV2021,PVFC_LRC_UNWIND,0.0
NI02OLIFESV2021,PVFC_LRC_EXP_PREM_FUT_CF,13909441.337472135
NI02OLIFESV2021,PVFC_LRC_EXP_ACQ_FUT_CF,-1607472.6206273534
NI02OLIFESV2021,PVFC_LRC_EXP_INCLAIM,-2752231.765718445
NI02OLIFESV2021,PVFC_LRC_EXP_IC_PAYBL,0.0
NI02OLIFESV2021,PVFC_LRC_EXP_ATTEXP,-22545126.759035677
NI02OLIFESV2021,PVFC_LIC_UNWIND,0.0
NI02OLIFESV2021,PVFC_LIC_EXP_CLAIM_CF_CY,0.0
NI02OLIFESV2021,PVFC_LIC_EXP_ATTEXP_CY,0.0
NI02OLIFESV2021,PVFC_LIC_EXP_CLAIM_CF_PY,0.0
NI02OLIFESV2021,PVFC_LIC_EXP_ATTEXP_PY,0.0
NI02OLIFESV2021,RA_LRC_OP,2258581.0350544862
NI02OLIFESV2021,RA_LRC_NB_POS,0.0
NI02OLIFESV2021,RA_LRC_UNWIND,43072.46859248495
NI02OLIFESV2021,RA_LRC_RELEASE,-1505456.4143562443
NI02OLIFESV2021,RA_LRC_DEREC,0.0
NI02OLIFESV2021,RA_LRC_TASSCHG,301655104.1675493
NI02OLIFESV2021,RA_LRC_FASSCHG,4708333.58330816
NI02OLIFESV2021,RA_LRC_CLO,307159634.8401482
NI02OLIFESV2021,RA_LIC_OP,0.0
NI02OLIFESV2021,RA_LIC_UNWIND,0.0
NI02OLIFESV2021,RA_LIC_INCLAIM,0.0
NI02OLIFESV2021,RA_LIC_RELEASE_PY,0.0
NI02OLIFESV2021,RA_LIC_DEREC,0.0
NI02OLIFESV2021,RA_LIC_TASSCHG_PY,0.0
NI02OLIFESV2021,RA_LIC_FASSCHG_PY,0.0
NI02OLIFESV2021,RA_LIC_CLO,0.0
NI02OLIFESV2021,ACQ_CF_LRC_UNWIND,0.0
NI02OLIFESV2021,ACQ_CF_LRC_EXP_ACQ_CF,0.0
NI02OLIFESV2021,CROSS_SUB_OP,0.0
NI02OLIFESV2021,CROSS_SUB_EXP,0.0
NI02OLIFESV2021,CROSS_SUB_NB,0.0
NI02OLIFESV2021,CROSS_SUB_IF_NB_TECH,0.0
NI02OLIFESV2021,CROSS_SUB_TASSCHG,0.0
NI02OLIFESV2021,CROSS_SUB_FASSCHG,0.0
NI02OLIFESV2021,CROSS_SUB_CLO,0.0
NI02OLIFESV2021,CROSS_SUB_IF_NB_FIN,0.0
NI02OLIFESV2021,RA_LIC_RELEASE_CY,0.0
NI02OLIFESV2021,PVFC_LRC_EXP_PREM_CURR_CF,0.0
NI02OLIFESV2021,PVFC_LRC_EXP_ACQ_CURR_CF,0.0
NI02OLIFESV2021,RA_LIC_FEXPVAR_CY,0.0
NI02OLIFESV2022,PVFC_LRC_UNWIND,0.0
NI02OLIFESV2022,PVFC_LRC_EXP_PREM_FUT_CF,5227793.999045038
NI02OLIFESV2022,PVFC_LRC_EXP_ACQ_FUT_CF,-53309.540403805
NI02OLIFESV2022,PVFC_LRC_EXP_INCLAIM,-3238794.6828574473
NI02OLIFESV2022,PVFC_LRC_EXP_IC_PAYBL,0.0
NI02OLIFESV2022,PVFC_LRC_EXP_ATTEXP,-29654246.060758647
NI02OLIFESV2022,PVFC_LIC_UNWIND,0.0
NI02OLIFESV2022,PVFC_LIC_EXP_CLAIM_CF_CY,0.0
NI02OLIFESV2022,PVFC_LIC_EXP_ATTEXP_CY,0.0
NI02OLIFESV2022,PVFC_LIC_EXP_CLAIM_CF_PY,0.0
NI02OLIFESV2022,PVFC_LIC_EXP_ATTEXP_PY,0.0
NI02OLIFESV2022,RA_LRC_OP,4444999.774500604
NI02OLIFESV2022,RA_LRC_NB_POS,0.0
NI02OLIFESV2022,RA_LRC_UNWIND,-1051992.6418075766
NI02OLIFESV2022,RA_LRC_RELEASE,-2053383.4734366008
NI02OLIFESV2022,RA_LRC_DEREC,0.0
NI02OLIFESV2022,RA_LRC_TASSCHG,1100839.666651458
NI02OLIFESV2022,RA_LRC_FASSCHG,42055.5483945976
NI02OLIFESV2022,RA_LRC_CLO,2482518.8743024818
NI02OLIFESV2022,RA_LIC_OP,0.0
NI02OLIFESV2022,RA_LIC_UNWIND,0.0
NI02OLIFESV2022,RA_LIC_INCLAIM,0.0
NI02OLIFESV2022,RA_LIC_RELEASE_PY,0.0
NI02OLIFESV2022,RA_LIC_DEREC,0.0
NI02OLIFESV2022,RA_LIC_TASSCHG_PY,0.0
NI02OLIFESV2022,RA_LIC_FASSCHG_PY,0.0
NI02OLIFESV2022,RA_LIC_CLO,0.0
NI02OLIFESV2022,ACQ_CF_LRC_UNWIND,0.0
NI02OLIFESV2022,ACQ_CF_LRC_EXP_ACQ_CF,0.0
NI02OLIFESV2022,CROSS_SUB_OP,0.0
NI02OLIFESV2022,CROSS_SUB_EXP,0.0
NI02OLIFESV2022,CROSS_SUB_NB,0.0
NI02OLIFESV2022,CROSS_SUB_IF_NB_TECH,0.0
NI02OLIFESV2022,CROSS_SUB_TASSCHG,0.0
NI02OLIFESV2022,CROSS_SUB_FASSCHG,0.0
NI02OLIFESV2022,CROSS_SUB_CLO,0.0
NI02OLIFESV2022,CROSS_SUB_IF_NB_FIN,0.0
NI02OLIFESV2022,RA_LIC_RELEASE_CY,0.0
NI02OLIFESV2022,PVFC_LRC_EXP_PREM_CURR_CF,0.0
NI02OLIFESV2022,PVFC_LRC_EXP_ACQ_CURR_CF,0.0
NI02OLIFESV2022,RA_LIC_FEXPVAR_CY,0.0
NI02PMFUNDS2021,PVFC_LRC_UNWIND,0.0
NI02PMFUNDS2021,PVFC_LRC_EXP_PREM_FUT_CF,2228151.7775808675
NI02PMFUNDS2021,PVFC_LRC_EXP_ACQ_FUT_CF,-223145.24934266508
NI02PMFUNDS2021,PVFC_LRC_EXP_INCLAIM,-1272889.250110223
NI02PMFUNDS2021,PVFC_LRC_EXP_IC_PAYBL,0.0
NI02PMFUNDS2021,PVFC_LRC_EXP_ATTEXP,-3838435.471432744
NI02PMFUNDS2021,PVFC_LIC_UNWIND,0.0
NI02PMFUNDS2021,PVFC_LIC_EXP_CLAIM_CF_CY,0.0
NI02PMFUNDS2021,PVFC_LIC_EXP_ATTEXP_CY,0.0
NI02PMFUNDS2021,PVFC_LIC_EXP_CLAIM_CF_PY,0.0
NI02PMFUNDS2021,PVFC_LIC_EXP_ATTEXP_PY,0.0
NI02PMFUNDS2021,RA_LRC_OP,801643.1325589644
NI02PMFUNDS2021,RA_LRC_NB_POS,0.0
NI02PMFUNDS2021,RA_LRC_UNWIND,30662.12493352173
NI02PMFUNDS2021,RA_LRC_RELEASE,-266854.7670535287
NI02PMFUNDS2021,RA_LRC_DEREC,0.0
NI02PMFUNDS2021,RA_LRC_TASSCHG,-181827.50422009517
NI02PMFUNDS2021,RA_LRC_FASSCHG,3879.2920109698316
NI02PMFUNDS2021,RA_LRC_CLO,387502.2782298321
NI02PMFUNDS2021,RA_LIC_OP,0.0
NI02PMFUNDS2021,RA_LIC_UNWIND,0.0
NI02PMFUNDS2021,RA_LIC_INCLAIM,0.0
NI02PMFUNDS2021,RA_LIC_RELEASE_PY,0.0
NI02PMFUNDS2021,RA_LIC_DEREC,0.0
NI02PMFUNDS2021,RA_LIC_TASSCHG_PY,0.0
NI02PMFUNDS2021,RA_LIC_FASSCHG_PY,0.0
NI02PMFUNDS2021,RA_LIC_CLO,0.0
NI02PMFUNDS2021,ACQ_CF_LRC_UNWIND,0.0
NI02PMFUNDS2021,ACQ_CF_LRC_EXP_ACQ_CF,0.0
NI02PMFUNDS2021,CROSS_SUB_OP,0.0
NI02PMFUNDS2021,CROSS_SUB_EXP,0.0
NI02PMFUNDS2021,CROSS_SUB_NB,0.0
NI02PMFUNDS2021,CROSS_SUB_IF_NB_TECH,0.0
NI02PMFUNDS2021,CROSS_SUB_TASSCHG,0.0
NI02PMFUNDS2021,CROSS_SUB_FASSCHG,0.0
NI02PMFUNDS2021,CROSS_SUB_CLO,0.0
NI02PMFUNDS2021,CROSS_SUB_IF_NB_FIN,0.0
NI02PMFUNDS2021,RA_LIC_RELEASE_CY,0.0
NI02PMFUNDS2021,PVFC_LRC_EXP_PREM_CURR_CF,0.0
NI02PMFUNDS2021,PVFC_LRC_EXP_ACQ_CURR_CF,0.0
NI02PMFUNDS2021,RA_LIC_FEXPVAR_CY,0.0
NI02OMLPLAN2021,PVFC_LRC_UNWIND,0.0
NI02OMLPLAN2021,PVFC_LRC_EXP_PREM_FUT_CF,13916990.140873723
NI02OMLPLAN2021,PVFC_LRC_EXP_ACQ_FUT_CF,-1449674.3626849991
NI02OMLPLAN2021,PVFC_LRC_EXP_INCLAIM,-6195605.57235516
NI02OMLPLAN2021,PVFC_LRC_EXP_IC_PAYBL,0.0
NI02OMLPLAN2021,PVFC_LRC_EXP_ATTEXP,-15459453.080749948
NI02OMLPLAN2021,PVFC_LIC_UNWIND,0.0
NI02OMLPLAN2021,PVFC_LIC_EXP_CLAIM_CF_CY,0.0
NI02OMLPLAN2021,PVFC_LIC_EXP_ATTEXP_CY,0.0
NI02OMLPLAN2021,PVFC_LIC_EXP_CLAIM_CF_PY,0.0
NI02OMLPLAN2021,PVFC_LIC_EXP_ATTEXP_PY,0.0
NI02OMLPLAN2021,RA_LRC_OP,3231775.296993314
NI02OMLPLAN2021,RA_LRC_NB_POS,0.0
NI02OMLPLAN2021,RA_LRC_UNWIND,115240.34435533406
NI02OMLPLAN2021,RA_LRC_RELEASE,-1126233.4264358808
NI02OMLPLAN2021,RA_LRC_DEREC,0.0
NI02OMLPLAN2021,RA_LRC_TASSCHG,320017580.354251
NI02OMLPLAN2021,RA_LRC_FASSCHG,6850261.665707827
NI02OMLPLAN2021,RA_LRC_CLO,329088624.2348716
NI02OMLPLAN2021,RA_LIC_OP,0.0
NI02OMLPLAN2021,RA_LIC_UNWIND,0.0
NI02OMLPLAN2021,RA_LIC_INCLAIM,0.0
NI02OMLPLAN2021,RA_LIC_RELEASE_PY,0.0
NI02OMLPLAN2021,RA_LIC_DEREC,0.0
NI02OMLPLAN2021,RA_LIC_TASSCHG_PY,0.0
NI02OMLPLAN2021,RA_LIC_FASSCHG_PY,0.0
NI02OMLPLAN2021,RA_LIC_CLO,0.0
NI02OMLPLAN2021,ACQ_CF_LRC_UNWIND,0.0
NI02OMLPLAN2021,ACQ_CF_LRC_EXP_ACQ_CF,0.0
NI02OMLPLAN2021,CROSS_SUB_OP,0.0
NI02OMLPLAN2021,CROSS_SUB_EXP,0.0
NI02OMLPLAN2021,CROSS_SUB_NB,0.0
NI02OMLPLAN2021,CROSS_SUB_IF_NB_TECH,0.0
NI02OMLPLAN2021,CROSS_SUB_TASSCHG,0.0
NI02OMLPLAN2021,CROSS_SUB_FASSCHG,0.0
NI02OMLPLAN2021,CROSS_SUB_CLO,0.0
NI02OMLPLAN2021,CROSS_SUB_IF_NB_FIN,0.0
NI02OMLPLAN2021,RA_LIC_RELEASE_CY,0.0
NI02OMLPLAN2021,PVFC_LRC_EXP_PREM_CURR_CF,0.0
NI02OMLPLAN2021,PVFC_LRC_EXP_ACQ_CURR_CF,0.0
NI02OMLPLAN2021,RA_LIC_FEXPVAR_CY,0.0
NI02OMLPLAN2022,PVFC_LRC_UNWIND,0.0
NI02OMLPLAN2022,PVFC_LRC_EXP_PREM_FUT_CF,211277.4523496936
NI02OMLPLAN2022,PVFC_LRC_EXP_ACQ_FUT_CF,-31766.33563009144
NI02OMLPLAN2022,PVFC_LRC_EXP_INCLAIM,-110198.8313150144
NI02OMLPLAN2022,PVFC_LRC_EXP_IC_PAYBL,0.0
NI02OMLPLAN2022,PVFC_LRC_EXP_ATTEXP,-219361.61499296286
NI02OMLPLAN2022,PVFC_LIC_UNWIND,0.0
NI02OMLPLAN2022,PVFC_LIC_EXP_CLAIM_CF_CY,0.0
NI02OMLPLAN2022,PVFC_LIC_EXP_ATTEXP_CY,0.0
NI02OMLPLAN2022,PVFC_LIC_EXP_CLAIM_CF_PY,0.0
NI02OMLPLAN2022,PVFC_LIC_EXP_ATTEXP_PY,0.0
NI02OMLPLAN2022,RA_LRC_OP,111142.62454771114
NI02OMLPLAN2022,RA_LRC_NB_POS,0.0
NI02OMLPLAN2022,RA_LRC_UNWIND,-2532.310790499978
NI02OMLPLAN2022,RA_LRC_RELEASE,-18601.97323230971
NI02OMLPLAN2022,RA_LRC_DEREC,0.0
NI02OMLPLAN2022,RA_LRC_TASSCHG,9960.696411010693
NI02OMLPLAN2022,RA_LRC_FASSCHG,2335.7961629467463
NI02OMLPLAN2022,RA_LRC_CLO,102304.83309885889
NI02OMLPLAN2022,RA_LIC_OP,0.0
NI02OMLPLAN2022,RA_LIC_UNWIND,0.0
NI02OMLPLAN2022,RA_LIC_INCLAIM,0.0
NI02OMLPLAN2022,RA_LIC_RELEASE_PY,0.0
NI02OMLPLAN2022,RA_LIC_DEREC,0.0
NI02OMLPLAN2022,RA_LIC_TASSCHG_PY,0.0
NI02OMLPLAN2022,RA_LIC_FASSCHG_PY,0.0
NI02OMLPLAN2022,RA_LIC_CLO,0.0
NI02OMLPLAN2022,ACQ_CF_LRC_UNWIND,0.0
NI02OMLPLAN2022,ACQ_CF_LRC_EXP_ACQ_CF,0.0
NI02OMLPLAN2022,CROSS_SUB_OP,0.0
NI02OMLPLAN2022,CROSS_SUB_EXP,0.0
NI02OMLPLAN2022,CROSS_SUB_NB,0.0
NI02OMLPLAN2022,CROSS_SUB_IF_NB_TECH,0.0
NI02OMLPLAN2022,CROSS_SUB_TASSCHG,0.0
NI02OMLPLAN2022,CROSS_SUB_FASSCHG,0.0
NI02OMLPLAN2022,CROSS_SUB_CLO,0.0
NI02OMLPLAN2022,CROSS_SUB_IF_NB_FIN,0.0
NI02OMLPLAN2022,RA_LIC_RELEASE_CY,0.0
NI02OMLPLAN2022,PVFC_LRC_EXP_PREM_CURR_CF,0.0
NI02OMLPLAN2022,PVFC_LRC_EXP_ACQ_CURR_CF,0.0
NI02OMLPLAN2022,RA_LIC_FEXPVAR_CY,0.0
NI02OMORTGE2021,PVFC_LRC_UNWIND,0.0
NI02OMORTGE2021,PVFC_LRC_EXP_PREM_FUT_CF,5840377.195845983
NI02OMORTGE2021,PVFC_LRC_EXP_ACQ_FUT_CF,-584037.7195845982
NI02OMORTGE2021,PVFC_LRC_EXP_INCLAIM,-17520306.985162035
NI02OMORTGE2021,PVFC_LRC_EXP_IC_PAYBL,0.0
NI02OMORTGE2021,PVFC_LRC_EXP_ATTEXP,-209701.00109320332
NI02OMORTGE2021,PVFC_LIC_UNWIND,0.0
NI02OMORTGE2021,PVFC_LIC_EXP_CLAIM_CF_CY,0.0
NI02OMORTGE2021,PVFC_LIC_EXP_ATTEXP_CY,0.0
NI02OMORTGE2021,PVFC_LIC_EXP_CLAIM_CF_PY,0.0
NI02OMORTGE2021,PVFC_LIC_EXP_ATTEXP_PY,0.0
NI02OMORTGE2021,RA_LRC_OP,6263542.129420678
NI02OMORTGE2021,RA_LRC_NB_POS,0.0
NI02OMORTGE2021,RA_LRC_UNWIND,341907.0476075625
NI02OMORTGE2021,RA_LRC_RELEASE,-1282697.102932216
NI02OMORTGE2021,RA_LRC_DEREC,0.0
NI02OMORTGE2021,RA_LRC_TASSCHG,-288741.29560080636
NI02OMORTGE2021,RA_LRC_FASSCHG,107590.69536803197
NI02OMORTGE2021,RA_LRC_CLO,5141601.473863251
NI02OMORTGE2021,RA_LIC_OP,0.0
NI02OMORTGE2021,RA_LIC_UNWIND,0.0
NI02OMORTGE2021,RA_LIC_INCLAIM,0.0
NI02OMORTGE2021,RA_LIC_RELEASE_PY,0.0
NI02OMORTGE2021,RA_LIC_DEREC,0.0
NI02OMORTGE2021,RA_LIC_TASSCHG_PY,0.0
NI02OMORTGE2021,RA_LIC_FASSCHG_PY,0.0
NI02OMORTGE2021,RA_LIC_CLO,0.0
NI02OMORTGE2021,ACQ_CF_LRC_UNWIND,0.0
NI02OMORTGE2021,ACQ_CF_LRC_EXP_ACQ_CF,0.0
NI02OMORTGE2021,CROSS_SUB_OP,0.0
NI02OMORTGE2021,CROSS_SUB_EXP,0.0
NI02OMORTGE2021,CROSS_SUB_NB,0.0
NI02OMORTGE2021,CROSS_SUB_IF_NB_TECH,0.0
NI02OMORTGE2021,CROSS_SUB_TASSCHG,0.0
NI02OMORTGE2021,CROSS_SUB_FASSCHG,0.0
NI02OMORTGE2021,CROSS_SUB_CLO,0.0
NI02OMORTGE2021,CROSS_SUB_IF_NB_FIN,0.0
NI02OMORTGE2021,RA_LIC_RELEASE_CY,0.0
NI02OMORTGE2021,PVFC_LRC_EXP_PREM_CURR_CF,0.0
NI02OMORTGE2021,PVFC_LRC_EXP_ACQ_CURR_CF,0.0
NI02OMORTGE2021,RA_LIC_FEXPVAR_CY,0.0
NI02PMORTGE2022,PVFC_LRC_UNWIND,0.0
NI02PMORTGE2022,PVFC_LRC_EXP_PREM_FUT_CF,12907406.569999998
NI02PMORTGE2022,PVFC_LRC_EXP_ACQ_FUT_CF,-1290740.657
NI02PMORTGE2022,PVFC_LRC_EXP_INCLAIM,-1396693.8144118732
NI02PMORTGE2022,PVFC_LRC_EXP_IC_PAYBL,0.0
NI02PMORTGE2022,PVFC_LRC_EXP_ATTEXP,-2943927.646975238
NI02PMORTGE2022,PVFC_LIC_UNWIND,0.0
NI02PMORTGE2022,PVFC_LIC_EXP_CLAIM_CF_CY,0.0
NI02PMORTGE2022,PVFC_LIC_EXP_ATTEXP_CY,0.0
NI02PMORTGE2022,PVFC_LIC_EXP_CLAIM_CF_PY,0.0
NI02PMORTGE2022,PVFC_LIC_EXP_ATTEXP_PY,0.0
NI02PMORTGE2022,RA_LRC_OP,353827.0748055769
NI02PMORTGE2022,RA_LRC_NB_POS,0.0
NI02PMORTGE2022,RA_LRC_UNWIND,-4561.644517644832
NI02PMORTGE2022,RA_LRC_RELEASE,-338553.31148120377
NI02PMORTGE2022,RA_LRC_DEREC,0.0
NI02PMORTGE2022,RA_LRC_TASSCHG,146720.27703050734
NI02PMORTGE2022,RA_LRC_FASSCHG,1309.2056115150335
NI02PMORTGE2022,RA_LRC_CLO,158741.60144875065
NI02PMORTGE2022,RA_LIC_OP,0.0
NI02PMORTGE2022,RA_LIC_UNWIND,0.0
NI02PMORTGE2022,RA_LIC_INCLAIM,0.0
NI02PMORTGE2022,RA_LIC_RELEASE_PY,0.0
NI02PMORTGE2022,RA_LIC_DEREC,0.0
NI02PMORTGE2022,RA_LIC_TASSCHG_PY,0.0
NI02PMORTGE2022,RA_LIC_FASSCHG_PY,0.0
NI02PMORTGE2022,RA_LIC_CLO,0.0
NI02PMORTGE2022,ACQ_CF_LRC_UNWIND,0.0
NI02PMORTGE2022,ACQ_CF_LRC_EXP_ACQ_CF,0.0
NI02PMORTGE2022,CROSS_SUB_OP,0.0
NI02PMORTGE2022,CROSS_SUB_EXP,0.0
NI02PMORTGE2022,CROSS_SUB_NB,0.0
NI02PMORTGE2022,CROSS_SUB_IF_NB_TECH,0.0
NI02PMORTGE2022,CROSS_SUB_TASSCHG,0.0
NI02PMORTGE2022,CROSS_SUB_FASSCHG,0.0
NI02PMORTGE2022,CROSS_SUB_CLO,0.0
NI02PMORTGE2022,CROSS_SUB_IF_NB_FIN,0.0
NI02PMORTGE2022,RA_LIC_RELEASE_CY,0.0
NI02PMORTGE2022,PVFC_LRC_EXP_PREM_CURR_CF,0.0
NI02PMORTGE2022,PVFC_LRC_EXP_ACQ_CURR_CF,0.0
NI02PMORTGE2022,RA_LIC_FEXPVAR_CY,0.0
NI02PSMRTRE2021,PVFC_LRC_UNWIND,0.0
NI02PSMRTRE2021,PVFC_LRC_EXP_PREM_FUT_CF,4653.250554458528
NI02PSMRTRE2021,PVFC_LRC_EXP_ACQ_FUT_CF,-465.32505544585297
NI02PSMRTRE2021,PVFC_LRC_EXP_INCLAIM,-1214.24801084249
NI02PSMRTRE2021,PVFC_LRC_EXP_IC_PAYBL,0.0
NI02PSMRTRE2021,PVFC_LRC_EXP_ATTEXP,-7507.831719852445
NI02PSMRTRE2021,PVFC_LIC_UNWIND,0.0
NI02PSMRTRE2021,PVFC_LIC_EXP_CLAIM_CF_CY,0.0
NI02PSMRTRE2021,PVFC_LIC_EXP_ATTEXP_CY,0.0
NI02PSMRTRE2021,PVFC_LIC_EXP_CLAIM_CF_PY,0.0
NI02PSMRTRE2021,PVFC_LIC_EXP_ATTEXP_PY,0.0
NI02PSMRTRE2021,RA_LRC_OP,6708.443199860383
NI02PSMRTRE2021,RA_LRC_NB_POS,0.0
NI02PSMRTRE2021,RA_LRC_UNWIND,460.4798591329436
NI02PSMRTRE2021,RA_LRC_RELEASE,-535.5432521091188
NI02PSMRTRE2021,RA_LRC_DEREC,0.0
NI02PSMRTRE2021,RA_LRC_TASSCHG,394012.7738230721
NI02PSMRTRE2021,RA_LRC_FASSCHG,-2374.6065572745283
NI02PSMRTRE2021,RA_LRC_CLO,398271.5470726818
NI02PSMRTRE2021,RA_LIC_OP,0.0
NI02PSMRTRE2021,RA_LIC_UNWIND,0.0
NI02PSMRTRE2021,RA_LIC_INCLAIM,0.0
NI02PSMRTRE2021,RA_LIC_RELEASE_PY,0.0
NI02PSMRTRE2021,RA_LIC_DEREC,0.0
NI02PSMRTRE2021,RA_LIC_TASSCHG_PY,0.0
NI02PSMRTRE2021,RA_LIC_FASSCHG_PY,0.0
NI02PSMRTRE2021,RA_LIC_CLO,0.0
NI02PSMRTRE2021,ACQ_CF_LRC_UNWIND,0.0
NI02PSMRTRE2021,ACQ_CF_LRC_EXP_ACQ_CF,0.0
NI02PSMRTRE2021,CROSS_SUB_OP,0.0
NI02PSMRTRE2021,CROSS_SUB_EXP,0.0
NI02PSMRTRE2021,CROSS_SUB_NB,0.0
NI02PSMRTRE2021,CROSS_SUB_IF_NB_TECH,0.0
NI02PSMRTRE2021,CROSS_SUB_TASSCHG,0.0
NI02PSMRTRE2021,CROSS_SUB_FASSCHG,0.0
NI02PSMRTRE2021,CROSS_SUB_CLO,0.0
NI02PSMRTRE2021,CROSS_SUB_IF_NB_FIN,0.0
NI02PSMRTRE2021,RA_LIC_RELEASE_CY,0.0
NI02PSMRTRE2021,PVFC_LRC_EXP_PREM_CURR_CF,0.0
NI02PSMRTRE2021,PVFC_LRC_EXP_ACQ_CURR_CF,0.0
NI02PSMRTRE2021,RA_LIC_FEXPVAR_CY,0.0
NI02OTMLIFE2021,PVFC_LRC_UNWIND,0.0
NI02OTMLIFE2021,PVFC_LRC_EXP_PREM_FUT_CF,18260707.224333856
NI02OTMLIFE2021,PVFC_LRC_EXP_ACQ_FUT_CF,-3167114.7442465266
NI02OTMLIFE2021,PVFC_LRC_EXP_INCLAIM,-10501434.277019387
NI02OTMLIFE2021,PVFC_LRC_EXP_IC_PAYBL,0.0
NI02OTMLIFE2021,PVFC_LRC_EXP_ATTEXP,-1259130.128109202
NI02OTMLIFE2021,PVFC_LIC_UNWIND,0.0
NI02OTMLIFE2021,PVFC_LIC_EXP_CLAIM_CF_CY,0.0
NI02OTMLIFE2021,PVFC_LIC_EXP_ATTEXP_CY,0.0
NI02OTMLIFE2021,PVFC_LIC_EXP_CLAIM_CF_PY,0.0
NI02OTMLIFE2021,PVFC_LIC_EXP_ATTEXP_PY,0.0
NI02OTMLIFE2021,RA_LRC_OP,4012450.6823499724
NI02OTMLIFE2021,RA_LRC_NB_POS,0.0
NI02OTMLIFE2021,RA_LRC_UNWIND,214717.62083949056
NI02OTMLIFE2021,RA_LRC_RELEASE,-815262.5404030764
NI02OTMLIFE2021,RA_LRC_DEREC,0.0
NI02OTMLIFE2021,RA_LRC_TASSCHG,429874.20282390993
NI02OTMLIFE2021,RA_LRC_FASSCHG,56128.86638804618
NI02OTMLIFE2021,RA_LRC_CLO,3897908.8319983426
NI02OTMLIFE2021,RA_LIC_OP,0.0
NI02OTMLIFE2021,RA_LIC_UNWIND,0.0
NI02OTMLIFE2021,RA_LIC_INCLAIM,0.0
NI02OTMLIFE2021,RA_LIC_RELEASE_PY,0.0
NI02OTMLIFE2021,RA_LIC_DEREC,0.0
NI02OTMLIFE2021,RA_LIC_TASSCHG_PY,0.0
NI02OTMLIFE2021,RA_LIC_FASSCHG_PY,0.0
NI02OTMLIFE2021,RA_LIC_CLO,0.0
NI02OTMLIFE2021,ACQ_CF_LRC_UNWIND,0.0
NI02OTMLIFE2021,ACQ_CF_LRC_EXP_ACQ_CF,0.0
NI02OTMLIFE2021,CROSS_SUB_OP,0.0
NI02OTMLIFE2021,CROSS_SUB_EXP,0.0
NI02OTMLIFE2021,CROSS_SUB_NB,0.0
NI02OTMLIFE2021,CROSS_SUB_IF_NB_TECH,0.0
NI02OTMLIFE2021,CROSS_SUB_TASSCHG,0.0
NI02OTMLIFE2021,CROSS_SUB_FASSCHG,0.0
NI02OTMLIFE2021,CROSS_SUB_CLO,0.0
NI02OTMLIFE2021,CROSS_SUB_IF_NB_FIN,0.0
NI02OTMLIFE2021,RA_LIC_RELEASE_CY,0.0
NI02OTMLIFE2021,PVFC_LRC_EXP_PREM_CURR_CF,0.0
NI02OTMLIFE2021,PVFC_LRC_EXP_ACQ_CURR_CF,0.0
NI02OTMLIFE2021,RA_LIC_FEXPVAR_CY,0.0
NI02PTMLIFE2022,PVFC_LRC_UNWIND,0.0
NI02PTMLIFE2022,PVFC_LRC_EXP_PREM_FUT_CF,33239719.38819022
NI02PTMLIFE2022,PVFC_LRC_EXP_ACQ_FUT_CF,-6630043.877638043
NI02PTMLIFE2022,PVFC_LRC_EXP_INCLAIM,-7766225.222843011
NI02PTMLIFE2022,PVFC_LRC_EXP_IC_PAYBL,0.0
NI02PTMLIFE2022,PVFC_LRC_EXP_ATTEXP,-7201084.8989931755
NI02PTMLIFE2022,PVFC_LIC_UNWIND,0.0
NI02PTMLIFE2022,PVFC_LIC_EXP_CLAIM_CF_CY,0.0
NI02PTMLIFE2022,PVFC_LIC_EXP_ATTEXP_CY,0.0
NI02PTMLIFE2022,PVFC_LIC_EXP_CLAIM_CF_PY,0.0
NI02PTMLIFE2022,PVFC_LIC_EXP_ATTEXP_PY,0.0
NI02PTMLIFE2022,RA_LRC_OP,2329121.9218249917
NI02PTMLIFE2022,RA_LRC_NB_POS,0.0
NI02PTMLIFE2022,RA_LRC_UNWIND,-294595.04433884844
NI02PTMLIFE2022,RA_LRC_RELEASE,-1127908.6487557285
NI02PTMLIFE2022,RA_LRC_DEREC,0.0
NI02PTMLIFE2022,RA_LRC_TASSCHG,383062.57233177626
NI02PTMLIFE2022,RA_LRC_FASSCHG,27099.599809612148
NI02PTMLIFE2022,RA_LRC_CLO,1316780.400871803
NI02PTMLIFE2022,RA_LIC_OP,0.0
NI02PTMLIFE2022,RA_LIC_UNWIND,0.0
NI02PTMLIFE2022,RA_LIC_INCLAIM,0.0
NI02PTMLIFE2022,RA_LIC_RELEASE_PY,0.0
NI02PTMLIFE2022,RA_LIC_DEREC,0.0
NI02PTMLIFE2022,RA_LIC_TASSCHG_PY,0.0
NI02PTMLIFE2022,RA_LIC_FASSCHG_PY,0.0
NI02PTMLIFE2022,RA_LIC_CLO,0.0
NI02PTMLIFE2022,ACQ_CF_LRC_UNWIND,0.0
NI02PTMLIFE2022,ACQ_CF_LRC_EXP_ACQ_CF,0.0
NI02PTMLIFE2022,CROSS_SUB_OP,0.0
NI02PTMLIFE2022,CROSS_SUB_EXP,0.0
NI02PTMLIFE2022,CROSS_SUB_NB,0.0
NI02PTMLIFE2022,CROSS_SUB_IF_NB_TECH,0.0
NI02PTMLIFE2022,CROSS_SUB_TASSCHG,0.0
NI02PTMLIFE2022,CROSS_SUB_FASSCHG,0.0
NI02PTMLIFE2022,CROSS_SUB_CLO,0.0
NI02PTMLIFE2022,CROSS_SUB_IF_NB_FIN,0.0
NI02PTMLIFE2022,RA_LIC_RELEASE_CY,0.0
NI02PTMLIFE2022,PVFC_LRC_EXP_PREM_CURR_CF,0.0
NI02PTMLIFE2022,PVFC_LRC_EXP_ACQ_CURR_CF,0.0
NI02PTMLIFE2022,RA_LIC_FEXPVAR_CY,0.0
NI02PWHLIFE2021,PVFC_LRC_UNWIND,0.0
NI02PWHLIFE2021,PVFC_LRC_EXP_PREM_FUT_CF,88282304.9897985
NI02PWHLIFE2021,PVFC_LRC_EXP_ACQ_FUT_CF,-8966401.266729428
NI02PWHLIFE2021,PVFC_LRC_EXP_INCLAIM,-25661332.089680303
NI02PWHLIFE2021,PVFC_LRC_EXP_IC_PAYBL,5990399.07971599
NI02PWHLIFE2021,PVFC_LRC_EXP_ATTEXP,-2835916.0204439554
NI02PWHLIFE2021,PVFC_LIC_UNWIND,0.0
NI02PWHLIFE2021,PVFC_LIC_EXP_CLAIM_CF_CY,0.0
NI02PWHLIFE2021,PVFC_LIC_EXP_ATTEXP_CY,0.0
NI02PWHLIFE2021,PVFC_LIC_EXP_CLAIM_CF_PY,0.0
NI02PWHLIFE2021,PVFC_LIC_EXP_ATTEXP_PY,0.0
NI02PWHLIFE2021,RA_LRC_OP,20792879.15536678
NI02PWHLIFE2021,RA_LRC_NB_POS,0.0
NI02PWHLIFE2021,RA_LRC_UNWIND,1448729.4852653034
NI02PWHLIFE2021,RA_LRC_RELEASE,-1500587.248820997
NI02PWHLIFE2021,RA_LRC_DEREC,0.0
NI02PWHLIFE2021,RA_LRC_TASSCHG,-3533559.983830832
NI02PWHLIFE2021,RA_LRC_FASSCHG,-244524.48386776447
NI02PWHLIFE2021,RA_LRC_CLO,16962936.924112488
NI02PWHLIFE2021,RA_LIC_OP,0.0
NI02PWHLIFE2021,RA_LIC_UNWIND,0.0
NI02PWHLIFE2021,RA_LIC_INCLAIM,0.0
NI02PWHLIFE2021,RA_LIC_RELEASE_PY,0.0
NI02PWHLIFE2021,RA_LIC_DEREC,0.0
NI02PWHLIFE2021,RA_LIC_TASSCHG_PY,0.0
NI02PWHLIFE2021,RA_LIC_FASSCHG_PY,0.0
NI02PWHLIFE2021,RA_LIC_CLO,0.0
NI02PWHLIFE2021,ACQ_CF_LRC_UNWIND,0.0
NI02PWHLIFE2021,ACQ_CF_LRC_EXP_ACQ_CF,0.0
NI02PWHLIFE2021,CROSS_SUB_OP,0.0
NI02PWHLIFE2021,CROSS_SUB_EXP,0.0
NI02PWHLIFE2021,CROSS_SUB_NB,0.0
NI02PWHLIFE2021,CROSS_SUB_IF_NB_TECH,0.0
NI02PWHLIFE2021,CROSS_SUB_TASSCHG,0.0
NI02PWHLIFE2021,CROSS_SUB_FASSCHG,0.0
NI02PWHLIFE2021,CROSS_SUB_CLO,0.0
NI02PWHLIFE2021,CROSS_SUB_IF_NB_FIN,0.0
NI02PWHLIFE2021,RA_LIC_RELEASE_CY,0.0
NI02PWHLIFE2021,PVFC_LRC_EXP_PREM_CURR_CF,0.0
NI02PWHLIFE2021,PVFC_LRC_EXP_ACQ_CURR_CF,0.0
NI02PWHLIFE2021,RA_LIC_FEXPVAR_CY,0.0
