GOC_ID,STEP_ID,1
NI02PTERMLIFE2021,PVFC_LRC_UNWIND,0.0
NI02PTERMLIFE2021,PVFC_LRC_EXP_PREM_FUT_CF,0.0
NI02PTERMLIFE2021,PVFC_LRC_EXP_ACQ_FUT_CF,0.0
NI02PTERMLIFE2021,PVFC_LRC_EXP_INCLAIM,-140213972.89
NI02PTERMLIFE2021,PVFC_LRC_EXP_IC_PAYBL,-130634106.66999999
NI02PTERMLIFE2021,PVFC_LRC_EXP_ATTEXP,-1444349.29
NI02PTERMLIFE2021,PVFC_LIC_UNWIND,0.0
NI02PTERMLIFE2021,PVFC_LIC_EXP_CLAIM_CF_CY,0.0
NI02PTERMLIFE2021,PVFC_LIC_EXP_ATTEXP_CY,0.0
NI02PTERMLIFE2021,PVFC_LIC_EXP_CLAIM_CF_PY,0.0
NI02PTERMLIFE2021,PVFC_LIC_EXP_ATTEXP_PY,0.0
NI02PTERMLIFE2021,RA_LRC_OP,3986177.0088088545
NI02PTERMLIFE2021,RA_LRC_NB_POS,0.0
NI02PTERMLIFE2021,RA_LRC_UNWIND,381.380601568116
NI02PTERMLIFE2021,RA_LRC_RELEASE,-729.6163488410419
NI02PTERMLIFE2021,RA_LRC_DEREC,0.0
NI02PTERMLIFE2021,RA_LRC_TASSCHG,61.979342334408315
NI02PTERMLIFE2021,RA_LRC_FASSCHG,-173.583586269673
NI02PTERMLIFE2021,RA_LRC_CLO,9649.064590562331
NI02PTERMLIFE2021,RA_LIC_OP,0.0
NI02PTERMLIFE2021,RA_LIC_UNWIND,0.0
NI02PTERMLIFE2021,RA_LIC_INCLAIM,0.0
NI02PTERMLIFE2021,RA_LIC_RELEASE_PY,0.0
NI02PTERMLIFE2021,RA_LIC_DEREC,0.0
NI02PTERMLIFE2021,RA_LIC_TASSCHG_PY,0.0
NI02PTERMLIFE2021,RA_LIC_FASSCHG_PY,0.0
NI02PTERMLIFE2021,RA_LIC_CLO,0.0
NI02PTERMLIFE2021,ACQ_CF_LRC_UNWIND,0.0
NI02PTERMLIFE2021,ACQ_CF_LRC_EXP_ACQ_CF,0.0
NI02PTERMLIFE2021,CROSS_SUB_OP,0.0
NI02PTERMLIFE2021,CROSS_SUB_EXP,0.0
NI02PTERMLIFE2021,CROSS_SUB_NB,0.0
NI02PTERMLIFE2021,CROSS_SUB_IF_NB_TECH,0.0
NI02PTERMLIFE2021,CROSS_SUB_TASSCHG,0.0
NI02PTERMLIFE2021,CROSS_SUB_FASSCHG,0.0
NI02PTERMLIFE2021,CROSS_SUB_CLO,0.0
NI02PTERMLIFE2021,CROSS_SUB_IF_NB_FIN,0.0
NI02PTERMLIFE2021,RA_LIC_RELEASE_CY,0.0
NI02PTERMLIFE2021,PVFC_LRC_EXP_PREM_CURR_CF,0.0
NI02PTERMLIFE2021,PVFC_LRC_EXP_ACQ_CURR_CF,0.0
NI02PTERMLIFE2021,RA_LIC_FEXPVAR_CY,0.0
NI02OTMLIFE2021,PVFC_LRC_UNWIND,0.0
NI02OTMLIFE2021,PVFC_LRC_EXP_PREM_FUT_CF,18152812.39788939
NI02OTMLIFE2021,PVFC_LRC_EXP_ACQ_FUT_CF,-2881760.737410051
NI02OTMLIFE2021,PVFC_LRC_EXP_INCLAIM,-10501434.277192052
NI02OTMLIFE2021,PVFC_LRC_EXP_IC_PAYBL,0.0
NI02OTMLIFE2021,PVFC_LRC_EXP_ATTEXP,-1259130.1281092018
NI02OTMLIFE2021,PVFC_LIC_UNWIND,0.0
NI02OTMLIFE2021,PVFC_LIC_EXP_CLAIM_CF_CY,0.0
NI02OTMLIFE2021,PVFC_LIC_EXP_ATTEXP_CY,0.0
NI02OTMLIFE2021,PVFC_LIC_EXP_CLAIM_CF_PY,0.0
NI02OTMLIFE2021,PVFC_LIC_EXP_ATTEXP_PY,0.0
NI02OTMLIFE2021,RA_LRC_OP,0.0
NI02OTMLIFE2021,RA_LRC_NB_POS,0.0
NI02OTMLIFE2021,RA_LRC_UNWIND,0.0
NI02OTMLIFE2021,RA_LRC_RELEASE,0.0
NI02OTMLIFE2021,RA_LRC_DEREC,0.0
NI02OTMLIFE2021,RA_LRC_TASSCHG,0.0
NI02OTMLIFE2021,RA_LRC_FASSCHG,0.0
NI02OTMLIFE2021,RA_LRC_CLO,0.0
NI02OTMLIFE2021,RA_LIC_OP,0.0
NI02OTMLIFE2021,RA_LIC_UNWIND,0.0
NI02OTMLIFE2021,RA_LIC_INCLAIM,0.0
NI02OTMLIFE2021,RA_LIC_RELEASE_PY,0.0
NI02OTMLIFE2021,RA_LIC_DEREC,0.0
NI02OTMLIFE2021,RA_LIC_TASSCHG_PY,0.0
NI02OTMLIFE2021,RA_LIC_FASSCHG_PY,0.0
NI02OTMLIFE2021,RA_LIC_CLO,0.0
NI02OTMLIFE2021,ACQ_CF_LRC_UNWIND,0.0
NI02OTMLIFE2021,ACQ_CF_LRC_EXP_ACQ_CF,0.0
NI02OTMLIFE2021,CROSS_SUB_OP,0.0
NI02OTMLIFE2021,CROSS_SUB_EXP,0.0
NI02OTMLIFE2021,CROSS_SUB_NB,0.0
NI02OTMLIFE2021,CROSS_SUB_IF_NB_TECH,0.0
NI02OTMLIFE2021,CROSS_SUB_TASSCHG,0.0
NI02OTMLIFE2021,CROSS_SUB_FASSCHG,0.0
NI02OTMLIFE2021,CROSS_SUB_CLO,0.0
NI02OTMLIFE2021,CROSS_SUB_IF_NB_FIN,0.0
NI02OTMLIFE2021,RA_LIC_RELEASE_CY,0.0
NI02OTMLIFE2021,PVFC_LRC_EXP_PREM_CURR_CF,0.0
NI02OTMLIFE2021,PVFC_LRC_EXP_ACQ_CURR_CF,0.0
NI02OTMLIFE2021,RA_LIC_FEXPVAR_CY,0.0
NI02PTMLIFE2022,PVFC_LRC_UNWIND,0.0
NI02PTMLIFE2022,PVFC_LRC_EXP_PREM_FUT_CF,33457914.228528243
NI02PTMLIFE2022,PVFC_LRC_EXP_ACQ_FUT_CF,-6623682.845705647
NI02PTMLIFE2022,PVFC_LRC_EXP_INCLAIM,-7820210.637984986
NI02PTMLIFE2022,PVFC_LRC_EXP_IC_PAYBL,0.0
NI02PTMLIFE2022,PVFC_LRC_EXP_ATTEXP,-7361720.976890031
NI02PTMLIFE2022,PVFC_LIC_UNWIND,0.0
NI02PTMLIFE2022,PVFC_LIC_EXP_CLAIM_CF_CY,0.0
NI02PTMLIFE2022,PVFC_LIC_EXP_ATTEXP_CY,0.0
NI02PTMLIFE2022,PVFC_LIC_EXP_CLAIM_CF_PY,0.0
NI02PTMLIFE2022,PVFC_LIC_EXP_ATTEXP_PY,0.0
NI02PTMLIFE2022,RA_LRC_OP,0.0
NI02PTMLIFE2022,RA_LRC_NB_POS,0.0
NI02PTMLIFE2022,RA_LRC_UNWIND,0.0
NI02PTMLIFE2022,RA_LRC_RELEASE,0.0
NI02PTMLIFE2022,RA_LRC_DEREC,0.0
NI02PTMLIFE2022,RA_LRC_TASSCHG,0.0
NI02PTMLIFE2022,RA_LRC_FASSCHG,0.0
NI02PTMLIFE2022,RA_LRC_CLO,0.0
NI02PTMLIFE2022,RA_LIC_OP,0.0
NI02PTMLIFE2022,RA_LIC_UNWIND,0.0
NI02PTMLIFE2022,RA_LIC_INCLAIM,0.0
NI02PTMLIFE2022,RA_LIC_RELEASE_PY,0.0
NI02PTMLIFE2022,RA_LIC_DEREC,0.0
NI02PTMLIFE2022,RA_LIC_TASSCHG_PY,0.0
NI02PTMLIFE2022,RA_LIC_FASSCHG_PY,0.0
NI02PTMLIFE2022,RA_LIC_CLO,0.0
NI02PTMLIFE2022,ACQ_CF_LRC_UNWIND,0.0
NI02PTMLIFE2022,ACQ_CF_LRC_EXP_ACQ_CF,0.0
NI02PTMLIFE2022,CROSS_SUB_OP,0.0
NI02PTMLIFE2022,CROSS_SUB_EXP,0.0
NI02PTMLIFE2022,CROSS_SUB_NB,0.0
NI02PTMLIFE2022,CROSS_SUB_IF_NB_TECH,0.0
NI02PTMLIFE2022,CROSS_SUB_TASSCHG,0.0
NI02PTMLIFE2022,CROSS_SUB_FASSCHG,0.0
NI02PTMLIFE2022,CROSS_SUB_CLO,0.0
NI02PTMLIFE2022,CROSS_SUB_IF_NB_FIN,0.0
NI02PTMLIFE2022,RA_LIC_RELEASE_CY,0.0
NI02PTMLIFE2022,PVFC_LRC_EXP_PREM_CURR_CF,0.0
NI02PTMLIFE2022,PVFC_LRC_EXP_ACQ_CURR_CF,0.0
NI02PTMLIFE2022,RA_LIC_FEXPVAR_CY,0.0
