GOC_ID,VARIABLE_NAME,1
NI02OAIPLAN2021,ACTUARIAL_ACTUAL_CLAIMS_CF_CY,0
NI02OAIPLAN2021,ACTUARIAL_ACTUAL_EXPENSE_CLHANDL_CF_CY,0
NI02OAIPLAN2021,ACTUARIAL_ACTUAL_CLAIMS_CF_PY,0
NI02OAIPLAN2021,ACTUARIAL_ACTUAL_EXPENSE_CF_PY,0
NI02OAIPLAN2021,ACTUARIAL_ACTUAL_EXPENSE_NCLHANDL_CF_CY,0
NI02OAIPLAN2021,INVESTMENT_INCOME_PNL,0
NI02OAIPLAN2021,INVESTMENT_INCOME_OCI,0
NI02OAIPLAN2021,NON_ATTRIBUTABLE_EXPENSE,0
NI02OAIPLAN2022,ACTUARIAL_ACTUAL_CLAIMS_CF_CY,0
NI02OAIPLAN2022,ACTUARIAL_ACTUAL_EXPENSE_CLHANDL_CF_CY,0
NI02OAIPLAN2022,ACTUARIAL_ACTUAL_CLAIMS_CF_PY,0
NI02OAIPLAN2022,ACTUARIAL_ACTUAL_EXPENSE_CF_PY,0
NI02OAIPLAN2022,ACTUARIAL_ACTUAL_EXPENSE_NCLHANDL_CF_CY,0
NI02OAIPLAN2022,INVESTMENT_INCOME_PNL,0
NI02OAIPLAN2022,INVESTMENT_INCOME_OCI,0
NI02OAIPLAN2022,NON_ATTRIBUTABLE_EXPENSE,0
NI02PBNLIFE2021,ACTUARIAL_ACTUAL_CLAIMS_CF_CY,0
NI02PBNLIFE2021,ACTUARIAL_ACTUAL_EXPENSE_CLHANDL_CF_CY,0
NI02PBNLIFE2021,ACTUARIAL_ACTUAL_CLAIMS_CF_PY,0
NI02PBNLIFE2021,ACTUARIAL_ACTUAL_EXPENSE_CF_PY,0
NI02PBNLIFE2021,ACTUARIAL_ACTUAL_EXPENSE_NCLHANDL_CF_CY,0
NI02PBNLIFE2021,INVESTMENT_INCOME_PNL,0
NI02PBNLIFE2021,INVESTMENT_INCOME_OCI,0
NI02PBNLIFE2021,NON_ATTRIBUTABLE_EXPENSE,0
NI02PBNLIFE2022,ACTUARIAL_ACTUAL_CLAIMS_CF_CY,0
NI02PBNLIFE2022,ACTUARIAL_ACTUAL_EXPENSE_CLHANDL_CF_CY,0
NI02PBNLIFE2022,ACTUARIAL_ACTUAL_CLAIMS_CF_PY,0
NI02PBNLIFE2022,ACTUARIAL_ACTUAL_EXPENSE_CF_PY,0
NI02PBNLIFE2022,ACTUARIAL_ACTUAL_EXPENSE_NCLHANDL_CF_CY,0
NI02PBNLIFE2022,INVESTMENT_INCOME_PNL,0
NI02PBNLIFE2022,INVESTMENT_INCOME_OCI,0
NI02PBNLIFE2022,NON_ATTRIBUTABLE_EXPENSE,0
NI02PCTLIFE2021,ACTUARIAL_ACTUAL_CLAIMS_CF_CY,0
NI02PCTLIFE2021,ACTUARIAL_ACTUAL_EXPENSE_CLHANDL_CF_CY,0
NI02PCTLIFE2021,ACTUARIAL_ACTUAL_CLAIMS_CF_PY,0
NI02PCTLIFE2021,ACTUARIAL_ACTUAL_EXPENSE_CF_PY,0
NI02PCTLIFE2021,ACTUARIAL_ACTUAL_EXPENSE_NCLHANDL_CF_CY,0
NI02PCTLIFE2021,INVESTMENT_INCOME_PNL,0
NI02PCTLIFE2021,INVESTMENT_INCOME_OCI,0
NI02PCTLIFE2021,NON_ATTRIBUTABLE_EXPENSE,0
NI02PCTLIFE2022,ACTUARIAL_ACTUAL_CLAIMS_CF_CY,0
NI02PCTLIFE2022,ACTUARIAL_ACTUAL_EXPENSE_CLHANDL_CF_CY,0
NI02PCTLIFE2022,ACTUARIAL_ACTUAL_CLAIMS_CF_PY,0
NI02PCTLIFE2022,ACTUARIAL_ACTUAL_EXPENSE_CF_PY,0
NI02PCTLIFE2022,ACTUARIAL_ACTUAL_EXPENSE_NCLHANDL_CF_CY,0
NI02PCTLIFE2022,INVESTMENT_INCOME_PNL,0
NI02PCTLIFE2022,INVESTMENT_INCOME_OCI,0
NI02PCTLIFE2022,NON_ATTRIBUTABLE_EXPENSE,0
NI02PCLBRTE2021,ACTUARIAL_ACTUAL_CLAIMS_CF_CY,0
NI02PCLBRTE2021,ACTUARIAL_ACTUAL_EXPENSE_CLHANDL_CF_CY,0
NI02PCLBRTE2021,ACTUARIAL_ACTUAL_CLAIMS_CF_PY,0
NI02PCLBRTE2021,ACTUARIAL_ACTUAL_EXPENSE_CF_PY,0
NI02PCLBRTE2021,ACTUARIAL_ACTUAL_EXPENSE_NCLHANDL_CF_CY,0
NI02PCLBRTE2021,INVESTMENT_INCOME_PNL,0
NI02PCLBRTE2021,INVESTMENT_INCOME_OCI,0
NI02PCLBRTE2021,NON_ATTRIBUTABLE_EXPENSE,0
NI02OCLBRTE2022,ACTUARIAL_ACTUAL_CLAIMS_CF_CY,0
NI02OCLBRTE2022,ACTUARIAL_ACTUAL_EXPENSE_CLHANDL_CF_CY,0
NI02OCLBRTE2022,ACTUARIAL_ACTUAL_CLAIMS_CF_PY,0
NI02OCLBRTE2022,ACTUARIAL_ACTUAL_EXPENSE_CF_PY,0
NI02OCLBRTE2022,ACTUARIAL_ACTUAL_EXPENSE_NCLHANDL_CF_CY,0
NI02OCLBRTE2022,INVESTMENT_INCOME_PNL,0
NI02OCLBRTE2022,INVESTMENT_INCOME_OCI,0
NI02OCLBRTE2022,NON_ATTRIBUTABLE_EXPENSE,0
NI02PCLBRTE2022,ACTUARIAL_ACTUAL_CLAIMS_CF_CY,0
NI02PCLBRTE2022,ACTUARIAL_ACTUAL_EXPENSE_CLHANDL_CF_CY,0
NI02PCLBRTE2022,ACTUARIAL_ACTUAL_CLAIMS_CF_PY,0
NI02PCLBRTE2022,ACTUARIAL_ACTUAL_EXPENSE_CF_PY,0
NI02PCLBRTE2022,ACTUARIAL_ACTUAL_EXPENSE_NCLHANDL_CF_CY,0
NI02PCLBRTE2022,INVESTMENT_INCOME_PNL,0
NI02PCLBRTE2022,INVESTMENT_INCOME_OCI,0
NI02PCLBRTE2022,NON_ATTRIBUTABLE_EXPENSE,0
NI02PMFUNDS2021,ACTUARIAL_ACTUAL_CLAIMS_CF_CY,0
NI02PMFUNDS2021,ACTUARIAL_ACTUAL_EXPENSE_CLHANDL_CF_CY,0
NI02PMFUNDS2021,ACTUARIAL_ACTUAL_CLAIMS_CF_PY,0
NI02PMFUNDS2021,ACTUARIAL_ACTUAL_EXPENSE_CF_PY,0
NI02PMFUNDS2021,ACTUARIAL_ACTUAL_EXPENSE_NCLHANDL_CF_CY,0
NI02PMFUNDS2021,INVESTMENT_INCOME_PNL,0
NI02PMFUNDS2021,INVESTMENT_INCOME_OCI,0
NI02PMFUNDS2021,NON_ATTRIBUTABLE_EXPENSE,0
NI02OMLPLAN2021,ACTUARIAL_ACTUAL_CLAIMS_CF_CY,0
NI02OMLPLAN2021,ACTUARIAL_ACTUAL_EXPENSE_CLHANDL_CF_CY,0
NI02OMLPLAN2021,ACTUARIAL_ACTUAL_CLAIMS_CF_PY,0
NI02OMLPLAN2021,ACTUARIAL_ACTUAL_EXPENSE_CF_PY,0
NI02OMLPLAN2021,ACTUARIAL_ACTUAL_EXPENSE_NCLHANDL_CF_CY,0
NI02OMLPLAN2021,INVESTMENT_INCOME_PNL,0
NI02OMLPLAN2021,INVESTMENT_INCOME_OCI,0
NI02OMLPLAN2021,NON_ATTRIBUTABLE_EXPENSE,0
NI02OMLPLAN2022,ACTUARIAL_ACTUAL_CLAIMS_CF_CY,0
NI02OMLPLAN2022,ACTUARIAL_ACTUAL_EXPENSE_CLHANDL_CF_CY,0
NI02OMLPLAN2022,ACTUARIAL_ACTUAL_CLAIMS_CF_PY,0
NI02OMLPLAN2022,ACTUARIAL_ACTUAL_EXPENSE_CF_PY,0
NI02OMLPLAN2022,ACTUARIAL_ACTUAL_EXPENSE_NCLHANDL_CF_CY,0
NI02OMLPLAN2022,INVESTMENT_INCOME_PNL,0
NI02OMLPLAN2022,INVESTMENT_INCOME_OCI,0
NI02OMLPLAN2022,NON_ATTRIBUTABLE_EXPENSE,0
