GOC_ID,VARIABLE_NAME,1
NI02OAIPLAN2021,ACTUARIAL_ACTUAL_CLAIMS_CF_CY,0
NI02OAIPLAN2021,ACTUARIAL_ACTUAL_EXPENSE_CLHANDL_CF_CY,0
NI02OAIPLAN2021,ACTUARIAL_ACTUAL_CLAIMS_CF_PY,0
NI02OAIPLAN2021,ACTUARIAL_ACTUAL_EXPENSE_CF_PY,0
NI02OAIPLAN2021,ACTUARIAL_ACTUAL_EXPENSE_NCLHANDL_CF_CY,0
NI02OAIPLAN2021,INVESTMENT_INCOME_PNL,0
NI02OAIPLAN2021,INVESTMENT_INCOME_OCI,0
NI02OAIPLAN2021,NON_ATTRIBUTABLE_EXPENSE,0
NI02OAIPLAN2022,ACTUARIAL_ACTUAL_CLAIMS_CF_CY,0
NI02OAIPLAN2022,ACTUARIAL_ACTUAL_EXPENSE_CLHANDL_CF_CY,0
NI02OAIPLAN2022,ACTUARIAL_ACTUAL_CLAIMS_CF_PY,0
NI02OAIPLAN2022,ACTUARIAL_ACTUAL_EXPENSE_CF_PY,0
NI02OAIPLAN2022,ACTUARIAL_ACTUAL_EXPENSE_NCLHANDL_CF_CY,0
NI02OAIPLAN2022,INVESTMENT_INCOME_PNL,0
NI02OAIPLAN2022,INVESTMENT_INCOME_OCI,0
NI02OAIPLAN2022,NON_ATTRIBUTABLE_EXPENSE,0
NI02PCLBRTE2021,ACTUARIAL_ACTUAL_CLAIMS_CF_CY,0
NI02PCLBRTE2021,ACTUARIAL_ACTUAL_EXPENSE_CLHANDL_CF_CY,0
NI02PCLBRTE2021,ACTUARIAL_ACTUAL_CLAIMS_CF_PY,0
NI02PCLBRTE2021,ACTUARIAL_ACTUAL_EXPENSE_CF_PY,0
NI02PCLBRTE2021,ACTUARIAL_ACTUAL_EXPENSE_NCLHANDL_CF_CY,0
NI02PCLBRTE2021,INVESTMENT_INCOME_PNL,0
NI02PCLBRTE2021,INVESTMENT_INCOME_OCI,0
NI02PCLBRTE2021,NON_ATTRIBUTABLE_EXPENSE,0
NI02OCLBRTE2022,ACTUARIAL_ACTUAL_CLAIMS_CF_CY,0
NI02OCLBRTE2022,ACTUARIAL_ACTUAL_EXPENSE_CLHANDL_CF_CY,0
NI02OCLBRTE2022,ACTUARIAL_ACTUAL_CLAIMS_CF_PY,0
NI02OCLBRTE2022,ACTUARIAL_ACTUAL_EXPENSE_CF_PY,0
NI02OCLBRTE2022,ACTUARIAL_ACTUAL_EXPENSE_NCLHANDL_CF_CY,0
NI02OCLBRTE2022,INVESTMENT_INCOME_PNL,0
NI02OCLBRTE2022,INVESTMENT_INCOME_OCI,0
NI02OCLBRTE2022,NON_ATTRIBUTABLE_EXPENSE,0
NI02PCLBRTE2022,ACTUARIAL_ACTUAL_CLAIMS_CF_CY,0
NI02PCLBRTE2022,ACTUARIAL_ACTUAL_EXPENSE_CLHANDL_CF_CY,0
NI02PCLBRTE2022,ACTUARIAL_ACTUAL_CLAIMS_CF_PY,0
NI02PCLBRTE2022,ACTUARIAL_ACTUAL_EXPENSE_CF_PY,0
NI02PCLBRTE2022,ACTUARIAL_ACTUAL_EXPENSE_NCLHANDL_CF_CY,0
NI02PCLBRTE2022,INVESTMENT_INCOME_PNL,0
NI02PCLBRTE2022,INVESTMENT_INCOME_OCI,0
NI02PCLBRTE2022,NON_ATTRIBUTABLE_EXPENSE,0
NI02OCRLIFE2021,ACTUARIAL_ACTUAL_CLAIMS_CF_CY,0
NI02OCRLIFE2021,ACTUARIAL_ACTUAL_EXPENSE_CLHANDL_CF_CY,0
NI02OCRLIFE2021,ACTUARIAL_ACTUAL_CLAIMS_CF_PY,0
NI02OCRLIFE2021,ACTUARIAL_ACTUAL_EXPENSE_CF_PY,0
NI02OCRLIFE2021,ACTUARIAL_ACTUAL_EXPENSE_NCLHANDL_CF_CY,0
NI02OCRLIFE2021,INVESTMENT_INCOME_PNL,0
NI02OCRLIFE2021,INVESTMENT_INCOME_OCI,0
NI02OCRLIFE2021,NON_ATTRIBUTABLE_EXPENSE,0
NI02OCRLIFE2022,ACTUARIAL_ACTUAL_CLAIMS_CF_CY,0
NI02OCRLIFE2022,ACTUARIAL_ACTUAL_EXPENSE_CLHANDL_CF_CY,0
NI02OCRLIFE2022,ACTUARIAL_ACTUAL_CLAIMS_CF_PY,0
NI02OCRLIFE2022,ACTUARIAL_ACTUAL_EXPENSE_CF_PY,0
NI02OCRLIFE2022,ACTUARIAL_ACTUAL_EXPENSE_NCLHANDL_CF_CY,0
NI02OCRLIFE2022,INVESTMENT_INCOME_PNL,0
NI02OCRLIFE2022,INVESTMENT_INCOME_OCI,0
NI02OCRLIFE2022,NON_ATTRIBUTABLE_EXPENSE,0
NI02OEDPLAN2021,ACTUARIAL_ACTUAL_CLAIMS_CF_CY,0
NI02OEDPLAN2021,ACTUARIAL_ACTUAL_EXPENSE_CLHANDL_CF_CY,0
NI02OEDPLAN2021,ACTUARIAL_ACTUAL_CLAIMS_CF_PY,0
NI02OEDPLAN2021,ACTUARIAL_ACTUAL_EXPENSE_CF_PY,0
NI02OEDPLAN2021,ACTUARIAL_ACTUAL_EXPENSE_NCLHANDL_CF_CY,0
NI02OEDPLAN2021,INVESTMENT_INCOME_PNL,0
NI02OEDPLAN2021,INVESTMENT_INCOME_OCI,0
NI02OEDPLAN2021,NON_ATTRIBUTABLE_EXPENSE,0
NI02OEDPLAN2022,ACTUARIAL_ACTUAL_CLAIMS_CF_CY,0
NI02OEDPLAN2022,ACTUARIAL_ACTUAL_EXPENSE_CLHANDL_CF_CY,0
NI02OEDPLAN2022,ACTUARIAL_ACTUAL_CLAIMS_CF_PY,0
NI02OEDPLAN2022,ACTUARIAL_ACTUAL_EXPENSE_CF_PY,0
NI02OEDPLAN2022,ACTUARIAL_ACTUAL_EXPENSE_NCLHANDL_CF_CY,0
NI02OEDPLAN2022,INVESTMENT_INCOME_PNL,0
NI02OEDPLAN2022,INVESTMENT_INCOME_OCI,0
NI02OEDPLAN2022,NON_ATTRIBUTABLE_EXPENSE,0
NI02PEDPLAN2022,ACTUARIAL_ACTUAL_CLAIMS_CF_CY,0
NI02PEDPLAN2022,ACTUARIAL_ACTUAL_EXPENSE_CLHANDL_CF_CY,0
NI02PEDPLAN2022,ACTUARIAL_ACTUAL_CLAIMS_CF_PY,0
NI02PEDPLAN2022,ACTUARIAL_ACTUAL_EXPENSE_CF_PY,0
NI02PEDPLAN2022,ACTUARIAL_ACTUAL_EXPENSE_NCLHANDL_CF_CY,0
NI02PEDPLAN2022,INVESTMENT_INCOME_PNL,0
NI02PEDPLAN2022,INVESTMENT_INCOME_OCI,0
NI02PEDPLAN2022,NON_ATTRIBUTABLE_EXPENSE,0
NI02PEDUPOL2021,ACTUARIAL_ACTUAL_CLAIMS_CF_CY,0
NI02PEDUPOL2021,ACTUARIAL_ACTUAL_EXPENSE_CLHANDL_CF_CY,0
NI02PEDUPOL2021,ACTUARIAL_ACTUAL_CLAIMS_CF_PY,0
NI02PEDUPOL2021,ACTUARIAL_ACTUAL_EXPENSE_CF_PY,0
NI02PEDUPOL2021,ACTUARIAL_ACTUAL_EXPENSE_NCLHANDL_CF_CY,0
NI02PEDUPOL2021,INVESTMENT_INCOME_PNL,0
NI02PEDUPOL2021,INVESTMENT_INCOME_OCI,0
NI02PEDUPOL2021,NON_ATTRIBUTABLE_EXPENSE,0
NI02OEDUPOL2022,ACTUARIAL_ACTUAL_CLAIMS_CF_CY,0
NI02OEDUPOL2022,ACTUARIAL_ACTUAL_EXPENSE_CLHANDL_CF_CY,0
NI02OEDUPOL2022,ACTUARIAL_ACTUAL_CLAIMS_CF_PY,0
NI02OEDUPOL2022,ACTUARIAL_ACTUAL_EXPENSE_CF_PY,0
NI02OEDUPOL2022,ACTUARIAL_ACTUAL_EXPENSE_NCLHANDL_CF_CY,0
NI02OEDUPOL2022,INVESTMENT_INCOME_PNL,0
NI02OEDUPOL2022,INVESTMENT_INCOME_OCI,0
NI02OEDUPOL2022,NON_ATTRIBUTABLE_EXPENSE,0
NI02PEDUPOL2022,ACTUARIAL_ACTUAL_CLAIMS_CF_CY,0
NI02PEDUPOL2022,ACTUARIAL_ACTUAL_EXPENSE_CLHANDL_CF_CY,0
NI02PEDUPOL2022,ACTUARIAL_ACTUAL_CLAIMS_CF_PY,0
NI02PEDUPOL2022,ACTUARIAL_ACTUAL_EXPENSE_CF_PY,0
NI02PEDUPOL2022,ACTUARIAL_ACTUAL_EXPENSE_NCLHANDL_CF_CY,0
NI02PEDUPOL2022,INVESTMENT_INCOME_PNL,0
NI02PEDUPOL2022,INVESTMENT_INCOME_OCI,0
NI02PEDUPOL2022,NON_ATTRIBUTABLE_EXPENSE,0
NI02OLIFESV2021,ACTUARIAL_ACTUAL_CLAIMS_CF_CY,0
NI02OLIFESV2021,ACTUARIAL_ACTUAL_EXPENSE_CLHANDL_CF_CY,0
NI02OLIFESV2021,ACTUARIAL_ACTUAL_CLAIMS_CF_PY,0
NI02OLIFESV2021,ACTUARIAL_ACTUAL_EXPENSE_CF_PY,0
NI02OLIFESV2021,ACTUARIAL_ACTUAL_EXPENSE_NCLHANDL_CF_CY,0
NI02OLIFESV2021,INVESTMENT_INCOME_PNL,0
NI02OLIFESV2021,INVESTMENT_INCOME_OCI,0
NI02OLIFESV2021,NON_ATTRIBUTABLE_EXPENSE,0
NI02OLIFESV2022,ACTUARIAL_ACTUAL_CLAIMS_CF_CY,0
NI02OLIFESV2022,ACTUARIAL_ACTUAL_EXPENSE_CLHANDL_CF_CY,0
NI02OLIFESV2022,ACTUARIAL_ACTUAL_CLAIMS_CF_PY,0
NI02OLIFESV2022,ACTUARIAL_ACTUAL_EXPENSE_CF_PY,0
NI02OLIFESV2022,ACTUARIAL_ACTUAL_EXPENSE_NCLHANDL_CF_CY,0
NI02OLIFESV2022,INVESTMENT_INCOME_PNL,0
NI02OLIFESV2022,INVESTMENT_INCOME_OCI,0
NI02OLIFESV2022,NON_ATTRIBUTABLE_EXPENSE,0
NI02OMORTGE2021,ACTUARIAL_ACTUAL_CLAIMS_CF_CY,0
NI02OMORTGE2021,ACTUARIAL_ACTUAL_EXPENSE_CLHANDL_CF_CY,0
NI02OMORTGE2021,ACTUARIAL_ACTUAL_CLAIMS_CF_PY,0
NI02OMORTGE2021,ACTUARIAL_ACTUAL_EXPENSE_CF_PY,0
NI02OMORTGE2021,ACTUARIAL_ACTUAL_EXPENSE_NCLHANDL_CF_CY,0
NI02OMORTGE2021,INVESTMENT_INCOME_PNL,0
NI02OMORTGE2021,INVESTMENT_INCOME_OCI,0
NI02OMORTGE2021,NON_ATTRIBUTABLE_EXPENSE,0
NI02PMORTGE2022,ACTUARIAL_ACTUAL_CLAIMS_CF_CY,0
NI02PMORTGE2022,ACTUARIAL_ACTUAL_EXPENSE_CLHANDL_CF_CY,0
NI02PMORTGE2022,ACTUARIAL_ACTUAL_CLAIMS_CF_PY,0
NI02PMORTGE2022,ACTUARIAL_ACTUAL_EXPENSE_CF_PY,0
NI02PMORTGE2022,ACTUARIAL_ACTUAL_EXPENSE_NCLHANDL_CF_CY,0
NI02PMORTGE2022,INVESTMENT_INCOME_PNL,0
NI02PMORTGE2022,INVESTMENT_INCOME_OCI,0
NI02PMORTGE2022,NON_ATTRIBUTABLE_EXPENSE,0
NI02PSMRTRE2021,ACTUARIAL_ACTUAL_CLAIMS_CF_CY,0
NI02PSMRTRE2021,ACTUARIAL_ACTUAL_EXPENSE_CLHANDL_CF_CY,0
NI02PSMRTRE2021,ACTUARIAL_ACTUAL_CLAIMS_CF_PY,0
NI02PSMRTRE2021,ACTUARIAL_ACTUAL_EXPENSE_CF_PY,0
NI02PSMRTRE2021,ACTUARIAL_ACTUAL_EXPENSE_NCLHANDL_CF_CY,0
NI02PSMRTRE2021,INVESTMENT_INCOME_PNL,0
NI02PSMRTRE2021,INVESTMENT_INCOME_OCI,0
NI02PSMRTRE2021,NON_ATTRIBUTABLE_EXPENSE,0
NI02OTMLIFE2021,ACTUARIAL_ACTUAL_CLAIMS_CF_CY,0
NI02OTMLIFE2021,ACTUARIAL_ACTUAL_EXPENSE_CLHANDL_CF_CY,0
NI02OTMLIFE2021,ACTUARIAL_ACTUAL_CLAIMS_CF_PY,0
NI02OTMLIFE2021,ACTUARIAL_ACTUAL_EXPENSE_CF_PY,0
NI02OTMLIFE2021,ACTUARIAL_ACTUAL_EXPENSE_NCLHANDL_CF_CY,0
NI02OTMLIFE2021,INVESTMENT_INCOME_PNL,0
NI02OTMLIFE2021,INVESTMENT_INCOME_OCI,0
NI02OTMLIFE2021,NON_ATTRIBUTABLE_EXPENSE,0
NI02PTMLIFE2022,ACTUARIAL_ACTUAL_CLAIMS_CF_CY,0
NI02PTMLIFE2022,ACTUARIAL_ACTUAL_EXPENSE_CLHANDL_CF_CY,0
NI02PTMLIFE2022,ACTUARIAL_ACTUAL_CLAIMS_CF_PY,0
NI02PTMLIFE2022,ACTUARIAL_ACTUAL_EXPENSE_CF_PY,0
NI02PTMLIFE2022,ACTUARIAL_ACTUAL_EXPENSE_NCLHANDL_CF_CY,0
NI02PTMLIFE2022,INVESTMENT_INCOME_PNL,0
NI02PTMLIFE2022,INVESTMENT_INCOME_OCI,0
NI02PTMLIFE2022,NON_ATTRIBUTABLE_EXPENSE,0
