GOC_ID,STEP_ID,1
NI02PCLBRTE2021,PVFC_LRC_UNWIND,0.0
NI02PCLBRTE2021,PVFC_LRC_EXP_PREM_FUT_CF,2833953.7780436715
NI02PCLBRTE2021,PVFC_LRC_EXP_ACQ_FUT_CF,-283395.37780436705
NI02PCLBRTE2021,PVFC_LRC_EXP_INCLAIM,-302015.11326299945
NI02PCLBRTE2021,PVFC_LRC_EXP_IC_PAYBL,-2833953.7780436715
NI02PCLBRTE2021,PVFC_LRC_EXP_ATTEXP,-432006.77602500224
NI02PCLBRTE2021,PVFC_LIC_UNWIND,0.0
NI02PCLBRTE2021,PVFC_LIC_EXP_CLAIM_CF_CY,0.0
NI02PCLBRTE2021,PVFC_LIC_EXP_ATTEXP_CY,0.0
NI02PCLBRTE2021,PVFC_LIC_EXP_CLAIM_CF_PY,0.0
NI02PCLBRTE2021,PVFC_LIC_EXP_ATTEXP_PY,0.0
NI02PCLBRTE2021,RA_LRC_OP,292944.3591656829
NI02PCLBRTE2021,RA_LRC_NB_POS,0.0
NI02PCLBRTE2021,RA_LRC_UNWIND,45043.216215115914
NI02PCLBRTE2021,RA_LRC_RELEASE,-6030.473023042445
NI02PCLBRTE2021,RA_LRC_DEREC,0.0
NI02PCLBRTE2021,RA_LRC_TASSCHG,-178647.00931123056
NI02PCLBRTE2021,RA_LRC_FASSCHG,69730.1144611128
NI02PCLBRTE2021,RA_LRC_CLO,223040.20750763864
NI02PCLBRTE2021,RA_LIC_OP,0.0
NI02PCLBRTE2021,RA_LIC_UNWIND,0.0
NI02PCLBRTE2021,RA_LIC_INCLAIM,0.0
NI02PCLBRTE2021,RA_LIC_RELEASE_PY,0.0
NI02PCLBRTE2021,RA_LIC_DEREC,0.0
NI02PCLBRTE2021,RA_LIC_TASSCHG_PY,0.0
NI02PCLBRTE2021,RA_LIC_FASSCHG_PY,0.0
NI02PCLBRTE2021,RA_LIC_CLO,0.0
NI02PCLBRTE2021,ACQ_CF_LRC_UNWIND,0.0
NI02PCLBRTE2021,ACQ_CF_LRC_EXP_ACQ_CF,0.0
NI02PCLBRTE2021,CROSS_SUB_OP,0.0
NI02PCLBRTE2021,CROSS_SUB_EXP,0.0
NI02PCLBRTE2021,CROSS_SUB_NB,0.0
NI02PCLBRTE2021,CROSS_SUB_IF_NB_TECH,0.0
NI02PCLBRTE2021,CROSS_SUB_TASSCHG,0.0
NI02PCLBRTE2021,CROSS_SUB_FASSCHG,0.0
NI02PCLBRTE2021,CROSS_SUB_CLO,0.0
NI02PCLBRTE2021,CROSS_SUB_IF_NB_FIN,0.0
NI02PCLBRTE2021,RA_LIC_RELEASE_CY,0.0
NI02PCLBRTE2021,PVFC_LRC_EXP_PREM_CURR_CF,0.0
NI02PCLBRTE2021,PVFC_LRC_EXP_ACQ_CURR_CF,0.0
NI02PCLBRTE2021,RA_LIC_FEXPVAR_CY,0.0
NI02PCLBRTE2022,PVFC_LRC_UNWIND,0.0
NI02PCLBRTE2022,PVFC_LRC_EXP_PREM_FUT_CF,948662.0114982171
NI02PCLBRTE2022,PVFC_LRC_EXP_ACQ_FUT_CF,-94866.20114982173
NI02PCLBRTE2022,PVFC_LRC_EXP_INCLAIM,-27813.122615425127
NI02PCLBRTE2022,PVFC_LRC_EXP_IC_PAYBL,-948662.0114982171
NI02PCLBRTE2022,PVFC_LRC_EXP_ATTEXP,-85042.12931627808
NI02PCLBRTE2022,PVFC_LIC_UNWIND,0.0
NI02PCLBRTE2022,PVFC_LIC_EXP_CLAIM_CF_CY,0.0
NI02PCLBRTE2022,PVFC_LIC_EXP_ATTEXP_CY,0.0
NI02PCLBRTE2022,PVFC_LIC_EXP_CLAIM_CF_PY,0.0
NI02PCLBRTE2022,PVFC_LIC_EXP_ATTEXP_PY,0.0
NI02PCLBRTE2022,RA_LRC_OP,0.0
NI02PCLBRTE2022,RA_LRC_NB_POS,0.0
NI02PCLBRTE2022,RA_LRC_UNWIND,0.0
NI02PCLBRTE2022,RA_LRC_RELEASE,0.0
NI02PCLBRTE2022,RA_LRC_DEREC,0.0
NI02PCLBRTE2022,RA_LRC_TASSCHG,0.0
NI02PCLBRTE2022,RA_LRC_FASSCHG,0.0
NI02PCLBRTE2022,RA_LRC_CLO,0.0
NI02PCLBRTE2022,RA_LIC_OP,0.0
NI02PCLBRTE2022,RA_LIC_UNWIND,0.0
NI02PCLBRTE2022,RA_LIC_INCLAIM,0.0
NI02PCLBRTE2022,RA_LIC_RELEASE_PY,0.0
NI02PCLBRTE2022,RA_LIC_DEREC,0.0
NI02PCLBRTE2022,RA_LIC_TASSCHG_PY,0.0
NI02PCLBRTE2022,RA_LIC_FASSCHG_PY,0.0
NI02PCLBRTE2022,RA_LIC_CLO,0.0
NI02PCLBRTE2022,ACQ_CF_LRC_UNWIND,0.0
NI02PCLBRTE2022,ACQ_CF_LRC_EXP_ACQ_CF,0.0
NI02PCLBRTE2022,CROSS_SUB_OP,0.0
NI02PCLBRTE2022,CROSS_SUB_EXP,0.0
NI02PCLBRTE2022,CROSS_SUB_NB,0.0
NI02PCLBRTE2022,CROSS_SUB_IF_NB_TECH,0.0
NI02PCLBRTE2022,CROSS_SUB_TASSCHG,0.0
NI02PCLBRTE2022,CROSS_SUB_FASSCHG,0.0
NI02PCLBRTE2022,CROSS_SUB_CLO,0.0
NI02PCLBRTE2022,CROSS_SUB_IF_NB_FIN,0.0
NI02PCLBRTE2022,RA_LIC_RELEASE_CY,0.0
NI02PCLBRTE2022,PVFC_LRC_EXP_PREM_CURR_CF,0.0
NI02PCLBRTE2022,PVFC_LRC_EXP_ACQ_CURR_CF,0.0
NI02PCLBRTE2022,RA_LIC_FEXPVAR_CY,0.0
NI02OCLBRTE2023,PVFC_LRC_UNWIND,0.0
NI02OCLBRTE2023,PVFC_LRC_EXP_PREM_FUT_CF,0.0
NI02OCLBRTE2023,PVFC_LRC_EXP_ACQ_FUT_CF,0.0
NI02OCLBRTE2023,PVFC_LRC_EXP_INCLAIM,-2103.362220300154
NI02OCLBRTE2023,PVFC_LRC_EXP_IC_PAYBL,0.0
NI02OCLBRTE2023,PVFC_LRC_EXP_ATTEXP,-9741.947086897007
NI02OCLBRTE2023,PVFC_LIC_UNWIND,0.0
NI02OCLBRTE2023,PVFC_LIC_EXP_CLAIM_CF_CY,0.0
NI02OCLBRTE2023,PVFC_LIC_EXP_ATTEXP_CY,0.0
NI02OCLBRTE2023,PVFC_LIC_EXP_CLAIM_CF_PY,0.0
NI02OCLBRTE2023,PVFC_LIC_EXP_ATTEXP_PY,0.0
NI02OCLBRTE2023,RA_LRC_OP,0.0
NI02OCLBRTE2023,RA_LRC_NB_POS,0.0
NI02OCLBRTE2023,RA_LRC_UNWIND,0.0
NI02OCLBRTE2023,RA_LRC_RELEASE,0.0
NI02OCLBRTE2023,RA_LRC_DEREC,0.0
NI02OCLBRTE2023,RA_LRC_TASSCHG,0.0
NI02OCLBRTE2023,RA_LRC_FASSCHG,0.0
NI02OCLBRTE2023,RA_LRC_CLO,0.0
NI02OCLBRTE2023,RA_LIC_OP,0.0
NI02OCLBRTE2023,RA_LIC_UNWIND,0.0
NI02OCLBRTE2023,RA_LIC_INCLAIM,0.0
NI02OCLBRTE2023,RA_LIC_RELEASE_PY,0.0
NI02OCLBRTE2023,RA_LIC_DEREC,0.0
NI02OCLBRTE2023,RA_LIC_TASSCHG_PY,0.0
NI02OCLBRTE2023,RA_LIC_FASSCHG_PY,0.0
NI02OCLBRTE2023,RA_LIC_CLO,0.0
NI02OCLBRTE2023,ACQ_CF_LRC_UNWIND,0.0
NI02OCLBRTE2023,ACQ_CF_LRC_EXP_ACQ_CF,0.0
NI02OCLBRTE2023,CROSS_SUB_OP,0.0
NI02OCLBRTE2023,CROSS_SUB_EXP,0.0
NI02OCLBRTE2023,CROSS_SUB_NB,0.0
NI02OCLBRTE2023,CROSS_SUB_IF_NB_TECH,0.0
NI02OCLBRTE2023,CROSS_SUB_TASSCHG,0.0
NI02OCLBRTE2023,CROSS_SUB_FASSCHG,0.0
NI02OCLBRTE2023,CROSS_SUB_CLO,0.0
NI02OCLBRTE2023,CROSS_SUB_IF_NB_FIN,0.0
NI02OCLBRTE2023,RA_LIC_RELEASE_CY,0.0
NI02OCLBRTE2023,PVFC_LRC_EXP_PREM_CURR_CF,0.0
NI02OCLBRTE2023,PVFC_LRC_EXP_ACQ_CURR_CF,0.0
NI02OCLBRTE2023,RA_LIC_FEXPVAR_CY,0.0
NI02PCLBRTE2023,PVFC_LRC_UNWIND,0.0
NI02PCLBRTE2023,PVFC_LRC_EXP_PREM_FUT_CF,1805480.5379753057
NI02PCLBRTE2023,PVFC_LRC_EXP_ACQ_FUT_CF,-235239.56664393854
NI02PCLBRTE2023,PVFC_LRC_EXP_INCLAIM,-57172.83774606575
NI02PCLBRTE2023,PVFC_LRC_EXP_IC_PAYBL,-1805480.5379753057
NI02PCLBRTE2023,PVFC_LRC_EXP_ATTEXP,-176889.3307510067
NI02PCLBRTE2023,PVFC_LIC_UNWIND,0.0
NI02PCLBRTE2023,PVFC_LIC_EXP_CLAIM_CF_CY,0.0
NI02PCLBRTE2023,PVFC_LIC_EXP_ATTEXP_CY,0.0
NI02PCLBRTE2023,PVFC_LIC_EXP_CLAIM_CF_PY,0.0
NI02PCLBRTE2023,PVFC_LIC_EXP_ATTEXP_PY,0.0
NI02PCLBRTE2023,RA_LRC_OP,95401.39972935474
NI02PCLBRTE2023,RA_LRC_NB_POS,0.0
NI02PCLBRTE2023,RA_LRC_UNWIND,18629.035522932478
NI02PCLBRTE2023,RA_LRC_RELEASE,-1291.656732850261
NI02PCLBRTE2023,RA_LRC_DEREC,0.0
NI02PCLBRTE2023,RA_LRC_TASSCHG,-53677.36650361313
NI02PCLBRTE2023,RA_LRC_FASSCHG,92501.07248851607
NI02PCLBRTE2023,RA_LRC_CLO,151562.48450433993
NI02PCLBRTE2023,RA_LIC_OP,0.0
NI02PCLBRTE2023,RA_LIC_UNWIND,0.0
NI02PCLBRTE2023,RA_LIC_INCLAIM,0.0
NI02PCLBRTE2023,RA_LIC_RELEASE_PY,0.0
NI02PCLBRTE2023,RA_LIC_DEREC,0.0
NI02PCLBRTE2023,RA_LIC_TASSCHG_PY,0.0
NI02PCLBRTE2023,RA_LIC_FASSCHG_PY,0.0
NI02PCLBRTE2023,RA_LIC_CLO,0.0
NI02PCLBRTE2023,ACQ_CF_LRC_UNWIND,0.0
NI02PCLBRTE2023,ACQ_CF_LRC_EXP_ACQ_CF,0.0
NI02PCLBRTE2023,CROSS_SUB_OP,0.0
NI02PCLBRTE2023,CROSS_SUB_EXP,0.0
NI02PCLBRTE2023,CROSS_SUB_NB,0.0
NI02PCLBRTE2023,CROSS_SUB_IF_NB_TECH,0.0
NI02PCLBRTE2023,CROSS_SUB_TASSCHG,0.0
NI02PCLBRTE2023,CROSS_SUB_FASSCHG,0.0
NI02PCLBRTE2023,CROSS_SUB_CLO,0.0
NI02PCLBRTE2023,CROSS_SUB_IF_NB_FIN,0.0
NI02PCLBRTE2023,RA_LIC_RELEASE_CY,0.0
NI02PCLBRTE2023,PVFC_LRC_EXP_PREM_CURR_CF,0.0
NI02PCLBRTE2023,PVFC_LRC_EXP_ACQ_CURR_CF,0.0
NI02PCLBRTE2023,RA_LIC_FEXPVAR_CY,0.0
NI02PCLBRTE2024,PVFC_LRC_UNWIND,0.0
NI02PCLBRTE2024,PVFC_LRC_EXP_PREM_FUT_CF,807382.685418131
NI02PCLBRTE2024,PVFC_LRC_EXP_ACQ_FUT_CF,-80738.26854181309
NI02PCLBRTE2024,PVFC_LRC_EXP_INCLAIM,-31677.33465887343
NI02PCLBRTE2024,PVFC_LRC_EXP_IC_PAYBL,-807382.685418131
NI02PCLBRTE2024,PVFC_LRC_EXP_ATTEXP,-89422.84194201983
NI02PCLBRTE2024,PVFC_LIC_UNWIND,0.0
NI02PCLBRTE2024,PVFC_LIC_EXP_CLAIM_CF_CY,0.0
NI02PCLBRTE2024,PVFC_LIC_EXP_ATTEXP_CY,0.0
NI02PCLBRTE2024,PVFC_LIC_EXP_CLAIM_CF_PY,0.0
NI02PCLBRTE2024,PVFC_LIC_EXP_ATTEXP_PY,0.0
NI02PCLBRTE2024,RA_LRC_OP,38429.76222391329
NI02PCLBRTE2024,RA_LRC_NB_POS,0.0
NI02PCLBRTE2024,RA_LRC_UNWIND,835.671746971806
NI02PCLBRTE2024,RA_LRC_RELEASE,-1031.5699311127337
NI02PCLBRTE2024,RA_LRC_DEREC,0.0
NI02PCLBRTE2024,RA_LRC_TASSCHG,-11161.84769417076
NI02PCLBRTE2024,RA_LRC_FASSCHG,2259.9401709896483
NI02PCLBRTE2024,RA_LRC_CLO,29331.956516591254
NI02PCLBRTE2024,RA_LIC_OP,0.0
NI02PCLBRTE2024,RA_LIC_UNWIND,0.0
NI02PCLBRTE2024,RA_LIC_INCLAIM,0.0
NI02PCLBRTE2024,RA_LIC_RELEASE_PY,0.0
NI02PCLBRTE2024,RA_LIC_DEREC,0.0
NI02PCLBRTE2024,RA_LIC_TASSCHG_PY,0.0
NI02PCLBRTE2024,RA_LIC_FASSCHG_PY,0.0
NI02PCLBRTE2024,RA_LIC_CLO,0.0
NI02PCLBRTE2024,ACQ_CF_LRC_UNWIND,0.0
NI02PCLBRTE2024,ACQ_CF_LRC_EXP_ACQ_CF,0.0
NI02PCLBRTE2024,CROSS_SUB_OP,0.0
NI02PCLBRTE2024,CROSS_SUB_EXP,0.0
NI02PCLBRTE2024,CROSS_SUB_NB,0.0
NI02PCLBRTE2024,CROSS_SUB_IF_NB_TECH,0.0
NI02PCLBRTE2024,CROSS_SUB_TASSCHG,0.0
NI02PCLBRTE2024,CROSS_SUB_FASSCHG,0.0
NI02PCLBRTE2024,CROSS_SUB_CLO,0.0
NI02PCLBRTE2024,CROSS_SUB_IF_NB_FIN,0.0
NI02PCLBRTE2024,RA_LIC_RELEASE_CY,0.0
NI02PCLBRTE2024,PVFC_LRC_EXP_PREM_CURR_CF,0.0
NI02PCLBRTE2024,PVFC_LRC_EXP_ACQ_CURR_CF,0.0
NI02PCLBRTE2024,RA_LIC_FEXPVAR_CY,0.0
NI02OAIPLAN2021,PVFC_LRC_UNWIND,0.0
NI02OAIPLAN2021,PVFC_LRC_EXP_PREM_FUT_CF,0.0
NI02OAIPLAN2021,PVFC_LRC_EXP_ACQ_FUT_CF,0.0
NI02OAIPLAN2021,PVFC_LRC_EXP_INCLAIM,0.0
NI02OAIPLAN2021,PVFC_LRC_EXP_IC_PAYBL,0.0
NI02OAIPLAN2021,PVFC_LRC_EXP_ATTEXP,0.0
NI02OAIPLAN2021,PVFC_LIC_UNWIND,0.0
NI02OAIPLAN2021,PVFC_LIC_EXP_CLAIM_CF_CY,0.0
NI02OAIPLAN2021,PVFC_LIC_EXP_ATTEXP_CY,0.0
NI02OAIPLAN2021,PVFC_LIC_EXP_CLAIM_CF_PY,0.0
NI02OAIPLAN2021,PVFC_LIC_EXP_ATTEXP_PY,0.0
NI02OAIPLAN2021,RA_LRC_OP,0.0
NI02OAIPLAN2021,RA_LRC_NB_POS,0.0
NI02OAIPLAN2021,RA_LRC_UNWIND,0.0
NI02OAIPLAN2021,RA_LRC_RELEASE,0.0
NI02OAIPLAN2021,RA_LRC_DEREC,0.0
NI02OAIPLAN2021,RA_LRC_TASSCHG,0.0
NI02OAIPLAN2021,RA_LRC_FASSCHG,0.0
NI02OAIPLAN2021,RA_LRC_CLO,0.0
NI02OAIPLAN2021,RA_LIC_OP,0.0
NI02OAIPLAN2021,RA_LIC_UNWIND,0.0
NI02OAIPLAN2021,RA_LIC_INCLAIM,0.0
NI02OAIPLAN2021,RA_LIC_RELEASE_PY,0.0
NI02OAIPLAN2021,RA_LIC_DEREC,0.0
NI02OAIPLAN2021,RA_LIC_TASSCHG_PY,0.0
NI02OAIPLAN2021,RA_LIC_FASSCHG_PY,0.0
NI02OAIPLAN2021,RA_LIC_CLO,0.0
NI02OAIPLAN2021,ACQ_CF_LRC_UNWIND,0.0
NI02OAIPLAN2021,ACQ_CF_LRC_EXP_ACQ_CF,0.0
NI02OAIPLAN2021,CROSS_SUB_OP,0.0
NI02OAIPLAN2021,CROSS_SUB_EXP,0.0
NI02OAIPLAN2021,CROSS_SUB_NB,0.0
NI02OAIPLAN2021,CROSS_SUB_IF_NB_TECH,0.0
NI02OAIPLAN2021,CROSS_SUB_TASSCHG,0.0
NI02OAIPLAN2021,CROSS_SUB_FASSCHG,0.0
NI02OAIPLAN2021,CROSS_SUB_CLO,0.0
NI02OAIPLAN2021,CROSS_SUB_IF_NB_FIN,0.0
NI02OAIPLAN2021,RA_LIC_RELEASE_CY,0.0
NI02OAIPLAN2021,PVFC_LRC_EXP_PREM_CURR_CF,0.0
NI02OAIPLAN2021,PVFC_LRC_EXP_ACQ_CURR_CF,0.0
NI02OAIPLAN2021,RA_LIC_FEXPVAR_CY,0.0
NI02OAIPLAN2022,PVFC_LRC_UNWIND,0.0
NI02OAIPLAN2022,PVFC_LRC_EXP_PREM_FUT_CF,0.0
NI02OAIPLAN2022,PVFC_LRC_EXP_ACQ_FUT_CF,0.0
NI02OAIPLAN2022,PVFC_LRC_EXP_INCLAIM,0.0
NI02OAIPLAN2022,PVFC_LRC_EXP_IC_PAYBL,0.0
NI02OAIPLAN2022,PVFC_LRC_EXP_ATTEXP,0.0
NI02OAIPLAN2022,PVFC_LIC_UNWIND,0.0
NI02OAIPLAN2022,PVFC_LIC_EXP_CLAIM_CF_CY,0.0
NI02OAIPLAN2022,PVFC_LIC_EXP_ATTEXP_CY,0.0
NI02OAIPLAN2022,PVFC_LIC_EXP_CLAIM_CF_PY,0.0
NI02OAIPLAN2022,PVFC_LIC_EXP_ATTEXP_PY,0.0
NI02OAIPLAN2022,RA_LRC_OP,0.0
NI02OAIPLAN2022,RA_LRC_NB_POS,0.0
NI02OAIPLAN2022,RA_LRC_UNWIND,0.0
NI02OAIPLAN2022,RA_LRC_RELEASE,0.0
NI02OAIPLAN2022,RA_LRC_DEREC,0.0
NI02OAIPLAN2022,RA_LRC_TASSCHG,0.0
NI02OAIPLAN2022,RA_LRC_FASSCHG,0.0
NI02OAIPLAN2022,RA_LRC_CLO,0.0
NI02OAIPLAN2022,RA_LIC_OP,0.0
NI02OAIPLAN2022,RA_LIC_UNWIND,0.0
NI02OAIPLAN2022,RA_LIC_INCLAIM,0.0
NI02OAIPLAN2022,RA_LIC_RELEASE_PY,0.0
NI02OAIPLAN2022,RA_LIC_DEREC,0.0
NI02OAIPLAN2022,RA_LIC_TASSCHG_PY,0.0
NI02OAIPLAN2022,RA_LIC_FASSCHG_PY,0.0
NI02OAIPLAN2022,RA_LIC_CLO,0.0
NI02OAIPLAN2022,ACQ_CF_LRC_UNWIND,0.0
NI02OAIPLAN2022,ACQ_CF_LRC_EXP_ACQ_CF,0.0
NI02OAIPLAN2022,CROSS_SUB_OP,0.0
NI02OAIPLAN2022,CROSS_SUB_EXP,0.0
NI02OAIPLAN2022,CROSS_SUB_NB,0.0
NI02OAIPLAN2022,CROSS_SUB_IF_NB_TECH,0.0
NI02OAIPLAN2022,CROSS_SUB_TASSCHG,0.0
NI02OAIPLAN2022,CROSS_SUB_FASSCHG,0.0
NI02OAIPLAN2022,CROSS_SUB_CLO,0.0
NI02OAIPLAN2022,CROSS_SUB_IF_NB_FIN,0.0
NI02OAIPLAN2022,RA_LIC_RELEASE_CY,0.0
NI02OAIPLAN2022,PVFC_LRC_EXP_PREM_CURR_CF,0.0
NI02OAIPLAN2022,PVFC_LRC_EXP_ACQ_CURR_CF,0.0
NI02OAIPLAN2022,RA_LIC_FEXPVAR_CY,0.0
NI02OAIPLAN2023,PVFC_LRC_UNWIND,0.0
NI02OAIPLAN2023,PVFC_LRC_EXP_PREM_FUT_CF,35211.746465549
NI02OAIPLAN2023,PVFC_LRC_EXP_ACQ_FUT_CF,-6565.385645614298
NI02OAIPLAN2023,PVFC_LRC_EXP_INCLAIM,-99143847.52585164
NI02OAIPLAN2023,PVFC_LRC_EXP_IC_PAYBL,0.0
NI02OAIPLAN2023,PVFC_LRC_EXP_ATTEXP,-841353.5326397253
NI02OAIPLAN2023,PVFC_LIC_UNWIND,0.0
NI02OAIPLAN2023,PVFC_LIC_EXP_CLAIM_CF_CY,0.0
NI02OAIPLAN2023,PVFC_LIC_EXP_ATTEXP_CY,0.0
NI02OAIPLAN2023,PVFC_LIC_EXP_CLAIM_CF_PY,0.0
NI02OAIPLAN2023,PVFC_LIC_EXP_ATTEXP_PY,0.0
NI02OAIPLAN2023,RA_LRC_OP,0.0
NI02OAIPLAN2023,RA_LRC_NB_POS,0.0
NI02OAIPLAN2023,RA_LRC_UNWIND,0.0
NI02OAIPLAN2023,RA_LRC_RELEASE,0.0
NI02OAIPLAN2023,RA_LRC_DEREC,0.0
NI02OAIPLAN2023,RA_LRC_TASSCHG,0.0
NI02OAIPLAN2023,RA_LRC_FASSCHG,0.0
NI02OAIPLAN2023,RA_LRC_CLO,0.0
NI02OAIPLAN2023,RA_LIC_OP,0.0
NI02OAIPLAN2023,RA_LIC_UNWIND,0.0
NI02OAIPLAN2023,RA_LIC_INCLAIM,0.0
NI02OAIPLAN2023,RA_LIC_RELEASE_PY,0.0
NI02OAIPLAN2023,RA_LIC_DEREC,0.0
NI02OAIPLAN2023,RA_LIC_TASSCHG_PY,0.0
NI02OAIPLAN2023,RA_LIC_FASSCHG_PY,0.0
NI02OAIPLAN2023,RA_LIC_CLO,0.0
NI02OAIPLAN2023,ACQ_CF_LRC_UNWIND,0.0
NI02OAIPLAN2023,ACQ_CF_LRC_EXP_ACQ_CF,0.0
NI02OAIPLAN2023,CROSS_SUB_OP,0.0
NI02OAIPLAN2023,CROSS_SUB_EXP,0.0
NI02OAIPLAN2023,CROSS_SUB_NB,0.0
NI02OAIPLAN2023,CROSS_SUB_IF_NB_TECH,0.0
NI02OAIPLAN2023,CROSS_SUB_TASSCHG,0.0
NI02OAIPLAN2023,CROSS_SUB_FASSCHG,0.0
NI02OAIPLAN2023,CROSS_SUB_CLO,0.0
NI02OAIPLAN2023,CROSS_SUB_IF_NB_FIN,0.0
NI02OAIPLAN2023,RA_LIC_RELEASE_CY,0.0
NI02OAIPLAN2023,PVFC_LRC_EXP_PREM_CURR_CF,0.0
NI02OAIPLAN2023,PVFC_LRC_EXP_ACQ_CURR_CF,0.0
NI02OAIPLAN2023,RA_LIC_FEXPVAR_CY,0.0
NI02PAIPLAN2023,PVFC_LRC_UNWIND,0.0
NI02PAIPLAN2023,PVFC_LRC_EXP_PREM_FUT_CF,0.0
NI02PAIPLAN2023,PVFC_LRC_EXP_ACQ_FUT_CF,0.0
NI02PAIPLAN2023,PVFC_LRC_EXP_INCLAIM,-432832.5017453414
NI02PAIPLAN2023,PVFC_LRC_EXP_IC_PAYBL,0.0
NI02PAIPLAN2023,PVFC_LRC_EXP_ATTEXP,-38100.10425104713
NI02PAIPLAN2023,PVFC_LIC_UNWIND,0.0
NI02PAIPLAN2023,PVFC_LIC_EXP_CLAIM_CF_CY,0.0
NI02PAIPLAN2023,PVFC_LIC_EXP_ATTEXP_CY,0.0
NI02PAIPLAN2023,PVFC_LIC_EXP_CLAIM_CF_PY,0.0
NI02PAIPLAN2023,PVFC_LIC_EXP_ATTEXP_PY,0.0
NI02PAIPLAN2023,RA_LRC_OP,30656.05845106839
NI02PAIPLAN2023,RA_LRC_NB_POS,0.0
NI02PAIPLAN2023,RA_LRC_UNWIND,-20553.56737791803
NI02PAIPLAN2023,RA_LRC_RELEASE,-10695.793112743295
NI02PAIPLAN2023,RA_LRC_DEREC,0.0
NI02PAIPLAN2023,RA_LRC_TASSCHG,2289782.839632112
NI02PAIPLAN2023,RA_LRC_FASSCHG,593.3020395929307
NI02PAIPLAN2023,RA_LRC_CLO,2289782.839632112
NI02PAIPLAN2023,RA_LIC_OP,0.0
NI02PAIPLAN2023,RA_LIC_UNWIND,0.0
NI02PAIPLAN2023,RA_LIC_INCLAIM,0.0
NI02PAIPLAN2023,RA_LIC_RELEASE_PY,0.0
NI02PAIPLAN2023,RA_LIC_DEREC,0.0
NI02PAIPLAN2023,RA_LIC_TASSCHG_PY,0.0
NI02PAIPLAN2023,RA_LIC_FASSCHG_PY,0.0
NI02PAIPLAN2023,RA_LIC_CLO,0.0
NI02PAIPLAN2023,ACQ_CF_LRC_UNWIND,0.0
NI02PAIPLAN2023,ACQ_CF_LRC_EXP_ACQ_CF,0.0
NI02PAIPLAN2023,CROSS_SUB_OP,0.0
NI02PAIPLAN2023,CROSS_SUB_EXP,0.0
NI02PAIPLAN2023,CROSS_SUB_NB,0.0
NI02PAIPLAN2023,CROSS_SUB_IF_NB_TECH,0.0
NI02PAIPLAN2023,CROSS_SUB_TASSCHG,0.0
NI02PAIPLAN2023,CROSS_SUB_FASSCHG,0.0
NI02PAIPLAN2023,CROSS_SUB_CLO,0.0
NI02PAIPLAN2023,CROSS_SUB_IF_NB_FIN,0.0
NI02PAIPLAN2023,RA_LIC_RELEASE_CY,0.0
NI02PAIPLAN2023,PVFC_LRC_EXP_PREM_CURR_CF,0.0
NI02PAIPLAN2023,PVFC_LRC_EXP_ACQ_CURR_CF,0.0
NI02PAIPLAN2023,RA_LIC_FEXPVAR_CY,0.0
NI02OAIPLAN2024,PVFC_LRC_UNWIND,0.0
NI02OAIPLAN2024,PVFC_LRC_EXP_PREM_FUT_CF,19052723.411594737
NI02OAIPLAN2024,PVFC_LRC_EXP_ACQ_FUT_CF,-1905173.379648624
NI02OAIPLAN2024,PVFC_LRC_EXP_INCLAIM,-74551906.6289735
NI02OAIPLAN2024,PVFC_LRC_EXP_IC_PAYBL,0.0
NI02OAIPLAN2024,PVFC_LRC_EXP_ATTEXP,-4552282.353276983
NI02OAIPLAN2024,PVFC_LIC_UNWIND,0.0
NI02OAIPLAN2024,PVFC_LIC_EXP_CLAIM_CF_CY,0.0
NI02OAIPLAN2024,PVFC_LIC_EXP_ATTEXP_CY,0.0
NI02OAIPLAN2024,PVFC_LIC_EXP_CLAIM_CF_PY,0.0
NI02OAIPLAN2024,PVFC_LIC_EXP_ATTEXP_PY,0.0
NI02OAIPLAN2024,RA_LRC_OP,1939373.6709144223
NI02OAIPLAN2024,RA_LRC_NB_POS,0.0
NI02OAIPLAN2024,RA_LRC_UNWIND,-1279639.6122753965
NI02OAIPLAN2024,RA_LRC_RELEASE,-650486.1816105543
NI02OAIPLAN2024,RA_LRC_DEREC,0.0
NI02OAIPLAN2024,RA_LRC_TASSCHG,1333761.4237240462
NI02OAIPLAN2024,RA_LRC_FASSCHG,105799.41868277057
NI02OAIPLAN2024,RA_LRC_CLO,1448808.7194352883
NI02OAIPLAN2024,RA_LIC_OP,0.0
NI02OAIPLAN2024,RA_LIC_UNWIND,0.0
NI02OAIPLAN2024,RA_LIC_INCLAIM,0.0
NI02OAIPLAN2024,RA_LIC_RELEASE_PY,0.0
NI02OAIPLAN2024,RA_LIC_DEREC,0.0
NI02OAIPLAN2024,RA_LIC_TASSCHG_PY,0.0
NI02OAIPLAN2024,RA_LIC_FASSCHG_PY,0.0
NI02OAIPLAN2024,RA_LIC_CLO,0.0
NI02OAIPLAN2024,ACQ_CF_LRC_UNWIND,0.0
NI02OAIPLAN2024,ACQ_CF_LRC_EXP_ACQ_CF,0.0
NI02OAIPLAN2024,CROSS_SUB_OP,0.0
NI02OAIPLAN2024,CROSS_SUB_EXP,0.0
NI02OAIPLAN2024,CROSS_SUB_NB,0.0
NI02OAIPLAN2024,CROSS_SUB_IF_NB_TECH,0.0
NI02OAIPLAN2024,CROSS_SUB_TASSCHG,0.0
NI02OAIPLAN2024,CROSS_SUB_FASSCHG,0.0
NI02OAIPLAN2024,CROSS_SUB_CLO,0.0
NI02OAIPLAN2024,CROSS_SUB_IF_NB_FIN,0.0
NI02OAIPLAN2024,RA_LIC_RELEASE_CY,0.0
NI02OAIPLAN2024,PVFC_LRC_EXP_PREM_CURR_CF,0.0
NI02OAIPLAN2024,PVFC_LRC_EXP_ACQ_CURR_CF,0.0
NI02OAIPLAN2024,RA_LIC_FEXPVAR_CY,0.0
NI02PANNUIT2021,PVFC_LRC_UNWIND,0.0
NI02PANNUIT2021,PVFC_LRC_EXP_PREM_FUT_CF,0.0
NI02PANNUIT2021,PVFC_LRC_EXP_ACQ_FUT_CF,0.0
NI02PANNUIT2021,PVFC_LRC_EXP_INCLAIM,-285675321.2842972
NI02PANNUIT2021,PVFC_LRC_EXP_IC_PAYBL,-156975754.064
NI02PANNUIT2021,PVFC_LRC_EXP_ATTEXP,-3823935.4146246854
NI02PANNUIT2021,PVFC_LIC_UNWIND,0.0
NI02PANNUIT2021,PVFC_LIC_EXP_CLAIM_CF_CY,0.0
NI02PANNUIT2021,PVFC_LIC_EXP_ATTEXP_CY,0.0
NI02PANNUIT2021,PVFC_LIC_EXP_CLAIM_CF_PY,0.0
NI02PANNUIT2021,PVFC_LIC_EXP_ATTEXP_PY,0.0
NI02PANNUIT2021,RA_LRC_OP,21011334.852425978
NI02PANNUIT2021,RA_LRC_NB_POS,0.0
NI02PANNUIT2021,RA_LRC_UNWIND,-1416925.7335618325
NI02PANNUIT2021,RA_LRC_RELEASE,-817159.1442818854
NI02PANNUIT2021,RA_LRC_DEREC,0.0
NI02PANNUIT2021,RA_LRC_TASSCHG,1554439.6881995983
NI02PANNUIT2021,RA_LRC_FASSCHG,58051.226806268096
NI02PANNUIT2021,RA_LRC_CLO,20389740.889588125
NI02PANNUIT2021,RA_LIC_OP,0.0
NI02PANNUIT2021,RA_LIC_UNWIND,0.0
NI02PANNUIT2021,RA_LIC_INCLAIM,0.0
NI02PANNUIT2021,RA_LIC_RELEASE_PY,0.0
NI02PANNUIT2021,RA_LIC_DEREC,0.0
NI02PANNUIT2021,RA_LIC_TASSCHG_PY,0.0
NI02PANNUIT2021,RA_LIC_FASSCHG_PY,0.0
NI02PANNUIT2021,RA_LIC_CLO,0.0
NI02PANNUIT2021,ACQ_CF_LRC_UNWIND,0.0
NI02PANNUIT2021,ACQ_CF_LRC_EXP_ACQ_CF,0.0
NI02PANNUIT2021,CROSS_SUB_OP,0.0
NI02PANNUIT2021,CROSS_SUB_EXP,0.0
NI02PANNUIT2021,CROSS_SUB_NB,0.0
NI02PANNUIT2021,CROSS_SUB_IF_NB_TECH,0.0
NI02PANNUIT2021,CROSS_SUB_TASSCHG,0.0
NI02PANNUIT2021,CROSS_SUB_FASSCHG,0.0
NI02PANNUIT2021,CROSS_SUB_CLO,0.0
NI02PANNUIT2021,CROSS_SUB_IF_NB_FIN,0.0
NI02PANNUIT2021,RA_LIC_RELEASE_CY,0.0
NI02PANNUIT2021,PVFC_LRC_EXP_PREM_CURR_CF,0.0
NI02PANNUIT2021,PVFC_LRC_EXP_ACQ_CURR_CF,0.0
NI02PANNUIT2021,RA_LIC_FEXPVAR_CY,0.0
NI02PBNLIFE2021,PVFC_LRC_UNWIND,0.0
NI02PBNLIFE2021,PVFC_LRC_EXP_PREM_FUT_CF,108726119.70327203
NI02PBNLIFE2021,PVFC_LRC_EXP_ACQ_FUT_CF,-10718797.210560327
NI02PBNLIFE2021,PVFC_LRC_EXP_INCLAIM,-18978186.141251273
NI02PBNLIFE2021,PVFC_LRC_EXP_IC_PAYBL,0.0
NI02PBNLIFE2021,PVFC_LRC_EXP_ATTEXP,-7716470.634349716
NI02PBNLIFE2021,PVFC_LIC_UNWIND,0.0
NI02PBNLIFE2021,PVFC_LIC_EXP_CLAIM_CF_CY,0.0
NI02PBNLIFE2021,PVFC_LIC_EXP_ATTEXP_CY,0.0
NI02PBNLIFE2021,PVFC_LIC_EXP_CLAIM_CF_PY,0.0
NI02PBNLIFE2021,PVFC_LIC_EXP_ATTEXP_PY,0.0
NI02PBNLIFE2021,RA_LRC_OP,19519486.69082086
NI02PBNLIFE2021,RA_LRC_NB_POS,0.0
NI02PBNLIFE2021,RA_LRC_UNWIND,108430.69696537033
NI02PBNLIFE2021,RA_LRC_RELEASE,-266856.869528281
NI02PBNLIFE2021,RA_LRC_DEREC,0.0
NI02PBNLIFE2021,RA_LRC_TASSCHG,-20247961.43137709
NI02PBNLIFE2021,RA_LRC_FASSCHG,899953.5752343038
NI02PBNLIFE2021,RA_LRC_CLO,13052.66211516282
NI02PBNLIFE2021,RA_LIC_OP,0.0
NI02PBNLIFE2021,RA_LIC_UNWIND,0.0
NI02PBNLIFE2021,RA_LIC_INCLAIM,0.0
NI02PBNLIFE2021,RA_LIC_RELEASE_PY,0.0
NI02PBNLIFE2021,RA_LIC_DEREC,0.0
NI02PBNLIFE2021,RA_LIC_TASSCHG_PY,0.0
NI02PBNLIFE2021,RA_LIC_FASSCHG_PY,0.0
NI02PBNLIFE2021,RA_LIC_CLO,0.0
NI02PBNLIFE2021,ACQ_CF_LRC_UNWIND,0.0
NI02PBNLIFE2021,ACQ_CF_LRC_EXP_ACQ_CF,0.0
NI02PBNLIFE2021,CROSS_SUB_OP,0.0
NI02PBNLIFE2021,CROSS_SUB_EXP,0.0
NI02PBNLIFE2021,CROSS_SUB_NB,0.0
NI02PBNLIFE2021,CROSS_SUB_IF_NB_TECH,0.0
NI02PBNLIFE2021,CROSS_SUB_TASSCHG,0.0
NI02PBNLIFE2021,CROSS_SUB_FASSCHG,0.0
NI02PBNLIFE2021,CROSS_SUB_CLO,0.0
NI02PBNLIFE2021,CROSS_SUB_IF_NB_FIN,0.0
NI02PBNLIFE2021,RA_LIC_RELEASE_CY,0.0
NI02PBNLIFE2021,PVFC_LRC_EXP_PREM_CURR_CF,0.0
NI02PBNLIFE2021,PVFC_LRC_EXP_ACQ_CURR_CF,0.0
NI02PBNLIFE2021,RA_LIC_FEXPVAR_CY,0.0
NI02PBNLIFE2022,PVFC_LRC_UNWIND,0.0
NI02PBNLIFE2022,PVFC_LRC_EXP_PREM_FUT_CF,34946907.50889182
NI02PBNLIFE2022,PVFC_LRC_EXP_ACQ_FUT_CF,-3383308.611577135
NI02PBNLIFE2022,PVFC_LRC_EXP_INCLAIM,-2699662.8267388637
NI02PBNLIFE2022,PVFC_LRC_EXP_IC_PAYBL,0.0
NI02PBNLIFE2022,PVFC_LRC_EXP_ATTEXP,-1552063.1331406843
NI02PBNLIFE2022,PVFC_LIC_UNWIND,0.0
NI02PBNLIFE2022,PVFC_LIC_EXP_CLAIM_CF_CY,0.0
NI02PBNLIFE2022,PVFC_LIC_EXP_ATTEXP_CY,0.0
NI02PBNLIFE2022,PVFC_LIC_EXP_CLAIM_CF_PY,0.0
NI02PBNLIFE2022,PVFC_LIC_EXP_ATTEXP_PY,0.0
NI02PBNLIFE2022,RA_LRC_OP,1895307.8686038835
NI02PBNLIFE2022,RA_LRC_NB_POS,0.0
NI02PBNLIFE2022,RA_LRC_UNWIND,179454.0550915911
NI02PBNLIFE2022,RA_LRC_RELEASE,-469995.2896931183
NI02PBNLIFE2022,RA_LRC_DEREC,0.0
NI02PBNLIFE2022,RA_LRC_TASSCHG,-3186643.296935555
NI02PBNLIFE2022,RA_LRC_FASSCHG,1143759.5651914857
NI02PBNLIFE2022,RA_LRC_CLO,-438117.09774171305
NI02PBNLIFE2022,RA_LIC_OP,0.0
NI02PBNLIFE2022,RA_LIC_UNWIND,0.0
NI02PBNLIFE2022,RA_LIC_INCLAIM,0.0
NI02PBNLIFE2022,RA_LIC_RELEASE_PY,0.0
NI02PBNLIFE2022,RA_LIC_DEREC,0.0
NI02PBNLIFE2022,RA_LIC_TASSCHG_PY,0.0
NI02PBNLIFE2022,RA_LIC_FASSCHG_PY,0.0
NI02PBNLIFE2022,RA_LIC_CLO,0.0
NI02PBNLIFE2022,ACQ_CF_LRC_UNWIND,0.0
NI02PBNLIFE2022,ACQ_CF_LRC_EXP_ACQ_CF,0.0
NI02PBNLIFE2022,CROSS_SUB_OP,0.0
NI02PBNLIFE2022,CROSS_SUB_EXP,0.0
NI02PBNLIFE2022,CROSS_SUB_NB,0.0
NI02PBNLIFE2022,CROSS_SUB_IF_NB_TECH,0.0
NI02PBNLIFE2022,CROSS_SUB_TASSCHG,0.0
NI02PBNLIFE2022,CROSS_SUB_FASSCHG,0.0
NI02PBNLIFE2022,CROSS_SUB_CLO,0.0
NI02PBNLIFE2022,CROSS_SUB_IF_NB_FIN,0.0
NI02PBNLIFE2022,RA_LIC_RELEASE_CY,0.0
NI02PBNLIFE2022,PVFC_LRC_EXP_PREM_CURR_CF,0.0
NI02PBNLIFE2022,PVFC_LRC_EXP_ACQ_CURR_CF,0.0
NI02PBNLIFE2022,RA_LIC_FEXPVAR_CY,0.0
NI02PBNLIFE2023,PVFC_LRC_UNWIND,0.0
NI02PBNLIFE2023,PVFC_LRC_EXP_PREM_FUT_CF,41943392.50095569
NI02PBNLIFE2023,PVFC_LRC_EXP_ACQ_FUT_CF,-5110602.76497614
NI02PBNLIFE2023,PVFC_LRC_EXP_INCLAIM,-2782813.3375112507
NI02PBNLIFE2023,PVFC_LRC_EXP_IC_PAYBL,0.0
NI02PBNLIFE2023,PVFC_LRC_EXP_ATTEXP,-1641755.0316024015
NI02PBNLIFE2023,PVFC_LIC_UNWIND,0.0
NI02PBNLIFE2023,PVFC_LIC_EXP_CLAIM_CF_CY,0.0
NI02PBNLIFE2023,PVFC_LIC_EXP_ATTEXP_CY,0.0
NI02PBNLIFE2023,PVFC_LIC_EXP_CLAIM_CF_PY,0.0
NI02PBNLIFE2023,PVFC_LIC_EXP_ATTEXP_PY,0.0
NI02PBNLIFE2023,RA_LRC_OP,1861028.3790906218
NI02PBNLIFE2023,RA_LRC_NB_POS,0.0
NI02PBNLIFE2023,RA_LRC_UNWIND,234755.3201292185
NI02PBNLIFE2023,RA_LRC_RELEASE,-30221.451667716443
NI02PBNLIFE2023,RA_LRC_DEREC,0.0
NI02PBNLIFE2023,RA_LRC_TASSCHG,-3181009.933281005
NI02PBNLIFE2023,RA_LRC_FASSCHG,1118370.577466869
NI02PBNLIFE2023,RA_LRC_CLO,2922.891737987986
NI02PBNLIFE2023,RA_LIC_OP,0.0
NI02PBNLIFE2023,RA_LIC_UNWIND,0.0
NI02PBNLIFE2023,RA_LIC_INCLAIM,0.0
NI02PBNLIFE2023,RA_LIC_RELEASE_PY,0.0
NI02PBNLIFE2023,RA_LIC_DEREC,0.0
NI02PBNLIFE2023,RA_LIC_TASSCHG_PY,0.0
NI02PBNLIFE2023,RA_LIC_FASSCHG_PY,0.0
NI02PBNLIFE2023,RA_LIC_CLO,0.0
NI02PBNLIFE2023,ACQ_CF_LRC_UNWIND,0.0
NI02PBNLIFE2023,ACQ_CF_LRC_EXP_ACQ_CF,0.0
NI02PBNLIFE2023,CROSS_SUB_OP,0.0
NI02PBNLIFE2023,CROSS_SUB_EXP,0.0
NI02PBNLIFE2023,CROSS_SUB_NB,0.0
NI02PBNLIFE2023,CROSS_SUB_IF_NB_TECH,0.0
NI02PBNLIFE2023,CROSS_SUB_TASSCHG,0.0
NI02PBNLIFE2023,CROSS_SUB_FASSCHG,0.0
NI02PBNLIFE2023,CROSS_SUB_CLO,0.0
NI02PBNLIFE2023,CROSS_SUB_IF_NB_FIN,0.0
NI02PBNLIFE2023,RA_LIC_RELEASE_CY,0.0
NI02PBNLIFE2023,PVFC_LRC_EXP_PREM_CURR_CF,0.0
NI02PBNLIFE2023,PVFC_LRC_EXP_ACQ_CURR_CF,0.0
NI02PBNLIFE2023,RA_LIC_FEXPVAR_CY,0.0
NI02OBNLIFE2024,PVFC_LRC_UNWIND,0.0
NI02OBNLIFE2024,PVFC_LRC_EXP_PREM_FUT_CF,23501384.994612433
NI02OBNLIFE2024,PVFC_LRC_EXP_ACQ_FUT_CF,1695895.1611801977
NI02OBNLIFE2024,PVFC_LRC_EXP_INCLAIM,3498993.123978227
NI02OBNLIFE2024,PVFC_LRC_EXP_IC_PAYBL,0.0
NI02OBNLIFE2024,PVFC_LRC_EXP_ATTEXP,1533923.1297454487
NI02OBNLIFE2024,PVFC_LIC_UNWIND,0.0
NI02OBNLIFE2024,PVFC_LIC_EXP_CLAIM_CF_CY,0.0
NI02OBNLIFE2024,PVFC_LIC_EXP_ATTEXP_CY,0.0
NI02OBNLIFE2024,PVFC_LIC_EXP_CLAIM_CF_PY,0.0
NI02OBNLIFE2024,PVFC_LIC_EXP_ATTEXP_PY,0.0
NI02OBNLIFE2024,RA_LRC_OP,858523.2915518834
NI02OBNLIFE2024,RA_LRC_NB_POS,0.0
NI02OBNLIFE2024,RA_LRC_UNWIND,11287.102644960512
NI02OBNLIFE2024,RA_LRC_RELEASE,-48941.07892998824
NI02OBNLIFE2024,RA_LRC_DEREC,0.0
NI02OBNLIFE2024,RA_LRC_TASSCHG,-886898.562547572
NI02OBNLIFE2024,RA_LRC_FASSCHG,66890.35548338608
NI02OBNLIFE2024,RA_LRC_CLO,861.1082026698859
NI02OBNLIFE2024,RA_LIC_OP,0.0
NI02OBNLIFE2024,RA_LIC_UNWIND,0.0
NI02OBNLIFE2024,RA_LIC_INCLAIM,0.0
NI02OBNLIFE2024,RA_LIC_RELEASE_PY,0.0
NI02OBNLIFE2024,RA_LIC_DEREC,0.0
NI02OBNLIFE2024,RA_LIC_TASSCHG_PY,0.0
NI02OBNLIFE2024,RA_LIC_FASSCHG_PY,0.0
NI02OBNLIFE2024,RA_LIC_CLO,0.0
NI02OBNLIFE2024,ACQ_CF_LRC_UNWIND,0.0
NI02OBNLIFE2024,ACQ_CF_LRC_EXP_ACQ_CF,0.0
NI02OBNLIFE2024,CROSS_SUB_OP,0.0
NI02OBNLIFE2024,CROSS_SUB_EXP,0.0
NI02OBNLIFE2024,CROSS_SUB_NB,0.0
NI02OBNLIFE2024,CROSS_SUB_IF_NB_TECH,0.0
NI02OBNLIFE2024,CROSS_SUB_TASSCHG,0.0
NI02OBNLIFE2024,CROSS_SUB_FASSCHG,0.0
NI02OBNLIFE2024,CROSS_SUB_CLO,0.0
NI02OBNLIFE2024,CROSS_SUB_IF_NB_FIN,0.0
NI02OBNLIFE2024,RA_LIC_RELEASE_CY,0.0
NI02OBNLIFE2024,PVFC_LRC_EXP_PREM_CURR_CF,0.0
NI02OBNLIFE2024,PVFC_LRC_EXP_ACQ_CURR_CF,0.0
NI02OBNLIFE2024,RA_LIC_FEXPVAR_CY,0.0
NI02PCTLIFE2021,PVFC_LRC_UNWIND,0.0
NI02PCTLIFE2021,PVFC_LRC_EXP_PREM_FUT_CF,517986.8081947933
NI02PCTLIFE2021,PVFC_LRC_EXP_ACQ_FUT_CF,-51798.68081947933
NI02PCTLIFE2021,PVFC_LRC_EXP_INCLAIM,-4845265.323108843
NI02PCTLIFE2021,PVFC_LRC_EXP_IC_PAYBL,-258993.40409739665
NI02PCTLIFE2021,PVFC_LRC_EXP_ATTEXP,-43157.01068146357
NI02PCTLIFE2021,PVFC_LIC_UNWIND,0.0
NI02PCTLIFE2021,PVFC_LIC_EXP_CLAIM_CF_CY,0.0
NI02PCTLIFE2021,PVFC_LIC_EXP_ATTEXP_CY,0.0
NI02PCTLIFE2021,PVFC_LIC_EXP_CLAIM_CF_PY,0.0
NI02PCTLIFE2021,PVFC_LIC_EXP_ATTEXP_PY,0.0
NI02PCTLIFE2021,RA_LRC_OP,85453.8160600984
NI02PCTLIFE2021,RA_LRC_NB_POS,0.0
NI02PCTLIFE2021,RA_LRC_UNWIND,-65440.95117960022
NI02PCTLIFE2021,RA_LRC_RELEASE,-3677.104161083826
NI02PCTLIFE2021,RA_LRC_DEREC,0.0
NI02PCTLIFE2021,RA_LRC_TASSCHG,30867.115722736016
NI02PCTLIFE2021,RA_LRC_FASSCHG,9496.917845838863
NI02PCTLIFE2021,RA_LRC_CLO,56699.794287989236
NI02PCTLIFE2021,RA_LIC_OP,0.0
NI02PCTLIFE2021,RA_LIC_UNWIND,0.0
NI02PCTLIFE2021,RA_LIC_INCLAIM,0.0
NI02PCTLIFE2021,RA_LIC_RELEASE_PY,0.0
NI02PCTLIFE2021,RA_LIC_DEREC,0.0
NI02PCTLIFE2021,RA_LIC_TASSCHG_PY,0.0
NI02PCTLIFE2021,RA_LIC_FASSCHG_PY,0.0
NI02PCTLIFE2021,RA_LIC_CLO,0.0
NI02PCTLIFE2021,ACQ_CF_LRC_UNWIND,0.0
NI02PCTLIFE2021,ACQ_CF_LRC_EXP_ACQ_CF,0.0
NI02PCTLIFE2021,CROSS_SUB_OP,0.0
NI02PCTLIFE2021,CROSS_SUB_EXP,0.0
NI02PCTLIFE2021,CROSS_SUB_NB,0.0
NI02PCTLIFE2021,CROSS_SUB_IF_NB_TECH,0.0
NI02PCTLIFE2021,CROSS_SUB_TASSCHG,0.0
NI02PCTLIFE2021,CROSS_SUB_FASSCHG,0.0
NI02PCTLIFE2021,CROSS_SUB_CLO,0.0
NI02PCTLIFE2021,CROSS_SUB_IF_NB_FIN,0.0
NI02PCTLIFE2021,RA_LIC_RELEASE_CY,0.0
NI02PCTLIFE2021,PVFC_LRC_EXP_PREM_CURR_CF,0.0
NI02PCTLIFE2021,PVFC_LRC_EXP_ACQ_CURR_CF,0.0
NI02PCTLIFE2021,RA_LIC_FEXPVAR_CY,0.0
NI02PCTLIFE2022,PVFC_LRC_UNWIND,0.0
NI02PCTLIFE2022,PVFC_LRC_EXP_PREM_FUT_CF,0.0
NI02PCTLIFE2022,PVFC_LRC_EXP_ACQ_FUT_CF,0.0
NI02PCTLIFE2022,PVFC_LRC_EXP_INCLAIM,-140014.69402777142
NI02PCTLIFE2022,PVFC_LRC_EXP_IC_PAYBL,0.0
NI02PCTLIFE2022,PVFC_LRC_EXP_ATTEXP,-18587.39214370616
NI02PCTLIFE2022,PVFC_LIC_UNWIND,0.0
NI02PCTLIFE2022,PVFC_LIC_EXP_CLAIM_CF_CY,0.0
NI02PCTLIFE2022,PVFC_LIC_EXP_ATTEXP_CY,0.0
NI02PCTLIFE2022,PVFC_LIC_EXP_CLAIM_CF_PY,0.0
NI02PCTLIFE2022,PVFC_LIC_EXP_ATTEXP_PY,0.0
NI02PCTLIFE2022,RA_LRC_OP,2258.889801871099
NI02PCTLIFE2022,RA_LRC_NB_POS,0.0
NI02PCTLIFE2022,RA_LRC_UNWIND,-2148.8850539584664
NI02PCTLIFE2022,RA_LRC_RELEASE,-173242.60484561542
NI02PCTLIFE2022,RA_LRC_DEREC,0.0
NI02PCTLIFE2022,RA_LRC_TASSCHG,-3597.9994999745904
NI02PCTLIFE2022,RA_LRC_FASSCHG,139.2993703623447
NI02PCTLIFE2022,RA_LRC_CLO,-176591.30022731505
NI02PCTLIFE2022,RA_LIC_OP,0.0
NI02PCTLIFE2022,RA_LIC_UNWIND,0.0
NI02PCTLIFE2022,RA_LIC_INCLAIM,0.0
NI02PCTLIFE2022,RA_LIC_RELEASE_PY,0.0
NI02PCTLIFE2022,RA_LIC_DEREC,0.0
NI02PCTLIFE2022,RA_LIC_TASSCHG_PY,0.0
NI02PCTLIFE2022,RA_LIC_FASSCHG_PY,0.0
NI02PCTLIFE2022,RA_LIC_CLO,0.0
NI02PCTLIFE2022,ACQ_CF_LRC_UNWIND,0.0
NI02PCTLIFE2022,ACQ_CF_LRC_EXP_ACQ_CF,0.0
NI02PCTLIFE2022,CROSS_SUB_OP,0.0
NI02PCTLIFE2022,CROSS_SUB_EXP,0.0
NI02PCTLIFE2022,CROSS_SUB_NB,0.0
NI02PCTLIFE2022,CROSS_SUB_IF_NB_TECH,0.0
NI02PCTLIFE2022,CROSS_SUB_TASSCHG,0.0
NI02PCTLIFE2022,CROSS_SUB_FASSCHG,0.0
NI02PCTLIFE2022,CROSS_SUB_CLO,0.0
NI02PCTLIFE2022,CROSS_SUB_IF_NB_FIN,0.0
NI02PCTLIFE2022,RA_LIC_RELEASE_CY,0.0
NI02PCTLIFE2022,PVFC_LRC_EXP_PREM_CURR_CF,0.0
NI02PCTLIFE2022,PVFC_LRC_EXP_ACQ_CURR_CF,0.0
NI02PCTLIFE2022,RA_LIC_FEXPVAR_CY,0.0
NI02OCRLIFE2021,PVFC_LRC_UNWIND,0.0
NI02OCRLIFE2021,PVFC_LRC_EXP_PREM_FUT_CF,0.0
NI02OCRLIFE2021,PVFC_LRC_EXP_ACQ_FUT_CF,0.0
NI02OCRLIFE2021,PVFC_LRC_EXP_INCLAIM,-47551999.33535868
NI02OCRLIFE2021,PVFC_LRC_EXP_IC_PAYBL,0.0
NI02OCRLIFE2021,PVFC_LRC_EXP_ATTEXP,-8518400.040747557
NI02OCRLIFE2021,PVFC_LIC_UNWIND,0.0
NI02OCRLIFE2021,PVFC_LIC_EXP_CLAIM_CF_CY,0.0
NI02OCRLIFE2021,PVFC_LIC_EXP_ATTEXP_CY,0.0
NI02OCRLIFE2021,PVFC_LIC_EXP_CLAIM_CF_PY,0.0
NI02OCRLIFE2021,PVFC_LIC_EXP_ATTEXP_PY,0.0
NI02OCRLIFE2021,RA_LRC_OP,3483741.0893270066
NI02OCRLIFE2021,RA_LRC_NB_POS,0.0
NI02OCRLIFE2021,RA_LRC_UNWIND,-1782757.4380632453
NI02OCRLIFE2021,RA_LRC_RELEASE,-1157108.632033738
NI02OCRLIFE2021,RA_LRC_DEREC,0.0
NI02OCRLIFE2021,RA_LRC_TASSCHG,1530615.7246737997
NI02OCRLIFE2021,RA_LRC_FASSCHG,206050.698409596
NI02OCRLIFE2021,RA_LRC_CLO,2280541.4423134187
NI02OCRLIFE2021,RA_LIC_OP,0.0
NI02OCRLIFE2021,RA_LIC_UNWIND,0.0
NI02OCRLIFE2021,RA_LIC_INCLAIM,0.0
NI02OCRLIFE2021,RA_LIC_RELEASE_PY,0.0
NI02OCRLIFE2021,RA_LIC_DEREC,0.0
NI02OCRLIFE2021,RA_LIC_TASSCHG_PY,0.0
NI02OCRLIFE2021,RA_LIC_FASSCHG_PY,0.0
NI02OCRLIFE2021,RA_LIC_CLO,0.0
NI02OCRLIFE2021,ACQ_CF_LRC_UNWIND,0.0
NI02OCRLIFE2021,ACQ_CF_LRC_EXP_ACQ_CF,0.0
NI02OCRLIFE2021,CROSS_SUB_OP,0.0
NI02OCRLIFE2021,CROSS_SUB_EXP,0.0
NI02OCRLIFE2021,CROSS_SUB_NB,0.0
NI02OCRLIFE2021,CROSS_SUB_IF_NB_TECH,0.0
NI02OCRLIFE2021,CROSS_SUB_TASSCHG,0.0
NI02OCRLIFE2021,CROSS_SUB_FASSCHG,0.0
NI02OCRLIFE2021,CROSS_SUB_CLO,0.0
NI02OCRLIFE2021,CROSS_SUB_IF_NB_FIN,0.0
NI02OCRLIFE2021,RA_LIC_RELEASE_CY,0.0
NI02OCRLIFE2021,PVFC_LRC_EXP_PREM_CURR_CF,0.0
NI02OCRLIFE2021,PVFC_LRC_EXP_ACQ_CURR_CF,0.0
NI02OCRLIFE2021,RA_LIC_FEXPVAR_CY,0.0
NI02OCRLIFE2022,PVFC_LRC_UNWIND,0.0
NI02OCRLIFE2022,PVFC_LRC_EXP_PREM_FUT_CF,0.0
NI02OCRLIFE2022,PVFC_LRC_EXP_ACQ_FUT_CF,0.0
NI02OCRLIFE2022,PVFC_LRC_EXP_INCLAIM,-392083.9269581751
NI02OCRLIFE2022,PVFC_LRC_EXP_IC_PAYBL,0.0
NI02OCRLIFE2022,PVFC_LRC_EXP_ATTEXP,-503997.4424909226
NI02OCRLIFE2022,PVFC_LIC_UNWIND,0.0
NI02OCRLIFE2022,PVFC_LIC_EXP_CLAIM_CF_CY,0.0
NI02OCRLIFE2022,PVFC_LIC_EXP_ATTEXP_CY,0.0
NI02OCRLIFE2022,PVFC_LIC_EXP_CLAIM_CF_PY,0.0
NI02OCRLIFE2022,PVFC_LIC_EXP_ATTEXP_PY,0.0
NI02OCRLIFE2022,RA_LRC_OP,47493.72044974651
NI02OCRLIFE2022,RA_LRC_NB_POS,0.0
NI02OCRLIFE2022,RA_LRC_UNWIND,-30223.15494625057
NI02OCRLIFE2022,RA_LRC_RELEASE,-18635.311576735014
NI02OCRLIFE2022,RA_LRC_DEREC,0.0
NI02OCRLIFE2022,RA_LRC_TASSCHG,387590.01003276004
NI02OCRLIFE2022,RA_LRC_FASSCHG,2089.1981045761786
NI02OCRLIFE2022,RA_LRC_CLO,388314.46206409717
NI02OCRLIFE2022,RA_LIC_OP,0.0
NI02OCRLIFE2022,RA_LIC_UNWIND,0.0
NI02OCRLIFE2022,RA_LIC_INCLAIM,0.0
NI02OCRLIFE2022,RA_LIC_RELEASE_PY,0.0
NI02OCRLIFE2022,RA_LIC_DEREC,0.0
NI02OCRLIFE2022,RA_LIC_TASSCHG_PY,0.0
NI02OCRLIFE2022,RA_LIC_FASSCHG_PY,0.0
NI02OCRLIFE2022,RA_LIC_CLO,0.0
NI02OCRLIFE2022,ACQ_CF_LRC_UNWIND,0.0
NI02OCRLIFE2022,ACQ_CF_LRC_EXP_ACQ_CF,0.0
NI02OCRLIFE2022,CROSS_SUB_OP,0.0
NI02OCRLIFE2022,CROSS_SUB_EXP,0.0
NI02OCRLIFE2022,CROSS_SUB_NB,0.0
NI02OCRLIFE2022,CROSS_SUB_IF_NB_TECH,0.0
NI02OCRLIFE2022,CROSS_SUB_TASSCHG,0.0
NI02OCRLIFE2022,CROSS_SUB_FASSCHG,0.0
NI02OCRLIFE2022,CROSS_SUB_CLO,0.0
NI02OCRLIFE2022,CROSS_SUB_IF_NB_FIN,0.0
NI02OCRLIFE2022,RA_LIC_RELEASE_CY,0.0
NI02OCRLIFE2022,PVFC_LRC_EXP_PREM_CURR_CF,0.0
NI02OCRLIFE2022,PVFC_LRC_EXP_ACQ_CURR_CF,0.0
NI02OCRLIFE2022,RA_LIC_FEXPVAR_CY,0.0
NI02PCRLIFE2023,PVFC_LRC_UNWIND,0.0
NI02PCRLIFE2023,PVFC_LRC_EXP_PREM_FUT_CF,9215098.312988028
NI02PCRLIFE2023,PVFC_LRC_EXP_ACQ_FUT_CF,-1411778.4238562952
NI02PCRLIFE2023,PVFC_LRC_EXP_INCLAIM,-6106398.446762422
NI02PCRLIFE2023,PVFC_LRC_EXP_IC_PAYBL,0.0
NI02PCRLIFE2023,PVFC_LRC_EXP_ATTEXP,-968451.7143680746
NI02PCRLIFE2023,PVFC_LIC_UNWIND,0.0
NI02PCRLIFE2023,PVFC_LIC_EXP_CLAIM_CF_CY,0.0
NI02PCRLIFE2023,PVFC_LIC_EXP_ATTEXP_CY,0.0
NI02PCRLIFE2023,PVFC_LIC_EXP_CLAIM_CF_PY,0.0
NI02PCRLIFE2023,PVFC_LIC_EXP_ATTEXP_PY,0.0
NI02PCRLIFE2023,RA_LRC_OP,460698.46566904825
NI02PCRLIFE2023,RA_LRC_NB_POS,0.0
NI02PCRLIFE2023,RA_LRC_UNWIND,-230151.500581161
NI02PCRLIFE2023,RA_LRC_RELEASE,-142024.20046678718
NI02PCRLIFE2023,RA_LRC_DEREC,0.0
NI02PCRLIFE2023,RA_LRC_TASSCHG,3096652.051658095
NI02PCRLIFE2023,RA_LRC_FASSCHG,15219.650350824406
NI02PCRLIFE2023,RA_LRC_CLO,3200394.4666300192
NI02PCRLIFE2023,RA_LIC_OP,0.0
NI02PCRLIFE2023,RA_LIC_UNWIND,0.0
NI02PCRLIFE2023,RA_LIC_INCLAIM,0.0
NI02PCRLIFE2023,RA_LIC_RELEASE_PY,0.0
NI02PCRLIFE2023,RA_LIC_DEREC,0.0
NI02PCRLIFE2023,RA_LIC_TASSCHG_PY,0.0
NI02PCRLIFE2023,RA_LIC_FASSCHG_PY,0.0
NI02PCRLIFE2023,RA_LIC_CLO,0.0
NI02PCRLIFE2023,ACQ_CF_LRC_UNWIND,0.0
NI02PCRLIFE2023,ACQ_CF_LRC_EXP_ACQ_CF,0.0
NI02PCRLIFE2023,CROSS_SUB_OP,0.0
NI02PCRLIFE2023,CROSS_SUB_EXP,0.0
NI02PCRLIFE2023,CROSS_SUB_NB,0.0
NI02PCRLIFE2023,CROSS_SUB_IF_NB_TECH,0.0
NI02PCRLIFE2023,CROSS_SUB_TASSCHG,0.0
NI02PCRLIFE2023,CROSS_SUB_FASSCHG,0.0
NI02PCRLIFE2023,CROSS_SUB_CLO,0.0
NI02PCRLIFE2023,CROSS_SUB_IF_NB_FIN,0.0
NI02PCRLIFE2023,RA_LIC_RELEASE_CY,0.0
NI02PCRLIFE2023,PVFC_LRC_EXP_PREM_CURR_CF,0.0
NI02PCRLIFE2023,PVFC_LRC_EXP_ACQ_CURR_CF,0.0
NI02PCRLIFE2023,RA_LIC_FEXPVAR_CY,0.0
NI02OCRLIFE2024,PVFC_LRC_UNWIND,0.0
NI02OCRLIFE2024,PVFC_LRC_EXP_PREM_FUT_CF,55477998.60098193
NI02OCRLIFE2024,PVFC_LRC_EXP_ACQ_FUT_CF,5526124.282759389
NI02OCRLIFE2024,PVFC_LRC_EXP_INCLAIM,52732507.97866682
NI02OCRLIFE2024,PVFC_LRC_EXP_IC_PAYBL,0.0
NI02OCRLIFE2024,PVFC_LRC_EXP_ATTEXP,16503935.080052504
NI02OCRLIFE2024,PVFC_LIC_UNWIND,0.0
NI02OCRLIFE2024,PVFC_LIC_EXP_CLAIM_CF_CY,0.0
NI02OCRLIFE2024,PVFC_LIC_EXP_ATTEXP_CY,0.0
NI02OCRLIFE2024,PVFC_LIC_EXP_CLAIM_CF_PY,0.0
NI02OCRLIFE2024,PVFC_LIC_EXP_ATTEXP_PY,0.0
NI02OCRLIFE2024,RA_LRC_OP,3853303.9234019914
NI02OCRLIFE2024,RA_LRC_NB_POS,0.0
NI02OCRLIFE2024,RA_LRC_UNWIND,-1757421.3840542305
NI02OCRLIFE2024,RA_LRC_RELEASE,-2034387.7257164286
NI02OCRLIFE2024,RA_LRC_DEREC,0.0
NI02OCRLIFE2024,RA_LRC_TASSCHG,1317924.7575554317
NI02OCRLIFE2024,RA_LRC_FASSCHG,151242.67618151754
NI02OCRLIFE2024,RA_LRC_CLO,1530662.2473682815
NI02OCRLIFE2024,RA_LIC_OP,0.0
NI02OCRLIFE2024,RA_LIC_UNWIND,0.0
NI02OCRLIFE2024,RA_LIC_INCLAIM,0.0
NI02OCRLIFE2024,RA_LIC_RELEASE_PY,0.0
NI02OCRLIFE2024,RA_LIC_DEREC,0.0
NI02OCRLIFE2024,RA_LIC_TASSCHG_PY,0.0
NI02OCRLIFE2024,RA_LIC_FASSCHG_PY,0.0
NI02OCRLIFE2024,RA_LIC_CLO,0.0
NI02OCRLIFE2024,ACQ_CF_LRC_UNWIND,0.0
NI02OCRLIFE2024,ACQ_CF_LRC_EXP_ACQ_CF,0.0
NI02OCRLIFE2024,CROSS_SUB_OP,0.0
NI02OCRLIFE2024,CROSS_SUB_EXP,0.0
NI02OCRLIFE2024,CROSS_SUB_NB,0.0
NI02OCRLIFE2024,CROSS_SUB_IF_NB_TECH,0.0
NI02OCRLIFE2024,CROSS_SUB_TASSCHG,0.0
NI02OCRLIFE2024,CROSS_SUB_FASSCHG,0.0
NI02OCRLIFE2024,CROSS_SUB_CLO,0.0
NI02OCRLIFE2024,CROSS_SUB_IF_NB_FIN,0.0
NI02OCRLIFE2024,RA_LIC_RELEASE_CY,0.0
NI02OCRLIFE2024,PVFC_LRC_EXP_PREM_CURR_CF,0.0
NI02OCRLIFE2024,PVFC_LRC_EXP_ACQ_CURR_CF,0.0
NI02OCRLIFE2024,RA_LIC_FEXPVAR_CY,0.0
NI02OEDPLAN2021,PVFC_LRC_UNWIND,0.0
NI02OEDPLAN2021,PVFC_LRC_EXP_PREM_FUT_CF,3988380.344225716
NI02OEDPLAN2021,PVFC_LRC_EXP_ACQ_FUT_CF,-398838.0344225716
NI02OEDPLAN2021,PVFC_LRC_EXP_INCLAIM,-5103046.230628991
NI02OEDPLAN2021,PVFC_LRC_EXP_IC_PAYBL,0.0
NI02OEDPLAN2021,PVFC_LRC_EXP_ATTEXP,-80044.15615437382
NI02OEDPLAN2021,PVFC_LIC_UNWIND,0.0
NI02OEDPLAN2021,PVFC_LIC_EXP_CLAIM_CF_CY,0.0
NI02OEDPLAN2021,PVFC_LIC_EXP_ATTEXP_CY,0.0
NI02OEDPLAN2021,PVFC_LIC_EXP_CLAIM_CF_PY,0.0
NI02OEDPLAN2021,PVFC_LIC_EXP_ATTEXP_PY,0.0
NI02OEDPLAN2021,RA_LRC_OP,1778909.0167838938
NI02OEDPLAN2021,RA_LRC_NB_POS,0.0
NI02OEDPLAN2021,RA_LRC_UNWIND,14279.429479861166
NI02OEDPLAN2021,RA_LRC_RELEASE,-86633.70912017467
NI02OEDPLAN2021,RA_LRC_DEREC,0.0
NI02OEDPLAN2021,RA_LRC_TASSCHG,60999.112755473936
NI02OEDPLAN2021,RA_LRC_FASSCHG,402177.8013480657
NI02OEDPLAN2021,RA_LRC_CLO,2169731.65124712
NI02OEDPLAN2021,RA_LIC_OP,0.0
NI02OEDPLAN2021,RA_LIC_UNWIND,0.0
NI02OEDPLAN2021,RA_LIC_INCLAIM,0.0
NI02OEDPLAN2021,RA_LIC_RELEASE_PY,0.0
NI02OEDPLAN2021,RA_LIC_DEREC,0.0
NI02OEDPLAN2021,RA_LIC_TASSCHG_PY,0.0
NI02OEDPLAN2021,RA_LIC_FASSCHG_PY,0.0
NI02OEDPLAN2021,RA_LIC_CLO,0.0
NI02OEDPLAN2021,ACQ_CF_LRC_UNWIND,0.0
NI02OEDPLAN2021,ACQ_CF_LRC_EXP_ACQ_CF,0.0
NI02OEDPLAN2021,CROSS_SUB_OP,0.0
NI02OEDPLAN2021,CROSS_SUB_EXP,0.0
NI02OEDPLAN2021,CROSS_SUB_NB,0.0
NI02OEDPLAN2021,CROSS_SUB_IF_NB_TECH,0.0
NI02OEDPLAN2021,CROSS_SUB_TASSCHG,0.0
NI02OEDPLAN2021,CROSS_SUB_FASSCHG,0.0
NI02OEDPLAN2021,CROSS_SUB_CLO,0.0
NI02OEDPLAN2021,CROSS_SUB_IF_NB_FIN,0.0
NI02OEDPLAN2021,RA_LIC_RELEASE_CY,0.0
NI02OEDPLAN2021,PVFC_LRC_EXP_PREM_CURR_CF,0.0
NI02OEDPLAN2021,PVFC_LRC_EXP_ACQ_CURR_CF,0.0
NI02OEDPLAN2021,RA_LIC_FEXPVAR_CY,0.0
NI02PEDPLAN2022,PVFC_LRC_UNWIND,0.0
NI02PEDPLAN2022,PVFC_LRC_EXP_PREM_FUT_CF,0.0
NI02PEDPLAN2022,PVFC_LRC_EXP_ACQ_FUT_CF,0.0
NI02PEDPLAN2022,PVFC_LRC_EXP_INCLAIM,0.0
NI02PEDPLAN2022,PVFC_LRC_EXP_IC_PAYBL,0.0
NI02PEDPLAN2022,PVFC_LRC_EXP_ATTEXP,0.0
NI02PEDPLAN2022,PVFC_LIC_UNWIND,0.0
NI02PEDPLAN2022,PVFC_LIC_EXP_CLAIM_CF_CY,0.0
NI02PEDPLAN2022,PVFC_LIC_EXP_ATTEXP_CY,0.0
NI02PEDPLAN2022,PVFC_LIC_EXP_CLAIM_CF_PY,0.0
NI02PEDPLAN2022,PVFC_LIC_EXP_ATTEXP_PY,0.0
NI02PEDPLAN2022,RA_LRC_OP,0.0
NI02PEDPLAN2022,RA_LRC_NB_POS,0.0
NI02PEDPLAN2022,RA_LRC_UNWIND,0.0
NI02PEDPLAN2022,RA_LRC_RELEASE,0.0
NI02PEDPLAN2022,RA_LRC_DEREC,0.0
NI02PEDPLAN2022,RA_LRC_TASSCHG,0.0
NI02PEDPLAN2022,RA_LRC_FASSCHG,0.0
NI02PEDPLAN2022,RA_LRC_CLO,0.0
NI02PEDPLAN2022,RA_LIC_OP,0.0
NI02PEDPLAN2022,RA_LIC_UNWIND,0.0
NI02PEDPLAN2022,RA_LIC_INCLAIM,0.0
NI02PEDPLAN2022,RA_LIC_RELEASE_PY,0.0
NI02PEDPLAN2022,RA_LIC_DEREC,0.0
NI02PEDPLAN2022,RA_LIC_TASSCHG_PY,0.0
NI02PEDPLAN2022,RA_LIC_FASSCHG_PY,0.0
NI02PEDPLAN2022,RA_LIC_CLO,0.0
NI02PEDPLAN2022,ACQ_CF_LRC_UNWIND,0.0
NI02PEDPLAN2022,ACQ_CF_LRC_EXP_ACQ_CF,0.0
NI02PEDPLAN2022,CROSS_SUB_OP,0.0
NI02PEDPLAN2022,CROSS_SUB_EXP,0.0
NI02PEDPLAN2022,CROSS_SUB_NB,0.0
NI02PEDPLAN2022,CROSS_SUB_IF_NB_TECH,0.0
NI02PEDPLAN2022,CROSS_SUB_TASSCHG,0.0
NI02PEDPLAN2022,CROSS_SUB_FASSCHG,0.0
NI02PEDPLAN2022,CROSS_SUB_CLO,0.0
NI02PEDPLAN2022,CROSS_SUB_IF_NB_FIN,0.0
NI02PEDPLAN2022,RA_LIC_RELEASE_CY,0.0
NI02PEDPLAN2022,PVFC_LRC_EXP_PREM_CURR_CF,0.0
NI02PEDPLAN2022,PVFC_LRC_EXP_ACQ_CURR_CF,0.0
NI02PEDPLAN2022,RA_LIC_FEXPVAR_CY,0.0
NI02OEDPLAN2022,PVFC_LRC_UNWIND,0.0
NI02OEDPLAN2022,PVFC_LRC_EXP_PREM_FUT_CF,0.0
NI02OEDPLAN2022,PVFC_LRC_EXP_ACQ_FUT_CF,0.0
NI02OEDPLAN2022,PVFC_LRC_EXP_INCLAIM,0.0
NI02OEDPLAN2022,PVFC_LRC_EXP_IC_PAYBL,0.0
NI02OEDPLAN2022,PVFC_LRC_EXP_ATTEXP,0.0
NI02OEDPLAN2022,PVFC_LIC_UNWIND,0.0
NI02OEDPLAN2022,PVFC_LIC_EXP_CLAIM_CF_CY,0.0
NI02OEDPLAN2022,PVFC_LIC_EXP_ATTEXP_CY,0.0
NI02OEDPLAN2022,PVFC_LIC_EXP_CLAIM_CF_PY,0.0
NI02OEDPLAN2022,PVFC_LIC_EXP_ATTEXP_PY,0.0
NI02OEDPLAN2022,RA_LRC_OP,0.0
NI02OEDPLAN2022,RA_LRC_NB_POS,0.0
NI02OEDPLAN2022,RA_LRC_UNWIND,0.0
NI02OEDPLAN2022,RA_LRC_RELEASE,0.0
NI02OEDPLAN2022,RA_LRC_DEREC,0.0
NI02OEDPLAN2022,RA_LRC_TASSCHG,0.0
NI02OEDPLAN2022,RA_LRC_FASSCHG,0.0
NI02OEDPLAN2022,RA_LRC_CLO,0.0
NI02OEDPLAN2022,RA_LIC_OP,0.0
NI02OEDPLAN2022,RA_LIC_UNWIND,0.0
NI02OEDPLAN2022,RA_LIC_INCLAIM,0.0
NI02OEDPLAN2022,RA_LIC_RELEASE_PY,0.0
NI02OEDPLAN2022,RA_LIC_DEREC,0.0
NI02OEDPLAN2022,RA_LIC_TASSCHG_PY,0.0
NI02OEDPLAN2022,RA_LIC_FASSCHG_PY,0.0
NI02OEDPLAN2022,RA_LIC_CLO,0.0
NI02OEDPLAN2022,ACQ_CF_LRC_UNWIND,0.0
NI02OEDPLAN2022,ACQ_CF_LRC_EXP_ACQ_CF,0.0
NI02OEDPLAN2022,CROSS_SUB_OP,0.0
NI02OEDPLAN2022,CROSS_SUB_EXP,0.0
NI02OEDPLAN2022,CROSS_SUB_NB,0.0
NI02OEDPLAN2022,CROSS_SUB_IF_NB_TECH,0.0
NI02OEDPLAN2022,CROSS_SUB_TASSCHG,0.0
NI02OEDPLAN2022,CROSS_SUB_FASSCHG,0.0
NI02OEDPLAN2022,CROSS_SUB_CLO,0.0
NI02OEDPLAN2022,CROSS_SUB_IF_NB_FIN,0.0
NI02OEDPLAN2022,RA_LIC_RELEASE_CY,0.0
NI02OEDPLAN2022,PVFC_LRC_EXP_PREM_CURR_CF,0.0
NI02OEDPLAN2022,PVFC_LRC_EXP_ACQ_CURR_CF,0.0
NI02OEDPLAN2022,RA_LIC_FEXPVAR_CY,0.0
NI02OEDPLAN2023,PVFC_LRC_UNWIND,0.0
NI02OEDPLAN2023,PVFC_LRC_EXP_PREM_FUT_CF,0.0
NI02OEDPLAN2023,PVFC_LRC_EXP_ACQ_FUT_CF,0.0
NI02OEDPLAN2023,PVFC_LRC_EXP_INCLAIM,-91660726.903141
NI02OEDPLAN2023,PVFC_LRC_EXP_IC_PAYBL,0.0
NI02OEDPLAN2023,PVFC_LRC_EXP_ATTEXP,-31496.079398865946
NI02OEDPLAN2023,PVFC_LIC_UNWIND,0.0
NI02OEDPLAN2023,PVFC_LIC_EXP_CLAIM_CF_CY,0.0
NI02OEDPLAN2023,PVFC_LIC_EXP_ATTEXP_CY,0.0
NI02OEDPLAN2023,PVFC_LIC_EXP_CLAIM_CF_PY,0.0
NI02OEDPLAN2023,PVFC_LIC_EXP_ATTEXP_PY,0.0
NI02OEDPLAN2023,RA_LRC_OP,5756534.720674615
NI02OEDPLAN2023,RA_LRC_NB_POS,0.0
NI02OEDPLAN2023,RA_LRC_UNWIND,-3850947.9210517984
NI02OEDPLAN2023,RA_LRC_RELEASE,-2050743.1414855989
NI02OEDPLAN2023,RA_LRC_DEREC,0.0
NI02OEDPLAN2023,RA_LRC_TASSCHG,3433745.9659684924
NI02OEDPLAN2023,RA_LRC_FASSCHG,145156.3418627819
NI02OEDPLAN2023,RA_LRC_CLO,3433745.9659684924
NI02OEDPLAN2023,RA_LIC_OP,0.0
NI02OEDPLAN2023,RA_LIC_UNWIND,0.0
NI02OEDPLAN2023,RA_LIC_INCLAIM,0.0
NI02OEDPLAN2023,RA_LIC_RELEASE_PY,0.0
NI02OEDPLAN2023,RA_LIC_DEREC,0.0
NI02OEDPLAN2023,RA_LIC_TASSCHG_PY,0.0
NI02OEDPLAN2023,RA_LIC_FASSCHG_PY,0.0
NI02OEDPLAN2023,RA_LIC_CLO,0.0
NI02OEDPLAN2023,ACQ_CF_LRC_UNWIND,0.0
NI02OEDPLAN2023,ACQ_CF_LRC_EXP_ACQ_CF,0.0
NI02OEDPLAN2023,CROSS_SUB_OP,0.0
NI02OEDPLAN2023,CROSS_SUB_EXP,0.0
NI02OEDPLAN2023,CROSS_SUB_NB,0.0
NI02OEDPLAN2023,CROSS_SUB_IF_NB_TECH,0.0
NI02OEDPLAN2023,CROSS_SUB_TASSCHG,0.0
NI02OEDPLAN2023,CROSS_SUB_FASSCHG,0.0
NI02OEDPLAN2023,CROSS_SUB_CLO,0.0
NI02OEDPLAN2023,CROSS_SUB_IF_NB_FIN,0.0
NI02OEDPLAN2023,RA_LIC_RELEASE_CY,0.0
NI02OEDPLAN2023,PVFC_LRC_EXP_PREM_CURR_CF,0.0
NI02OEDPLAN2023,PVFC_LRC_EXP_ACQ_CURR_CF,0.0
NI02OEDPLAN2023,RA_LIC_FEXPVAR_CY,0.0
NI02OEDPLAN2024,PVFC_LRC_UNWIND,0.0
NI02OEDPLAN2024,PVFC_LRC_EXP_PREM_FUT_CF,2622500.0
NI02OEDPLAN2024,PVFC_LRC_EXP_ACQ_FUT_CF,-262250.0
NI02OEDPLAN2024,PVFC_LRC_EXP_INCLAIM,-1730908.5859556575
NI02OEDPLAN2024,PVFC_LRC_EXP_IC_PAYBL,0.0
NI02OEDPLAN2024,PVFC_LRC_EXP_ATTEXP,-1071713.143598534
NI02OEDPLAN2024,PVFC_LIC_UNWIND,0.0
NI02OEDPLAN2024,PVFC_LIC_EXP_CLAIM_CF_CY,0.0
NI02OEDPLAN2024,PVFC_LIC_EXP_ATTEXP_CY,0.0
NI02OEDPLAN2024,PVFC_LIC_EXP_CLAIM_CF_PY,0.0
NI02OEDPLAN2024,PVFC_LIC_EXP_ATTEXP_PY,0.0
NI02OEDPLAN2024,RA_LRC_OP,184910.31579987996
NI02OEDPLAN2024,RA_LRC_NB_POS,0.0
NI02OEDPLAN2024,RA_LRC_UNWIND,-87399.39295772568
NI02OEDPLAN2024,RA_LRC_RELEASE,-95596.65668825262
NI02OEDPLAN2024,RA_LRC_DEREC,0.0
NI02OEDPLAN2024,RA_LRC_TASSCHG,81779.96283140186
NI02OEDPLAN2024,RA_LRC_FASSCHG,8411.929259407741
NI02OEDPLAN2024,RA_LRC_CLO,92106.15824471126
NI02OEDPLAN2024,RA_LIC_OP,0.0
NI02OEDPLAN2024,RA_LIC_UNWIND,0.0
NI02OEDPLAN2024,RA_LIC_INCLAIM,0.0
NI02OEDPLAN2024,RA_LIC_RELEASE_PY,0.0
NI02OEDPLAN2024,RA_LIC_DEREC,0.0
NI02OEDPLAN2024,RA_LIC_TASSCHG_PY,0.0
NI02OEDPLAN2024,RA_LIC_FASSCHG_PY,0.0
NI02OEDPLAN2024,RA_LIC_CLO,0.0
NI02OEDPLAN2024,ACQ_CF_LRC_UNWIND,0.0
NI02OEDPLAN2024,ACQ_CF_LRC_EXP_ACQ_CF,0.0
NI02OEDPLAN2024,CROSS_SUB_OP,0.0
NI02OEDPLAN2024,CROSS_SUB_EXP,0.0
NI02OEDPLAN2024,CROSS_SUB_NB,0.0
NI02OEDPLAN2024,CROSS_SUB_IF_NB_TECH,0.0
NI02OEDPLAN2024,CROSS_SUB_TASSCHG,0.0
NI02OEDPLAN2024,CROSS_SUB_FASSCHG,0.0
NI02OEDPLAN2024,CROSS_SUB_CLO,0.0
NI02OEDPLAN2024,CROSS_SUB_IF_NB_FIN,0.0
NI02OEDPLAN2024,RA_LIC_RELEASE_CY,0.0
NI02OEDPLAN2024,PVFC_LRC_EXP_PREM_CURR_CF,0.0
NI02OEDPLAN2024,PVFC_LRC_EXP_ACQ_CURR_CF,0.0
NI02OEDPLAN2024,RA_LIC_FEXPVAR_CY,0.0
NI02PEDUPOL2021,PVFC_LRC_UNWIND,0.0
NI02PEDUPOL2021,PVFC_LRC_EXP_PREM_FUT_CF,38753742.71114461
NI02PEDUPOL2021,PVFC_LRC_EXP_ACQ_FUT_CF,-3875374.2711144625
NI02PEDUPOL2021,PVFC_LRC_EXP_INCLAIM,-22345185.66567951
NI02PEDUPOL2021,PVFC_LRC_EXP_IC_PAYBL,0.0
NI02PEDUPOL2021,PVFC_LRC_EXP_ATTEXP,-18191900.250944383
NI02PEDUPOL2021,PVFC_LIC_UNWIND,0.0
NI02PEDUPOL2021,PVFC_LIC_EXP_CLAIM_CF_CY,0.0
NI02PEDUPOL2021,PVFC_LIC_EXP_ATTEXP_CY,0.0
NI02PEDUPOL2021,PVFC_LIC_EXP_CLAIM_CF_PY,0.0
NI02PEDUPOL2021,PVFC_LIC_EXP_ATTEXP_PY,0.0
NI02PEDUPOL2021,RA_LRC_OP,5779815.979845919
NI02PEDUPOL2021,RA_LRC_NB_POS,0.0
NI02PEDUPOL2021,RA_LRC_UNWIND,-776332.1686653057
NI02PEDUPOL2021,RA_LRC_RELEASE,-584418.3607454979
NI02PEDUPOL2021,RA_LRC_DEREC,0.0
NI02PEDUPOL2021,RA_LRC_TASSCHG,-5155355.690759286
NI02PEDUPOL2021,RA_LRC_FASSCHG,748969.8500689716
NI02PEDUPOL2021,RA_LRC_CLO,12679.609744800371
NI02PEDUPOL2021,RA_LIC_OP,0.0
NI02PEDUPOL2021,RA_LIC_UNWIND,0.0
NI02PEDUPOL2021,RA_LIC_INCLAIM,0.0
NI02PEDUPOL2021,RA_LIC_RELEASE_PY,0.0
NI02PEDUPOL2021,RA_LIC_DEREC,0.0
NI02PEDUPOL2021,RA_LIC_TASSCHG_PY,0.0
NI02PEDUPOL2021,RA_LIC_FASSCHG_PY,0.0
NI02PEDUPOL2021,RA_LIC_CLO,0.0
NI02PEDUPOL2021,ACQ_CF_LRC_UNWIND,0.0
NI02PEDUPOL2021,ACQ_CF_LRC_EXP_ACQ_CF,0.0
NI02PEDUPOL2021,CROSS_SUB_OP,0.0
NI02PEDUPOL2021,CROSS_SUB_EXP,0.0
NI02PEDUPOL2021,CROSS_SUB_NB,0.0
NI02PEDUPOL2021,CROSS_SUB_IF_NB_TECH,0.0
NI02PEDUPOL2021,CROSS_SUB_TASSCHG,0.0
NI02PEDUPOL2021,CROSS_SUB_FASSCHG,0.0
NI02PEDUPOL2021,CROSS_SUB_CLO,0.0
NI02PEDUPOL2021,CROSS_SUB_IF_NB_FIN,0.0
NI02PEDUPOL2021,RA_LIC_RELEASE_CY,0.0
NI02PEDUPOL2021,PVFC_LRC_EXP_PREM_CURR_CF,0.0
NI02PEDUPOL2021,PVFC_LRC_EXP_ACQ_CURR_CF,0.0
NI02PEDUPOL2021,RA_LIC_FEXPVAR_CY,0.0
NI02OEDUPOL2022,PVFC_LRC_UNWIND,0.0
NI02OEDUPOL2022,PVFC_LRC_EXP_PREM_FUT_CF,143470.303027418
NI02OEDUPOL2022,PVFC_LRC_EXP_ACQ_FUT_CF,-14347.0303027418
NI02OEDUPOL2022,PVFC_LRC_EXP_INCLAIM,-63609.579990410086
NI02OEDUPOL2022,PVFC_LRC_EXP_IC_PAYBL,0.0
NI02OEDUPOL2022,PVFC_LRC_EXP_ATTEXP,-434498.02132010023
NI02OEDUPOL2022,PVFC_LIC_UNWIND,0.0
NI02OEDUPOL2022,PVFC_LIC_EXP_CLAIM_CF_CY,0.0
NI02OEDUPOL2022,PVFC_LIC_EXP_ATTEXP_CY,0.0
NI02OEDUPOL2022,PVFC_LIC_EXP_CLAIM_CF_PY,0.0
NI02OEDUPOL2022,PVFC_LIC_EXP_ATTEXP_PY,0.0
NI02OEDUPOL2022,RA_LRC_OP,86924.76037680515
NI02OEDUPOL2022,RA_LRC_NB_POS,0.0
NI02OEDUPOL2022,RA_LRC_UNWIND,-10098.73966119792
NI02OEDUPOL2022,RA_LRC_RELEASE,-6482.619460971895
NI02OEDUPOL2022,RA_LRC_DEREC,0.0
NI02OEDUPOL2022,RA_LRC_TASSCHG,-82722.32636726274
NI02OEDUPOL2022,RA_LRC_FASSCHG,14156.680468258433
NI02OEDUPOL2022,RA_LRC_CLO,1777.7553556310304
NI02OEDUPOL2022,RA_LIC_OP,0.0
NI02OEDUPOL2022,RA_LIC_UNWIND,0.0
NI02OEDUPOL2022,RA_LIC_INCLAIM,0.0
NI02OEDUPOL2022,RA_LIC_RELEASE_PY,0.0
NI02OEDUPOL2022,RA_LIC_DEREC,0.0
NI02OEDUPOL2022,RA_LIC_TASSCHG_PY,0.0
NI02OEDUPOL2022,RA_LIC_FASSCHG_PY,0.0
NI02OEDUPOL2022,RA_LIC_CLO,0.0
NI02OEDUPOL2022,ACQ_CF_LRC_UNWIND,0.0
NI02OEDUPOL2022,ACQ_CF_LRC_EXP_ACQ_CF,0.0
NI02OEDUPOL2022,CROSS_SUB_OP,0.0
NI02OEDUPOL2022,CROSS_SUB_EXP,0.0
NI02OEDUPOL2022,CROSS_SUB_NB,0.0
NI02OEDUPOL2022,CROSS_SUB_IF_NB_TECH,0.0
NI02OEDUPOL2022,CROSS_SUB_TASSCHG,0.0
NI02OEDUPOL2022,CROSS_SUB_FASSCHG,0.0
NI02OEDUPOL2022,CROSS_SUB_CLO,0.0
NI02OEDUPOL2022,CROSS_SUB_IF_NB_FIN,0.0
NI02OEDUPOL2022,RA_LIC_RELEASE_CY,0.0
NI02OEDUPOL2022,PVFC_LRC_EXP_PREM_CURR_CF,0.0
NI02OEDUPOL2022,PVFC_LRC_EXP_ACQ_CURR_CF,0.0
NI02OEDUPOL2022,RA_LIC_FEXPVAR_CY,0.0
NI02PEDUPOL2022,PVFC_LRC_UNWIND,0.0
NI02PEDUPOL2022,PVFC_LRC_EXP_PREM_FUT_CF,4072526.190801503
NI02PEDUPOL2022,PVFC_LRC_EXP_ACQ_FUT_CF,-407252.6190801503
NI02PEDUPOL2022,PVFC_LRC_EXP_INCLAIM,-1931209.4189382913
NI02PEDUPOL2022,PVFC_LRC_EXP_IC_PAYBL,0.0
NI02PEDUPOL2022,PVFC_LRC_EXP_ATTEXP,-1417103.0921781005
NI02PEDUPOL2022,PVFC_LIC_UNWIND,0.0
NI02PEDUPOL2022,PVFC_LIC_EXP_CLAIM_CF_CY,0.0
NI02PEDUPOL2022,PVFC_LIC_EXP_ATTEXP_CY,0.0
NI02PEDUPOL2022,PVFC_LIC_EXP_CLAIM_CF_PY,0.0
NI02PEDUPOL2022,PVFC_LIC_EXP_ATTEXP_PY,0.0
NI02PEDUPOL2022,RA_LRC_OP,688859.8526787794
NI02PEDUPOL2022,RA_LRC_NB_POS,0.0
NI02PEDUPOL2022,RA_LRC_UNWIND,-65364.5415685639
NI02PEDUPOL2022,RA_LRC_RELEASE,-597692.4926756761
NI02PEDUPOL2022,RA_LRC_DEREC,0.0
NI02PEDUPOL2022,RA_LRC_TASSCHG,-726170.3677865815
NI02PEDUPOL2022,RA_LRC_FASSCHG,131971.12741380825
NI02PEDUPOL2022,RA_LRC_CLO,-568396.4219382339
NI02PEDUPOL2022,RA_LIC_OP,0.0
NI02PEDUPOL2022,RA_LIC_UNWIND,0.0
NI02PEDUPOL2022,RA_LIC_INCLAIM,0.0
NI02PEDUPOL2022,RA_LIC_RELEASE_PY,0.0
NI02PEDUPOL2022,RA_LIC_DEREC,0.0
NI02PEDUPOL2022,RA_LIC_TASSCHG_PY,0.0
NI02PEDUPOL2022,RA_LIC_FASSCHG_PY,0.0
NI02PEDUPOL2022,RA_LIC_CLO,0.0
NI02PEDUPOL2022,ACQ_CF_LRC_UNWIND,0.0
NI02PEDUPOL2022,ACQ_CF_LRC_EXP_ACQ_CF,0.0
NI02PEDUPOL2022,CROSS_SUB_OP,0.0
NI02PEDUPOL2022,CROSS_SUB_EXP,0.0
NI02PEDUPOL2022,CROSS_SUB_NB,0.0
NI02PEDUPOL2022,CROSS_SUB_IF_NB_TECH,0.0
NI02PEDUPOL2022,CROSS_SUB_TASSCHG,0.0
NI02PEDUPOL2022,CROSS_SUB_FASSCHG,0.0
NI02PEDUPOL2022,CROSS_SUB_CLO,0.0
NI02PEDUPOL2022,CROSS_SUB_IF_NB_FIN,0.0
NI02PEDUPOL2022,RA_LIC_RELEASE_CY,0.0
NI02PEDUPOL2022,PVFC_LRC_EXP_PREM_CURR_CF,0.0
NI02PEDUPOL2022,PVFC_LRC_EXP_ACQ_CURR_CF,0.0
NI02PEDUPOL2022,RA_LIC_FEXPVAR_CY,0.0
NI02OEDUPOL2023,PVFC_LRC_UNWIND,0.0
NI02OEDUPOL2023,PVFC_LRC_EXP_PREM_FUT_CF,3507933.9603462243
NI02OEDUPOL2023,PVFC_LRC_EXP_ACQ_FUT_CF,-492393.76560869074
NI02OEDUPOL2023,PVFC_LRC_EXP_INCLAIM,-1566093.902469387
NI02OEDUPOL2023,PVFC_LRC_EXP_IC_PAYBL,0.0
NI02OEDUPOL2023,PVFC_LRC_EXP_ATTEXP,-1589254.3340133769
NI02OEDUPOL2023,PVFC_LIC_UNWIND,0.0
NI02OEDUPOL2023,PVFC_LIC_EXP_CLAIM_CF_CY,0.0
NI02OEDUPOL2023,PVFC_LIC_EXP_ATTEXP_CY,0.0
NI02OEDUPOL2023,PVFC_LIC_EXP_CLAIM_CF_PY,0.0
NI02OEDUPOL2023,PVFC_LIC_EXP_ATTEXP_PY,0.0
NI02OEDUPOL2023,RA_LRC_OP,651365.137989092
NI02OEDUPOL2023,RA_LRC_NB_POS,0.0
NI02OEDUPOL2023,RA_LRC_UNWIND,-40960.30649553472
NI02OEDUPOL2023,RA_LRC_RELEASE,-41957.28223310008
NI02OEDUPOL2023,RA_LRC_DEREC,0.0
NI02OEDUPOL2023,RA_LRC_TASSCHG,-661699.2755329884
NI02OEDUPOL2023,RA_LRC_FASSCHG,94679.40210893226
NI02OEDUPOL2023,RA_LRC_CLO,1427.6758364011766
NI02OEDUPOL2023,RA_LIC_OP,0.0
NI02OEDUPOL2023,RA_LIC_UNWIND,0.0
NI02OEDUPOL2023,RA_LIC_INCLAIM,0.0
NI02OEDUPOL2023,RA_LIC_RELEASE_PY,0.0
NI02OEDUPOL2023,RA_LIC_DEREC,0.0
NI02OEDUPOL2023,RA_LIC_TASSCHG_PY,0.0
NI02OEDUPOL2023,RA_LIC_FASSCHG_PY,0.0
NI02OEDUPOL2023,RA_LIC_CLO,0.0
NI02OEDUPOL2023,ACQ_CF_LRC_UNWIND,0.0
NI02OEDUPOL2023,ACQ_CF_LRC_EXP_ACQ_CF,0.0
NI02OEDUPOL2023,CROSS_SUB_OP,0.0
NI02OEDUPOL2023,CROSS_SUB_EXP,0.0
NI02OEDUPOL2023,CROSS_SUB_NB,0.0
NI02OEDUPOL2023,CROSS_SUB_IF_NB_TECH,0.0
NI02OEDUPOL2023,CROSS_SUB_TASSCHG,0.0
NI02OEDUPOL2023,CROSS_SUB_FASSCHG,0.0
NI02OEDUPOL2023,CROSS_SUB_CLO,0.0
NI02OEDUPOL2023,CROSS_SUB_IF_NB_FIN,0.0
NI02OEDUPOL2023,RA_LIC_RELEASE_CY,0.0
NI02OEDUPOL2023,PVFC_LRC_EXP_PREM_CURR_CF,0.0
NI02OEDUPOL2023,PVFC_LRC_EXP_ACQ_CURR_CF,0.0
NI02OEDUPOL2023,RA_LIC_FEXPVAR_CY,0.0
NI02OEDUPOL2024,PVFC_LRC_UNWIND,0.0
NI02OEDUPOL2024,PVFC_LRC_EXP_PREM_FUT_CF,783758.7306848781
NI02OEDUPOL2024,PVFC_LRC_EXP_ACQ_FUT_CF,-117563.80960273171
NI02OEDUPOL2024,PVFC_LRC_EXP_INCLAIM,-309505.70921185444
NI02OEDUPOL2024,PVFC_LRC_EXP_IC_PAYBL,0.0
NI02OEDUPOL2024,PVFC_LRC_EXP_ATTEXP,-530865.9720577599
NI02OEDUPOL2024,PVFC_LIC_UNWIND,0.0
NI02OEDUPOL2024,PVFC_LIC_EXP_CLAIM_CF_CY,0.0
NI02OEDUPOL2024,PVFC_LIC_EXP_ATTEXP_CY,0.0
NI02OEDUPOL2024,PVFC_LIC_EXP_CLAIM_CF_PY,0.0
NI02OEDUPOL2024,PVFC_LIC_EXP_ATTEXP_PY,0.0
NI02OEDUPOL2024,RA_LRC_OP,178735.9212400395
NI02OEDUPOL2024,RA_LRC_NB_POS,0.0
NI02OEDUPOL2024,RA_LRC_UNWIND,-11619.554310951295
NI02OEDUPOL2024,RA_LRC_RELEASE,-11500.173547948552
NI02OEDUPOL2024,RA_LRC_DEREC,0.0
NI02OEDUPOL2024,RA_LRC_TASSCHG,-186560.5298929706
NI02OEDUPOL2024,RA_LRC_FASSCHG,31350.691222719644
NI02OEDUPOL2024,RA_LRC_CLO,406.3547108886705
NI02OEDUPOL2024,RA_LIC_OP,0.0
NI02OEDUPOL2024,RA_LIC_UNWIND,0.0
NI02OEDUPOL2024,RA_LIC_INCLAIM,0.0
NI02OEDUPOL2024,RA_LIC_RELEASE_PY,0.0
NI02OEDUPOL2024,RA_LIC_DEREC,0.0
NI02OEDUPOL2024,RA_LIC_TASSCHG_PY,0.0
NI02OEDUPOL2024,RA_LIC_FASSCHG_PY,0.0
NI02OEDUPOL2024,RA_LIC_CLO,0.0
NI02OEDUPOL2024,ACQ_CF_LRC_UNWIND,0.0
NI02OEDUPOL2024,ACQ_CF_LRC_EXP_ACQ_CF,0.0
NI02OEDUPOL2024,CROSS_SUB_OP,0.0
NI02OEDUPOL2024,CROSS_SUB_EXP,0.0
NI02OEDUPOL2024,CROSS_SUB_NB,0.0
NI02OEDUPOL2024,CROSS_SUB_IF_NB_TECH,0.0
NI02OEDUPOL2024,CROSS_SUB_TASSCHG,0.0
NI02OEDUPOL2024,CROSS_SUB_FASSCHG,0.0
NI02OEDUPOL2024,CROSS_SUB_CLO,0.0
NI02OEDUPOL2024,CROSS_SUB_IF_NB_FIN,0.0
NI02OEDUPOL2024,RA_LIC_RELEASE_CY,0.0
NI02OEDUPOL2024,PVFC_LRC_EXP_PREM_CURR_CF,0.0
NI02OEDUPOL2024,PVFC_LRC_EXP_ACQ_CURR_CF,0.0
NI02OEDUPOL2024,RA_LIC_FEXPVAR_CY,0.0
NI02PEIPLAN2021,PVFC_LRC_UNWIND,0.0
NI02PEIPLAN2021,PVFC_LRC_EXP_PREM_FUT_CF,84649.10591540659
NI02PEIPLAN2021,PVFC_LRC_EXP_ACQ_FUT_CF,-8464.910591540662
NI02PEIPLAN2021,PVFC_LRC_EXP_INCLAIM,-8462.095405725391
NI02PEIPLAN2021,PVFC_LRC_EXP_IC_PAYBL,0.0
NI02PEIPLAN2021,PVFC_LRC_EXP_ATTEXP,-37627.41783620768
NI02PEIPLAN2021,PVFC_LIC_UNWIND,0.0
NI02PEIPLAN2021,PVFC_LIC_EXP_CLAIM_CF_CY,0.0
NI02PEIPLAN2021,PVFC_LIC_EXP_ATTEXP_CY,0.0
NI02PEIPLAN2021,PVFC_LIC_EXP_CLAIM_CF_PY,0.0
NI02PEIPLAN2021,PVFC_LIC_EXP_ATTEXP_PY,0.0
NI02PEIPLAN2021,RA_LRC_OP,9279.002864290944
NI02PEIPLAN2021,RA_LRC_NB_POS,0.0
NI02PEIPLAN2021,RA_LRC_UNWIND,-1160.0421280198152
NI02PEIPLAN2021,RA_LRC_RELEASE,-842.3171326616439
NI02PEIPLAN2021,RA_LRC_DEREC,0.0
NI02PEIPLAN2021,RA_LRC_TASSCHG,-4667.71870609717
NI02PEIPLAN2021,RA_LRC_FASSCHG,1470.7459830443381
NI02PEIPLAN2021,RA_LRC_CLO,4079.6708805566527
NI02PEIPLAN2021,RA_LIC_OP,0.0
NI02PEIPLAN2021,RA_LIC_UNWIND,0.0
NI02PEIPLAN2021,RA_LIC_INCLAIM,0.0
NI02PEIPLAN2021,RA_LIC_RELEASE_PY,0.0
NI02PEIPLAN2021,RA_LIC_DEREC,0.0
NI02PEIPLAN2021,RA_LIC_TASSCHG_PY,0.0
NI02PEIPLAN2021,RA_LIC_FASSCHG_PY,0.0
NI02PEIPLAN2021,RA_LIC_CLO,0.0
NI02PEIPLAN2021,ACQ_CF_LRC_UNWIND,0.0
NI02PEIPLAN2021,ACQ_CF_LRC_EXP_ACQ_CF,0.0
NI02PEIPLAN2021,CROSS_SUB_OP,0.0
NI02PEIPLAN2021,CROSS_SUB_EXP,0.0
NI02PEIPLAN2021,CROSS_SUB_NB,0.0
NI02PEIPLAN2021,CROSS_SUB_IF_NB_TECH,0.0
NI02PEIPLAN2021,CROSS_SUB_TASSCHG,0.0
NI02PEIPLAN2021,CROSS_SUB_FASSCHG,0.0
NI02PEIPLAN2021,CROSS_SUB_CLO,0.0
NI02PEIPLAN2021,CROSS_SUB_IF_NB_FIN,0.0
NI02PEIPLAN2021,RA_LIC_RELEASE_CY,0.0
NI02PEIPLAN2021,PVFC_LRC_EXP_PREM_CURR_CF,0.0
NI02PEIPLAN2021,PVFC_LRC_EXP_ACQ_CURR_CF,0.0
NI02PEIPLAN2021,RA_LIC_FEXPVAR_CY,0.0
NI02PEIPLAN2024,PVFC_LRC_UNWIND,0.0
NI02PEIPLAN2024,PVFC_LRC_EXP_PREM_FUT_CF,0.0
NI02PEIPLAN2024,PVFC_LRC_EXP_ACQ_FUT_CF,0.0
NI02PEIPLAN2024,PVFC_LRC_EXP_INCLAIM,0.0
NI02PEIPLAN2024,PVFC_LRC_EXP_IC_PAYBL,0.0
NI02PEIPLAN2024,PVFC_LRC_EXP_ATTEXP,0.0
NI02PEIPLAN2024,PVFC_LIC_UNWIND,0.0
NI02PEIPLAN2024,PVFC_LIC_EXP_CLAIM_CF_CY,0.0
NI02PEIPLAN2024,PVFC_LIC_EXP_ATTEXP_CY,0.0
NI02PEIPLAN2024,PVFC_LIC_EXP_CLAIM_CF_PY,0.0
NI02PEIPLAN2024,PVFC_LIC_EXP_ATTEXP_PY,0.0
NI02PEIPLAN2024,RA_LRC_OP,11485.433268101431
NI02PEIPLAN2024,RA_LRC_NB_POS,0.0
NI02PEIPLAN2024,RA_LRC_UNWIND,-35.76737113021409
NI02PEIPLAN2024,RA_LRC_RELEASE,-773.9756837395121
NI02PEIPLAN2024,RA_LRC_DEREC,0.0
NI02PEIPLAN2024,RA_LRC_TASSCHG,-629.5749088332668
NI02PEIPLAN2024,RA_LRC_FASSCHG,2343.2678459783147
NI02PEIPLAN2024,RA_LRC_CLO,12389.383150376752
NI02PEIPLAN2024,RA_LIC_OP,0.0
NI02PEIPLAN2024,RA_LIC_UNWIND,0.0
NI02PEIPLAN2024,RA_LIC_INCLAIM,0.0
NI02PEIPLAN2024,RA_LIC_RELEASE_PY,0.0
NI02PEIPLAN2024,RA_LIC_DEREC,0.0
NI02PEIPLAN2024,RA_LIC_TASSCHG_PY,0.0
NI02PEIPLAN2024,RA_LIC_FASSCHG_PY,0.0
NI02PEIPLAN2024,RA_LIC_CLO,0.0
NI02PEIPLAN2024,ACQ_CF_LRC_UNWIND,0.0
NI02PEIPLAN2024,ACQ_CF_LRC_EXP_ACQ_CF,0.0
NI02PEIPLAN2024,CROSS_SUB_OP,0.0
NI02PEIPLAN2024,CROSS_SUB_EXP,0.0
NI02PEIPLAN2024,CROSS_SUB_NB,0.0
NI02PEIPLAN2024,CROSS_SUB_IF_NB_TECH,0.0
NI02PEIPLAN2024,CROSS_SUB_TASSCHG,0.0
NI02PEIPLAN2024,CROSS_SUB_FASSCHG,0.0
NI02PEIPLAN2024,CROSS_SUB_CLO,0.0
NI02PEIPLAN2024,CROSS_SUB_IF_NB_FIN,0.0
NI02PEIPLAN2024,RA_LIC_RELEASE_CY,0.0
NI02PEIPLAN2024,PVFC_LRC_EXP_PREM_CURR_CF,0.0
NI02PEIPLAN2024,PVFC_LRC_EXP_ACQ_CURR_CF,0.0
NI02PEIPLAN2024,RA_LIC_FEXPVAR_CY,0.0
NI02OLIFESV2021,PVFC_LRC_UNWIND,0.0
NI02OLIFESV2021,PVFC_LRC_EXP_PREM_FUT_CF,353868.0553452676
NI02OLIFESV2021,PVFC_LRC_EXP_ACQ_FUT_CF,-35386.805534526764
NI02OLIFESV2021,PVFC_LRC_EXP_INCLAIM,-167804.06315635116
NI02OLIFESV2021,PVFC_LRC_EXP_IC_PAYBL,0.0
NI02OLIFESV2021,PVFC_LRC_EXP_ATTEXP,-1345690.2060245383
NI02OLIFESV2021,PVFC_LIC_UNWIND,0.0
NI02OLIFESV2021,PVFC_LIC_EXP_CLAIM_CF_CY,0.0
NI02OLIFESV2021,PVFC_LIC_EXP_ATTEXP_CY,0.0
NI02OLIFESV2021,PVFC_LIC_EXP_CLAIM_CF_PY,0.0
NI02OLIFESV2021,PVFC_LIC_EXP_ATTEXP_PY,0.0
NI02OLIFESV2021,RA_LRC_OP,193568.035545952
NI02OLIFESV2021,RA_LRC_NB_POS,0.0
NI02OLIFESV2021,RA_LRC_UNWIND,-46888.03441999835
NI02OLIFESV2021,RA_LRC_RELEASE,-25873.921763163155
NI02OLIFESV2021,RA_LRC_DEREC,0.0
NI02OLIFESV2021,RA_LRC_TASSCHG,-137826.09063605993
NI02OLIFESV2021,RA_LRC_FASSCHG,17251.077819207545
NI02OLIFESV2021,RA_LRC_CLO,231.06654593811982
NI02OLIFESV2021,RA_LIC_OP,0.0
NI02OLIFESV2021,RA_LIC_UNWIND,0.0
NI02OLIFESV2021,RA_LIC_INCLAIM,0.0
NI02OLIFESV2021,RA_LIC_RELEASE_PY,0.0
NI02OLIFESV2021,RA_LIC_DEREC,0.0
NI02OLIFESV2021,RA_LIC_TASSCHG_PY,0.0
NI02OLIFESV2021,RA_LIC_FASSCHG_PY,0.0
NI02OLIFESV2021,RA_LIC_CLO,0.0
NI02OLIFESV2021,ACQ_CF_LRC_UNWIND,0.0
NI02OLIFESV2021,ACQ_CF_LRC_EXP_ACQ_CF,0.0
NI02OLIFESV2021,CROSS_SUB_OP,0.0
NI02OLIFESV2021,CROSS_SUB_EXP,0.0
NI02OLIFESV2021,CROSS_SUB_NB,0.0
NI02OLIFESV2021,CROSS_SUB_IF_NB_TECH,0.0
NI02OLIFESV2021,CROSS_SUB_TASSCHG,0.0
NI02OLIFESV2021,CROSS_SUB_FASSCHG,0.0
NI02OLIFESV2021,CROSS_SUB_CLO,0.0
NI02OLIFESV2021,CROSS_SUB_IF_NB_FIN,0.0
NI02OLIFESV2021,RA_LIC_RELEASE_CY,0.0
NI02OLIFESV2021,PVFC_LRC_EXP_PREM_CURR_CF,0.0
NI02OLIFESV2021,PVFC_LRC_EXP_ACQ_CURR_CF,0.0
NI02OLIFESV2021,RA_LIC_FEXPVAR_CY,0.0
NI02OLIFESV2022,PVFC_LRC_UNWIND,0.0
NI02OLIFESV2022,PVFC_LRC_EXP_PREM_FUT_CF,102230.63841082032
NI02OLIFESV2022,PVFC_LRC_EXP_ACQ_FUT_CF,-10223.063841082036
NI02OLIFESV2022,PVFC_LRC_EXP_INCLAIM,-144894.08172077674
NI02OLIFESV2022,PVFC_LRC_EXP_IC_PAYBL,0.0
NI02OLIFESV2022,PVFC_LRC_EXP_ATTEXP,-2393516.509541305
NI02OLIFESV2022,PVFC_LIC_UNWIND,0.0
NI02OLIFESV2022,PVFC_LIC_EXP_CLAIM_CF_CY,0.0
NI02OLIFESV2022,PVFC_LIC_EXP_ATTEXP_CY,0.0
NI02OLIFESV2022,PVFC_LIC_EXP_CLAIM_CF_PY,0.0
NI02OLIFESV2022,PVFC_LIC_EXP_ATTEXP_PY,0.0
NI02OLIFESV2022,RA_LRC_OP,219199.93596980683
NI02OLIFESV2022,RA_LRC_NB_POS,0.0
NI02OLIFESV2022,RA_LRC_UNWIND,-80955.72220543504
NI02OLIFESV2022,RA_LRC_RELEASE,-62582.122080873785
NI02OLIFESV2022,RA_LRC_DEREC,0.0
NI02OLIFESV2022,RA_LRC_TASSCHG,-93321.90034812447
NI02OLIFESV2022,RA_LRC_FASSCHG,18749.243003318
NI02OLIFESV2022,RA_LRC_CLO,1089.434338691528
NI02OLIFESV2022,RA_LIC_OP,0.0
NI02OLIFESV2022,RA_LIC_UNWIND,0.0
NI02OLIFESV2022,RA_LIC_INCLAIM,0.0
NI02OLIFESV2022,RA_LIC_RELEASE_PY,0.0
NI02OLIFESV2022,RA_LIC_DEREC,0.0
NI02OLIFESV2022,RA_LIC_TASSCHG_PY,0.0
NI02OLIFESV2022,RA_LIC_FASSCHG_PY,0.0
NI02OLIFESV2022,RA_LIC_CLO,0.0
NI02OLIFESV2022,ACQ_CF_LRC_UNWIND,0.0
NI02OLIFESV2022,ACQ_CF_LRC_EXP_ACQ_CF,0.0
NI02OLIFESV2022,CROSS_SUB_OP,0.0
NI02OLIFESV2022,CROSS_SUB_EXP,0.0
NI02OLIFESV2022,CROSS_SUB_NB,0.0
NI02OLIFESV2022,CROSS_SUB_IF_NB_TECH,0.0
NI02OLIFESV2022,CROSS_SUB_TASSCHG,0.0
NI02OLIFESV2022,CROSS_SUB_FASSCHG,0.0
NI02OLIFESV2022,CROSS_SUB_CLO,0.0
NI02OLIFESV2022,CROSS_SUB_IF_NB_FIN,0.0
NI02OLIFESV2022,RA_LIC_RELEASE_CY,0.0
NI02OLIFESV2022,PVFC_LRC_EXP_PREM_CURR_CF,0.0
NI02OLIFESV2022,PVFC_LRC_EXP_ACQ_CURR_CF,0.0
NI02OLIFESV2022,RA_LIC_FEXPVAR_CY,0.0
NI02OLIFESV2023,PVFC_LRC_UNWIND,0.0
NI02OLIFESV2023,PVFC_LRC_EXP_PREM_FUT_CF,3504118.7293896824
NI02OLIFESV2023,PVFC_LRC_EXP_ACQ_FUT_CF,-686268.9890383945
NI02OLIFESV2023,PVFC_LRC_EXP_INCLAIM,-2252240.6088229804
NI02OLIFESV2023,PVFC_LRC_EXP_IC_PAYBL,0.0
NI02OLIFESV2023,PVFC_LRC_EXP_ATTEXP,-26984183.7132732
NI02OLIFESV2023,PVFC_LIC_UNWIND,0.0
NI02OLIFESV2023,PVFC_LIC_EXP_CLAIM_CF_CY,0.0
NI02OLIFESV2023,PVFC_LIC_EXP_ATTEXP_CY,0.0
NI02OLIFESV2023,PVFC_LIC_EXP_CLAIM_CF_PY,0.0
NI02OLIFESV2023,PVFC_LIC_EXP_ATTEXP_PY,0.0
NI02OLIFESV2023,RA_LRC_OP,1862190.7236524804
NI02OLIFESV2023,RA_LRC_NB_POS,0.0
NI02OLIFESV2023,RA_LRC_UNWIND,-892286.3035317017
NI02OLIFESV2023,RA_LRC_RELEASE,-831599.6912984131
NI02OLIFESV2023,RA_LRC_DEREC,0.0
NI02OLIFESV2023,RA_LRC_TASSCHG,-190486.96366492962
NI02OLIFESV2023,RA_LRC_FASSCHG,54346.052023194265
NI02OLIFESV2023,RA_LRC_CLO,2163.8171806302853
NI02OLIFESV2023,RA_LIC_OP,0.0
NI02OLIFESV2023,RA_LIC_UNWIND,0.0
NI02OLIFESV2023,RA_LIC_INCLAIM,0.0
NI02OLIFESV2023,RA_LIC_RELEASE_PY,0.0
NI02OLIFESV2023,RA_LIC_DEREC,0.0
NI02OLIFESV2023,RA_LIC_TASSCHG_PY,0.0
NI02OLIFESV2023,RA_LIC_FASSCHG_PY,0.0
NI02OLIFESV2023,RA_LIC_CLO,0.0
NI02OLIFESV2023,ACQ_CF_LRC_UNWIND,0.0
NI02OLIFESV2023,ACQ_CF_LRC_EXP_ACQ_CF,0.0
NI02OLIFESV2023,CROSS_SUB_OP,0.0
NI02OLIFESV2023,CROSS_SUB_EXP,0.0
NI02OLIFESV2023,CROSS_SUB_NB,0.0
NI02OLIFESV2023,CROSS_SUB_IF_NB_TECH,0.0
NI02OLIFESV2023,CROSS_SUB_TASSCHG,0.0
NI02OLIFESV2023,CROSS_SUB_FASSCHG,0.0
NI02OLIFESV2023,CROSS_SUB_CLO,0.0
NI02OLIFESV2023,CROSS_SUB_IF_NB_FIN,0.0
NI02OLIFESV2023,RA_LIC_RELEASE_CY,0.0
NI02OLIFESV2023,PVFC_LRC_EXP_PREM_CURR_CF,0.0
NI02OLIFESV2023,PVFC_LRC_EXP_ACQ_CURR_CF,0.0
NI02OLIFESV2023,RA_LIC_FEXPVAR_CY,0.0
NI02OLIFESV2024,PVFC_LRC_UNWIND,0.0
NI02OLIFESV2024,PVFC_LRC_EXP_PREM_FUT_CF,2670765.2316006753
NI02OLIFESV2024,PVFC_LRC_EXP_ACQ_FUT_CF,26873.97606780741
NI02OLIFESV2024,PVFC_LRC_EXP_INCLAIM,2744172.550900608
NI02OLIFESV2024,PVFC_LRC_EXP_IC_PAYBL,0.0
NI02OLIFESV2024,PVFC_LRC_EXP_ATTEXP,25006566.413317833
NI02OLIFESV2024,PVFC_LIC_UNWIND,0.0
NI02OLIFESV2024,PVFC_LIC_EXP_CLAIM_CF_CY,0.0
NI02OLIFESV2024,PVFC_LIC_EXP_ATTEXP_CY,0.0
NI02OLIFESV2024,PVFC_LIC_EXP_CLAIM_CF_PY,0.0
NI02OLIFESV2024,PVFC_LIC_EXP_ATTEXP_PY,0.0
NI02OLIFESV2024,RA_LRC_OP,2104025.5244837045
NI02OLIFESV2024,RA_LRC_NB_POS,0.0
NI02OLIFESV2024,RA_LRC_UNWIND,-1245155.2139262683
NI02OLIFESV2024,RA_LRC_RELEASE,-324020.0879528106
NI02OLIFESV2024,RA_LRC_DEREC,0.0
NI02OLIFESV2024,RA_LRC_TASSCHG,-711208.40728034
NI02OLIFESV2024,RA_LRC_FASSCHG,178619.5588357849
NI02OLIFESV2024,RA_LRC_CLO,2261.3741600705544
NI02OLIFESV2024,RA_LIC_OP,0.0
NI02OLIFESV2024,RA_LIC_UNWIND,0.0
NI02OLIFESV2024,RA_LIC_INCLAIM,0.0
NI02OLIFESV2024,RA_LIC_RELEASE_PY,0.0
NI02OLIFESV2024,RA_LIC_DEREC,0.0
NI02OLIFESV2024,RA_LIC_TASSCHG_PY,0.0
NI02OLIFESV2024,RA_LIC_FASSCHG_PY,0.0
NI02OLIFESV2024,RA_LIC_CLO,0.0
NI02OLIFESV2024,ACQ_CF_LRC_UNWIND,0.0
NI02OLIFESV2024,ACQ_CF_LRC_EXP_ACQ_CF,0.0
NI02OLIFESV2024,CROSS_SUB_OP,0.0
NI02OLIFESV2024,CROSS_SUB_EXP,0.0
NI02OLIFESV2024,CROSS_SUB_NB,0.0
NI02OLIFESV2024,CROSS_SUB_IF_NB_TECH,0.0
NI02OLIFESV2024,CROSS_SUB_TASSCHG,0.0
NI02OLIFESV2024,CROSS_SUB_FASSCHG,0.0
NI02OLIFESV2024,CROSS_SUB_CLO,0.0
NI02OLIFESV2024,CROSS_SUB_IF_NB_FIN,0.0
NI02OLIFESV2024,RA_LIC_RELEASE_CY,0.0
NI02OLIFESV2024,PVFC_LRC_EXP_PREM_CURR_CF,0.0
NI02OLIFESV2024,PVFC_LRC_EXP_ACQ_CURR_CF,0.0
NI02OLIFESV2024,RA_LIC_FEXPVAR_CY,0.0
NI02PMFUNDS2021,PVFC_LRC_UNWIND,0.0
NI02PMFUNDS2021,PVFC_LRC_EXP_PREM_FUT_CF,506928.7952866675
NI02PMFUNDS2021,PVFC_LRC_EXP_ACQ_FUT_CF,-50692.87952866676
NI02PMFUNDS2021,PVFC_LRC_EXP_INCLAIM,-399721.0316994909
NI02PMFUNDS2021,PVFC_LRC_EXP_IC_PAYBL,0.0
NI02PMFUNDS2021,PVFC_LRC_EXP_ATTEXP,-1385325.100158923
NI02PMFUNDS2021,PVFC_LIC_UNWIND,0.0
NI02PMFUNDS2021,PVFC_LIC_EXP_CLAIM_CF_CY,0.0
NI02PMFUNDS2021,PVFC_LIC_EXP_ATTEXP_CY,0.0
NI02PMFUNDS2021,PVFC_LIC_EXP_CLAIM_CF_PY,0.0
NI02PMFUNDS2021,PVFC_LIC_EXP_ATTEXP_PY,0.0
NI02PMFUNDS2021,RA_LRC_OP,252102.91173367953
NI02PMFUNDS2021,RA_LRC_NB_POS,0.0
NI02PMFUNDS2021,RA_LRC_UNWIND,-23905.05521735648
NI02PMFUNDS2021,RA_LRC_RELEASE,-29414.636332511265
NI02PMFUNDS2021,RA_LRC_DEREC,0.0
NI02PMFUNDS2021,RA_LRC_TASSCHG,-24305.76916627685
NI02PMFUNDS2021,RA_LRC_FASSCHG,35325.36954684908
NI02PMFUNDS2021,RA_LRC_CLO,209802.82056438402
NI02PMFUNDS2021,RA_LIC_OP,0.0
NI02PMFUNDS2021,RA_LIC_UNWIND,0.0
NI02PMFUNDS2021,RA_LIC_INCLAIM,0.0
NI02PMFUNDS2021,RA_LIC_RELEASE_PY,0.0
NI02PMFUNDS2021,RA_LIC_DEREC,0.0
NI02PMFUNDS2021,RA_LIC_TASSCHG_PY,0.0
NI02PMFUNDS2021,RA_LIC_FASSCHG_PY,0.0
NI02PMFUNDS2021,RA_LIC_CLO,0.0
NI02PMFUNDS2021,ACQ_CF_LRC_UNWIND,0.0
NI02PMFUNDS2021,ACQ_CF_LRC_EXP_ACQ_CF,0.0
NI02PMFUNDS2021,CROSS_SUB_OP,0.0
NI02PMFUNDS2021,CROSS_SUB_EXP,0.0
NI02PMFUNDS2021,CROSS_SUB_NB,0.0
NI02PMFUNDS2021,CROSS_SUB_IF_NB_TECH,0.0
NI02PMFUNDS2021,CROSS_SUB_TASSCHG,0.0
NI02PMFUNDS2021,CROSS_SUB_FASSCHG,0.0
NI02PMFUNDS2021,CROSS_SUB_CLO,0.0
NI02PMFUNDS2021,CROSS_SUB_IF_NB_FIN,0.0
NI02PMFUNDS2021,RA_LIC_RELEASE_CY,0.0
NI02PMFUNDS2021,PVFC_LRC_EXP_PREM_CURR_CF,0.0
NI02PMFUNDS2021,PVFC_LRC_EXP_ACQ_CURR_CF,0.0
NI02PMFUNDS2021,RA_LIC_FEXPVAR_CY,0.0
NI02OMFUNDS2023,PVFC_LRC_UNWIND,0.0
NI02OMFUNDS2023,PVFC_LRC_EXP_PREM_FUT_CF,4808.78281147524
NI02OMFUNDS2023,PVFC_LRC_EXP_ACQ_FUT_CF,-689.0487163178041
NI02OMFUNDS2023,PVFC_LRC_EXP_INCLAIM,-4390.469065211208
NI02OMFUNDS2023,PVFC_LRC_EXP_IC_PAYBL,0.0
NI02OMFUNDS2023,PVFC_LRC_EXP_ATTEXP,-17880.088697739047
NI02OMFUNDS2023,PVFC_LIC_UNWIND,0.0
NI02OMFUNDS2023,PVFC_LIC_EXP_CLAIM_CF_CY,0.0
NI02OMFUNDS2023,PVFC_LIC_EXP_ATTEXP_CY,0.0
NI02OMFUNDS2023,PVFC_LIC_EXP_CLAIM_CF_PY,0.0
NI02OMFUNDS2023,PVFC_LIC_EXP_ATTEXP_PY,0.0
NI02OMFUNDS2023,RA_LRC_OP,1316.1587934544893
NI02OMFUNDS2023,RA_LRC_NB_POS,0.0
NI02OMFUNDS2023,RA_LRC_UNWIND,-729.4673489482723
NI02OMFUNDS2023,RA_LRC_RELEASE,-298.8207992222168
NI02OMFUNDS2023,RA_LRC_DEREC,0.0
NI02OMFUNDS2023,RA_LRC_TASSCHG,500.8294195285918
NI02OMFUNDS2023,RA_LRC_FASSCHG,52.32052453112101
NI02OMFUNDS2023,RA_LRC_CLO,841.020589343713
NI02OMFUNDS2023,RA_LIC_OP,0.0
NI02OMFUNDS2023,RA_LIC_UNWIND,0.0
NI02OMFUNDS2023,RA_LIC_INCLAIM,0.0
NI02OMFUNDS2023,RA_LIC_RELEASE_PY,0.0
NI02OMFUNDS2023,RA_LIC_DEREC,0.0
NI02OMFUNDS2023,RA_LIC_TASSCHG_PY,0.0
NI02OMFUNDS2023,RA_LIC_FASSCHG_PY,0.0
NI02OMFUNDS2023,RA_LIC_CLO,0.0
NI02OMFUNDS2023,ACQ_CF_LRC_UNWIND,0.0
NI02OMFUNDS2023,ACQ_CF_LRC_EXP_ACQ_CF,0.0
NI02OMFUNDS2023,CROSS_SUB_OP,0.0
NI02OMFUNDS2023,CROSS_SUB_EXP,0.0
NI02OMFUNDS2023,CROSS_SUB_NB,0.0
NI02OMFUNDS2023,CROSS_SUB_IF_NB_TECH,0.0
NI02OMFUNDS2023,CROSS_SUB_TASSCHG,0.0
NI02OMFUNDS2023,CROSS_SUB_FASSCHG,0.0
NI02OMFUNDS2023,CROSS_SUB_CLO,0.0
NI02OMFUNDS2023,CROSS_SUB_IF_NB_FIN,0.0
NI02OMFUNDS2023,RA_LIC_RELEASE_CY,0.0
NI02OMFUNDS2023,PVFC_LRC_EXP_PREM_CURR_CF,0.0
NI02OMFUNDS2023,PVFC_LRC_EXP_ACQ_CURR_CF,0.0
NI02OMFUNDS2023,RA_LIC_FEXPVAR_CY,0.0
NI02OMLPLAN2021,PVFC_LRC_UNWIND,0.0
NI02OMLPLAN2021,PVFC_LRC_EXP_PREM_FUT_CF,8976349.044679139
NI02OMLPLAN2021,PVFC_LRC_EXP_ACQ_FUT_CF,-897634.904467914
NI02OMLPLAN2021,PVFC_LRC_EXP_INCLAIM,-3207265.099338347
NI02OMLPLAN2021,PVFC_LRC_EXP_IC_PAYBL,0.0
NI02OMLPLAN2021,PVFC_LRC_EXP_ATTEXP,-7314894.162060462
NI02OMLPLAN2021,PVFC_LIC_UNWIND,0.0
NI02OMLPLAN2021,PVFC_LIC_EXP_CLAIM_CF_CY,0.0
NI02OMLPLAN2021,PVFC_LIC_EXP_ATTEXP_CY,0.0
NI02OMLPLAN2021,PVFC_LIC_EXP_CLAIM_CF_PY,0.0
NI02OMLPLAN2021,PVFC_LIC_EXP_ATTEXP_PY,0.0
NI02OMLPLAN2021,RA_LRC_OP,1108327.550576587
NI02OMLPLAN2021,RA_LRC_NB_POS,0.0
NI02OMLPLAN2021,RA_LRC_UNWIND,-291523.64431855874
NI02OMLPLAN2021,RA_LRC_RELEASE,-177129.0911160126
NI02OMLPLAN2021,RA_LRC_DEREC,0.0
NI02OMLPLAN2021,RA_LRC_TASSCHG,-729179.5508541989
NI02OMLPLAN2021,RA_LRC_FASSCHG,95582.58884781209
NI02OMLPLAN2021,RA_LRC_CLO,6077.853135628917
NI02OMLPLAN2021,RA_LIC_OP,0.0
NI02OMLPLAN2021,RA_LIC_UNWIND,0.0
NI02OMLPLAN2021,RA_LIC_INCLAIM,0.0
NI02OMLPLAN2021,RA_LIC_RELEASE_PY,0.0
NI02OMLPLAN2021,RA_LIC_DEREC,0.0
NI02OMLPLAN2021,RA_LIC_TASSCHG_PY,0.0
NI02OMLPLAN2021,RA_LIC_FASSCHG_PY,0.0
NI02OMLPLAN2021,RA_LIC_CLO,0.0
NI02OMLPLAN2021,ACQ_CF_LRC_UNWIND,0.0
NI02OMLPLAN2021,ACQ_CF_LRC_EXP_ACQ_CF,0.0
NI02OMLPLAN2021,CROSS_SUB_OP,0.0
NI02OMLPLAN2021,CROSS_SUB_EXP,0.0
NI02OMLPLAN2021,CROSS_SUB_NB,0.0
NI02OMLPLAN2021,CROSS_SUB_IF_NB_TECH,0.0
NI02OMLPLAN2021,CROSS_SUB_TASSCHG,0.0
NI02OMLPLAN2021,CROSS_SUB_FASSCHG,0.0
NI02OMLPLAN2021,CROSS_SUB_CLO,0.0
NI02OMLPLAN2021,CROSS_SUB_IF_NB_FIN,0.0
NI02OMLPLAN2021,RA_LIC_RELEASE_CY,0.0
NI02OMLPLAN2021,PVFC_LRC_EXP_PREM_CURR_CF,0.0
NI02OMLPLAN2021,PVFC_LRC_EXP_ACQ_CURR_CF,0.0
NI02OMLPLAN2021,RA_LIC_FEXPVAR_CY,0.0
NI02OMLPLAN2022,PVFC_LRC_UNWIND,0.0
NI02OMLPLAN2022,PVFC_LRC_EXP_PREM_FUT_CF,136731.96795048588
NI02OMLPLAN2022,PVFC_LRC_EXP_ACQ_FUT_CF,-13673.196795048589
NI02OMLPLAN2022,PVFC_LRC_EXP_INCLAIM,-83773.0014980577
NI02OMLPLAN2022,PVFC_LRC_EXP_IC_PAYBL,0.0
NI02OMLPLAN2022,PVFC_LRC_EXP_ATTEXP,-330799.2283079577
NI02OMLPLAN2022,PVFC_LIC_UNWIND,0.0
NI02OMLPLAN2022,PVFC_LIC_EXP_CLAIM_CF_CY,0.0
NI02OMLPLAN2022,PVFC_LIC_EXP_ATTEXP_CY,0.0
NI02OMLPLAN2022,PVFC_LIC_EXP_CLAIM_CF_PY,0.0
NI02OMLPLAN2022,PVFC_LIC_EXP_ATTEXP_PY,0.0
NI02OMLPLAN2022,RA_LRC_OP,0.0
NI02OMLPLAN2022,RA_LRC_NB_POS,0.0
NI02OMLPLAN2022,RA_LRC_UNWIND,0.0
NI02OMLPLAN2022,RA_LRC_RELEASE,-5772.679837389322
NI02OMLPLAN2022,RA_LRC_DEREC,0.0
NI02OMLPLAN2022,RA_LRC_TASSCHG,59708.01823413344
NI02OMLPLAN2022,RA_LRC_FASSCHG,0.0
NI02OMLPLAN2022,RA_LRC_CLO,0.0
NI02OMLPLAN2022,RA_LIC_OP,0.0
NI02OMLPLAN2022,RA_LIC_UNWIND,0.0
NI02OMLPLAN2022,RA_LIC_INCLAIM,0.0
NI02OMLPLAN2022,RA_LIC_RELEASE_PY,0.0
NI02OMLPLAN2022,RA_LIC_DEREC,0.0
NI02OMLPLAN2022,RA_LIC_TASSCHG_PY,0.0
NI02OMLPLAN2022,RA_LIC_FASSCHG_PY,0.0
NI02OMLPLAN2022,RA_LIC_CLO,0.0
NI02OMLPLAN2022,ACQ_CF_LRC_UNWIND,0.0
NI02OMLPLAN2022,ACQ_CF_LRC_EXP_ACQ_CF,0.0
NI02OMLPLAN2022,CROSS_SUB_OP,0.0
NI02OMLPLAN2022,CROSS_SUB_EXP,0.0
NI02OMLPLAN2022,CROSS_SUB_NB,0.0
NI02OMLPLAN2022,CROSS_SUB_IF_NB_TECH,0.0
NI02OMLPLAN2022,CROSS_SUB_TASSCHG,0.0
NI02OMLPLAN2022,CROSS_SUB_FASSCHG,0.0
NI02OMLPLAN2022,CROSS_SUB_CLO,0.0
NI02OMLPLAN2022,CROSS_SUB_IF_NB_FIN,0.0
NI02OMLPLAN2022,RA_LIC_RELEASE_CY,0.0
NI02OMLPLAN2022,PVFC_LRC_EXP_PREM_CURR_CF,0.0
NI02OMLPLAN2022,PVFC_LRC_EXP_ACQ_CURR_CF,0.0
NI02OMLPLAN2022,RA_LIC_FEXPVAR_CY,0.0
NI02OMLPLAN2023,PVFC_LRC_UNWIND,0.0
NI02OMLPLAN2023,PVFC_LRC_EXP_PREM_FUT_CF,329986.8463805467
NI02OMLPLAN2023,PVFC_LRC_EXP_ACQ_FUT_CF,-49673.00386633366
NI02OMLPLAN2023,PVFC_LRC_EXP_INCLAIM,-197134.64324974772
NI02OMLPLAN2023,PVFC_LRC_EXP_IC_PAYBL,0.0
NI02OMLPLAN2023,PVFC_LRC_EXP_ATTEXP,-412554.3790781443
NI02OMLPLAN2023,PVFC_LIC_UNWIND,0.0
NI02OMLPLAN2023,PVFC_LIC_EXP_CLAIM_CF_CY,0.0
NI02OMLPLAN2023,PVFC_LIC_EXP_ATTEXP_CY,0.0
NI02OMLPLAN2023,PVFC_LIC_EXP_CLAIM_CF_PY,0.0
NI02OMLPLAN2023,PVFC_LIC_EXP_ATTEXP_PY,0.0
NI02OMLPLAN2023,RA_LRC_OP,117002.23156098847
NI02OMLPLAN2023,RA_LRC_NB_POS,0.0
NI02OMLPLAN2023,RA_LRC_UNWIND,-11616.831323713166
NI02OMLPLAN2023,RA_LRC_RELEASE,-8618.223547928897
NI02OMLPLAN2023,RA_LRC_DEREC,0.0
NI02OMLPLAN2023,RA_LRC_TASSCHG,-109584.76904939284
NI02OMLPLAN2023,RA_LRC_FASSCHG,13440.520480334395
NI02OMLPLAN2023,RA_LRC_CLO,622.9281202879647
NI02OMLPLAN2023,RA_LIC_OP,0.0
NI02OMLPLAN2023,RA_LIC_UNWIND,0.0
NI02OMLPLAN2023,RA_LIC_INCLAIM,0.0
NI02OMLPLAN2023,RA_LIC_RELEASE_PY,0.0
NI02OMLPLAN2023,RA_LIC_DEREC,0.0
NI02OMLPLAN2023,RA_LIC_TASSCHG_PY,0.0
NI02OMLPLAN2023,RA_LIC_FASSCHG_PY,0.0
NI02OMLPLAN2023,RA_LIC_CLO,0.0
NI02OMLPLAN2023,ACQ_CF_LRC_UNWIND,0.0
NI02OMLPLAN2023,ACQ_CF_LRC_EXP_ACQ_CF,0.0
NI02OMLPLAN2023,CROSS_SUB_OP,0.0
NI02OMLPLAN2023,CROSS_SUB_EXP,0.0
NI02OMLPLAN2023,CROSS_SUB_NB,0.0
NI02OMLPLAN2023,CROSS_SUB_IF_NB_TECH,0.0
NI02OMLPLAN2023,CROSS_SUB_TASSCHG,0.0
NI02OMLPLAN2023,CROSS_SUB_FASSCHG,0.0
NI02OMLPLAN2023,CROSS_SUB_CLO,0.0
NI02OMLPLAN2023,CROSS_SUB_IF_NB_FIN,0.0
NI02OMLPLAN2023,RA_LIC_RELEASE_CY,0.0
NI02OMLPLAN2023,PVFC_LRC_EXP_PREM_CURR_CF,0.0
NI02OMLPLAN2023,PVFC_LRC_EXP_ACQ_CURR_CF,0.0
NI02OMLPLAN2023,RA_LIC_FEXPVAR_CY,0.0
NI02OMLPLAN2024,PVFC_LRC_UNWIND,0.0
NI02OMLPLAN2024,PVFC_LRC_EXP_PREM_FUT_CF,21726.193211361708
NI02OMLPLAN2024,PVFC_LRC_EXP_ACQ_FUT_CF,3265.3848531118283
NI02OMLPLAN2024,PVFC_LRC_EXP_INCLAIM,13036.696210077904
NI02OMLPLAN2024,PVFC_LRC_EXP_IC_PAYBL,0.0
NI02OMLPLAN2024,PVFC_LRC_EXP_ATTEXP,69246.79713080249
NI02OMLPLAN2024,PVFC_LIC_UNWIND,0.0
NI02OMLPLAN2024,PVFC_LIC_EXP_CLAIM_CF_CY,0.0
NI02OMLPLAN2024,PVFC_LIC_EXP_ATTEXP_CY,0.0
NI02OMLPLAN2024,PVFC_LIC_EXP_CLAIM_CF_PY,0.0
NI02OMLPLAN2024,PVFC_LIC_EXP_ATTEXP_PY,0.0
NI02OMLPLAN2024,RA_LRC_OP,19328.394106314856
NI02OMLPLAN2024,RA_LRC_NB_POS,0.0
NI02OMLPLAN2024,RA_LRC_UNWIND,-1349.6802557379415
NI02OMLPLAN2024,RA_LRC_RELEASE,-926.9855348441201
NI02OMLPLAN2024,RA_LRC_DEREC,0.0
NI02OMLPLAN2024,RA_LRC_TASSCHG,-20402.88611447289
NI02OMLPLAN2024,RA_LRC_FASSCHG,3477.558441527952
NI02OMLPLAN2024,RA_LRC_CLO,126.40064278785576
NI02OMLPLAN2024,RA_LIC_OP,0.0
NI02OMLPLAN2024,RA_LIC_UNWIND,0.0
NI02OMLPLAN2024,RA_LIC_INCLAIM,0.0
NI02OMLPLAN2024,RA_LIC_RELEASE_PY,0.0
NI02OMLPLAN2024,RA_LIC_DEREC,0.0
NI02OMLPLAN2024,RA_LIC_TASSCHG_PY,0.0
NI02OMLPLAN2024,RA_LIC_FASSCHG_PY,0.0
NI02OMLPLAN2024,RA_LIC_CLO,0.0
NI02OMLPLAN2024,ACQ_CF_LRC_UNWIND,0.0
NI02OMLPLAN2024,ACQ_CF_LRC_EXP_ACQ_CF,0.0
NI02OMLPLAN2024,CROSS_SUB_OP,0.0
NI02OMLPLAN2024,CROSS_SUB_EXP,0.0
NI02OMLPLAN2024,CROSS_SUB_NB,0.0
NI02OMLPLAN2024,CROSS_SUB_IF_NB_TECH,0.0
NI02OMLPLAN2024,CROSS_SUB_TASSCHG,0.0
NI02OMLPLAN2024,CROSS_SUB_FASSCHG,0.0
NI02OMLPLAN2024,CROSS_SUB_CLO,0.0
NI02OMLPLAN2024,CROSS_SUB_IF_NB_FIN,0.0
NI02OMLPLAN2024,RA_LIC_RELEASE_CY,0.0
NI02OMLPLAN2024,PVFC_LRC_EXP_PREM_CURR_CF,0.0
NI02OMLPLAN2024,PVFC_LRC_EXP_ACQ_CURR_CF,0.0
NI02OMLPLAN2024,RA_LIC_FEXPVAR_CY,0.0
NI02OMORTGE2021,PVFC_LRC_UNWIND,0.0
NI02OMORTGE2021,PVFC_LRC_EXP_PREM_FUT_CF,2364667.0065865843
NI02OMORTGE2021,PVFC_LRC_EXP_ACQ_FUT_CF,-236466.7006586584
NI02OMORTGE2021,PVFC_LRC_EXP_INCLAIM,-14256416.853977377
NI02OMORTGE2021,PVFC_LRC_EXP_IC_PAYBL,0.0
NI02OMORTGE2021,PVFC_LRC_EXP_ATTEXP,-42620.12316611641
NI02OMORTGE2021,PVFC_LIC_UNWIND,0.0
NI02OMORTGE2021,PVFC_LIC_EXP_CLAIM_CF_CY,0.0
NI02OMORTGE2021,PVFC_LIC_EXP_ATTEXP_CY,0.0
NI02OMORTGE2021,PVFC_LIC_EXP_CLAIM_CF_PY,0.0
NI02OMORTGE2021,PVFC_LIC_EXP_ATTEXP_PY,0.0
NI02OMORTGE2021,RA_LRC_OP,3761320.5018404885
NI02OMORTGE2021,RA_LRC_NB_POS,0.0
NI02OMORTGE2021,RA_LRC_UNWIND,-277247.80223993864
NI02OMORTGE2021,RA_LRC_RELEASE,-275299.8140011672
NI02OMORTGE2021,RA_LRC_DEREC,0.0
NI02OMORTGE2021,RA_LRC_TASSCHG,264636.45791044226
NI02OMORTGE2021,RA_LRC_FASSCHG,614467.484292251
NI02OMORTGE2021,RA_LRC_CLO,4087876.827802076
NI02OMORTGE2021,RA_LIC_OP,0.0
NI02OMORTGE2021,RA_LIC_UNWIND,0.0
NI02OMORTGE2021,RA_LIC_INCLAIM,0.0
NI02OMORTGE2021,RA_LIC_RELEASE_PY,0.0
NI02OMORTGE2021,RA_LIC_DEREC,0.0
NI02OMORTGE2021,RA_LIC_TASSCHG_PY,0.0
NI02OMORTGE2021,RA_LIC_FASSCHG_PY,0.0
NI02OMORTGE2021,RA_LIC_CLO,0.0
NI02OMORTGE2021,ACQ_CF_LRC_UNWIND,0.0
NI02OMORTGE2021,ACQ_CF_LRC_EXP_ACQ_CF,0.0
NI02OMORTGE2021,CROSS_SUB_OP,0.0
NI02OMORTGE2021,CROSS_SUB_EXP,0.0
NI02OMORTGE2021,CROSS_SUB_NB,0.0
NI02OMORTGE2021,CROSS_SUB_IF_NB_TECH,0.0
NI02OMORTGE2021,CROSS_SUB_TASSCHG,0.0
NI02OMORTGE2021,CROSS_SUB_FASSCHG,0.0
NI02OMORTGE2021,CROSS_SUB_CLO,0.0
NI02OMORTGE2021,CROSS_SUB_IF_NB_FIN,0.0
NI02OMORTGE2021,RA_LIC_RELEASE_CY,0.0
NI02OMORTGE2021,PVFC_LRC_EXP_PREM_CURR_CF,0.0
NI02OMORTGE2021,PVFC_LRC_EXP_ACQ_CURR_CF,0.0
NI02OMORTGE2021,RA_LIC_FEXPVAR_CY,0.0
NI02PMORTGE2022,PVFC_LRC_UNWIND,0.0
NI02PMORTGE2022,PVFC_LRC_EXP_PREM_FUT_CF,0.0
NI02PMORTGE2022,PVFC_LRC_EXP_ACQ_FUT_CF,0.0
NI02PMORTGE2022,PVFC_LRC_EXP_INCLAIM,0.0
NI02PMORTGE2022,PVFC_LRC_EXP_IC_PAYBL,0.0
NI02PMORTGE2022,PVFC_LRC_EXP_ATTEXP,0.0
NI02PMORTGE2022,PVFC_LIC_UNWIND,0.0
NI02PMORTGE2022,PVFC_LIC_EXP_CLAIM_CF_CY,0.0
NI02PMORTGE2022,PVFC_LIC_EXP_ATTEXP_CY,0.0
NI02PMORTGE2022,PVFC_LIC_EXP_CLAIM_CF_PY,0.0
NI02PMORTGE2022,PVFC_LIC_EXP_ATTEXP_PY,0.0
NI02PMORTGE2022,RA_LRC_OP,0.0
NI02PMORTGE2022,RA_LRC_NB_POS,0.0
NI02PMORTGE2022,RA_LRC_UNWIND,0.0
NI02PMORTGE2022,RA_LRC_RELEASE,0.0
NI02PMORTGE2022,RA_LRC_DEREC,0.0
NI02PMORTGE2022,RA_LRC_TASSCHG,0.0
NI02PMORTGE2022,RA_LRC_FASSCHG,0.0
NI02PMORTGE2022,RA_LRC_CLO,0.0
NI02PMORTGE2022,RA_LIC_OP,0.0
NI02PMORTGE2022,RA_LIC_UNWIND,0.0
NI02PMORTGE2022,RA_LIC_INCLAIM,0.0
NI02PMORTGE2022,RA_LIC_RELEASE_PY,0.0
NI02PMORTGE2022,RA_LIC_DEREC,0.0
NI02PMORTGE2022,RA_LIC_TASSCHG_PY,0.0
NI02PMORTGE2022,RA_LIC_FASSCHG_PY,0.0
NI02PMORTGE2022,RA_LIC_CLO,0.0
NI02PMORTGE2022,ACQ_CF_LRC_UNWIND,0.0
NI02PMORTGE2022,ACQ_CF_LRC_EXP_ACQ_CF,0.0
NI02PMORTGE2022,CROSS_SUB_OP,0.0
NI02PMORTGE2022,CROSS_SUB_EXP,0.0
NI02PMORTGE2022,CROSS_SUB_NB,0.0
NI02PMORTGE2022,CROSS_SUB_IF_NB_TECH,0.0
NI02PMORTGE2022,CROSS_SUB_TASSCHG,0.0
NI02PMORTGE2022,CROSS_SUB_FASSCHG,0.0
NI02PMORTGE2022,CROSS_SUB_CLO,0.0
NI02PMORTGE2022,CROSS_SUB_IF_NB_FIN,0.0
NI02PMORTGE2022,RA_LIC_RELEASE_CY,0.0
NI02PMORTGE2022,PVFC_LRC_EXP_PREM_CURR_CF,0.0
NI02PMORTGE2022,PVFC_LRC_EXP_ACQ_CURR_CF,0.0
NI02PMORTGE2022,RA_LIC_FEXPVAR_CY,0.0
NI02PMORTGE2023,PVFC_LRC_UNWIND,0.0
NI02PMORTGE2023,PVFC_LRC_EXP_PREM_FUT_CF,0.0
NI02PMORTGE2023,PVFC_LRC_EXP_ACQ_FUT_CF,0.0
NI02PMORTGE2023,PVFC_LRC_EXP_INCLAIM,-650992.0899146786
NI02PMORTGE2023,PVFC_LRC_EXP_IC_PAYBL,0.0
NI02PMORTGE2023,PVFC_LRC_EXP_ATTEXP,-50175.296854221604
NI02PMORTGE2023,PVFC_LIC_UNWIND,0.0
NI02PMORTGE2023,PVFC_LIC_EXP_CLAIM_CF_CY,0.0
NI02PMORTGE2023,PVFC_LIC_EXP_ATTEXP_CY,0.0
NI02PMORTGE2023,PVFC_LIC_EXP_CLAIM_CF_PY,0.0
NI02PMORTGE2023,PVFC_LIC_EXP_ATTEXP_PY,0.0
NI02PMORTGE2023,RA_LRC_OP,50494.9702821865
NI02PMORTGE2023,RA_LRC_NB_POS,0.0
NI02PMORTGE2023,RA_LRC_UNWIND,-25826.556073281005
NI02PMORTGE2023,RA_LRC_RELEASE,-25421.967186372305
NI02PMORTGE2023,RA_LRC_DEREC,0.0
NI02PMORTGE2023,RA_LRC_TASSCHG,345082.74164314155
NI02PMORTGE2023,RA_LRC_FASSCHG,753.5529774668103
NI02PMORTGE2023,RA_LRC_CLO,345082.7416431416
NI02PMORTGE2023,RA_LIC_OP,0.0
NI02PMORTGE2023,RA_LIC_UNWIND,0.0
NI02PMORTGE2023,RA_LIC_INCLAIM,0.0
NI02PMORTGE2023,RA_LIC_RELEASE_PY,0.0
NI02PMORTGE2023,RA_LIC_DEREC,0.0
NI02PMORTGE2023,RA_LIC_TASSCHG_PY,0.0
NI02PMORTGE2023,RA_LIC_FASSCHG_PY,0.0
NI02PMORTGE2023,RA_LIC_CLO,0.0
NI02PMORTGE2023,ACQ_CF_LRC_UNWIND,0.0
NI02PMORTGE2023,ACQ_CF_LRC_EXP_ACQ_CF,0.0
NI02PMORTGE2023,CROSS_SUB_OP,0.0
NI02PMORTGE2023,CROSS_SUB_EXP,0.0
NI02PMORTGE2023,CROSS_SUB_NB,0.0
NI02PMORTGE2023,CROSS_SUB_IF_NB_TECH,0.0
NI02PMORTGE2023,CROSS_SUB_TASSCHG,0.0
NI02PMORTGE2023,CROSS_SUB_FASSCHG,0.0
NI02PMORTGE2023,CROSS_SUB_CLO,0.0
NI02PMORTGE2023,CROSS_SUB_IF_NB_FIN,0.0
NI02PMORTGE2023,RA_LIC_RELEASE_CY,0.0
NI02PMORTGE2023,PVFC_LRC_EXP_PREM_CURR_CF,0.0
NI02PMORTGE2023,PVFC_LRC_EXP_ACQ_CURR_CF,0.0
NI02PMORTGE2023,RA_LIC_FEXPVAR_CY,0.0
NI02PMORTGE2024,PVFC_LRC_UNWIND,0.0
NI02PMORTGE2024,PVFC_LRC_EXP_PREM_FUT_CF,3888814.759
NI02PMORTGE2024,PVFC_LRC_EXP_ACQ_FUT_CF,388881.4759000001
NI02PMORTGE2024,PVFC_LRC_EXP_INCLAIM,1321461.954911337
NI02PMORTGE2024,PVFC_LRC_EXP_IC_PAYBL,0.0
NI02PMORTGE2024,PVFC_LRC_EXP_ATTEXP,1089491.013879225
NI02PMORTGE2024,PVFC_LIC_UNWIND,0.0
NI02PMORTGE2024,PVFC_LIC_EXP_CLAIM_CF_CY,0.0
NI02PMORTGE2024,PVFC_LIC_EXP_ATTEXP_CY,0.0
NI02PMORTGE2024,PVFC_LIC_EXP_CLAIM_CF_PY,0.0
NI02PMORTGE2024,PVFC_LIC_EXP_ATTEXP_PY,0.0
NI02PMORTGE2024,RA_LRC_OP,171509.98172852962
NI02PMORTGE2024,RA_LRC_NB_POS,0.0
NI02PMORTGE2024,RA_LRC_UNWIND,-65646.90579267079
NI02PMORTGE2024,RA_LRC_RELEASE,-111028.97901788984
NI02PMORTGE2024,RA_LRC_DEREC,0.0
NI02PMORTGE2024,RA_LRC_TASSCHG,54840.914908342835
NI02PMORTGE2024,RA_LRC_FASSCHG,5829.402500215045
NI02PMORTGE2024,RA_LRC_CLO,55504.414326526865
NI02PMORTGE2024,RA_LIC_OP,0.0
NI02PMORTGE2024,RA_LIC_UNWIND,0.0
NI02PMORTGE2024,RA_LIC_INCLAIM,0.0
NI02PMORTGE2024,RA_LIC_RELEASE_PY,0.0
NI02PMORTGE2024,RA_LIC_DEREC,0.0
NI02PMORTGE2024,RA_LIC_TASSCHG_PY,0.0
NI02PMORTGE2024,RA_LIC_FASSCHG_PY,0.0
NI02PMORTGE2024,RA_LIC_CLO,0.0
NI02PMORTGE2024,ACQ_CF_LRC_UNWIND,0.0
NI02PMORTGE2024,ACQ_CF_LRC_EXP_ACQ_CF,0.0
NI02PMORTGE2024,CROSS_SUB_OP,0.0
NI02PMORTGE2024,CROSS_SUB_EXP,0.0
NI02PMORTGE2024,CROSS_SUB_NB,0.0
NI02PMORTGE2024,CROSS_SUB_IF_NB_TECH,0.0
NI02PMORTGE2024,CROSS_SUB_TASSCHG,0.0
NI02PMORTGE2024,CROSS_SUB_FASSCHG,0.0
NI02PMORTGE2024,CROSS_SUB_CLO,0.0
NI02PMORTGE2024,CROSS_SUB_IF_NB_FIN,0.0
NI02PMORTGE2024,RA_LIC_RELEASE_CY,0.0
NI02PMORTGE2024,PVFC_LRC_EXP_PREM_CURR_CF,0.0
NI02PMORTGE2024,PVFC_LRC_EXP_ACQ_CURR_CF,0.0
NI02PMORTGE2024,RA_LIC_FEXPVAR_CY,0.0
NI02PSMRTRE2021,PVFC_LRC_UNWIND,0.0
NI02PSMRTRE2021,PVFC_LRC_EXP_PREM_FUT_CF,0.0
NI02PSMRTRE2021,PVFC_LRC_EXP_ACQ_FUT_CF,0.0
NI02PSMRTRE2021,PVFC_LRC_EXP_INCLAIM,0.0
NI02PSMRTRE2021,PVFC_LRC_EXP_IC_PAYBL,0.0
NI02PSMRTRE2021,PVFC_LRC_EXP_ATTEXP,0.0
NI02PSMRTRE2021,PVFC_LIC_UNWIND,0.0
NI02PSMRTRE2021,PVFC_LIC_EXP_CLAIM_CF_CY,0.0
NI02PSMRTRE2021,PVFC_LIC_EXP_ATTEXP_CY,0.0
NI02PSMRTRE2021,PVFC_LIC_EXP_CLAIM_CF_PY,0.0
NI02PSMRTRE2021,PVFC_LIC_EXP_ATTEXP_PY,0.0
NI02PSMRTRE2021,RA_LRC_OP,0.0
NI02PSMRTRE2021,RA_LRC_NB_POS,0.0
NI02PSMRTRE2021,RA_LRC_UNWIND,0.0
NI02PSMRTRE2021,RA_LRC_RELEASE,0.0
NI02PSMRTRE2021,RA_LRC_DEREC,0.0
NI02PSMRTRE2021,RA_LRC_TASSCHG,0.0
NI02PSMRTRE2021,RA_LRC_FASSCHG,0.0
NI02PSMRTRE2021,RA_LRC_CLO,0.0
NI02PSMRTRE2021,RA_LIC_OP,0.0
NI02PSMRTRE2021,RA_LIC_UNWIND,0.0
NI02PSMRTRE2021,RA_LIC_INCLAIM,0.0
NI02PSMRTRE2021,RA_LIC_RELEASE_PY,0.0
NI02PSMRTRE2021,RA_LIC_DEREC,0.0
NI02PSMRTRE2021,RA_LIC_TASSCHG_PY,0.0
NI02PSMRTRE2021,RA_LIC_FASSCHG_PY,0.0
NI02PSMRTRE2021,RA_LIC_CLO,0.0
NI02PSMRTRE2021,ACQ_CF_LRC_UNWIND,0.0
NI02PSMRTRE2021,ACQ_CF_LRC_EXP_ACQ_CF,0.0
NI02PSMRTRE2021,CROSS_SUB_OP,0.0
NI02PSMRTRE2021,CROSS_SUB_EXP,0.0
NI02PSMRTRE2021,CROSS_SUB_NB,0.0
NI02PSMRTRE2021,CROSS_SUB_IF_NB_TECH,0.0
NI02PSMRTRE2021,CROSS_SUB_TASSCHG,0.0
NI02PSMRTRE2021,CROSS_SUB_FASSCHG,0.0
NI02PSMRTRE2021,CROSS_SUB_CLO,0.0
NI02PSMRTRE2021,CROSS_SUB_IF_NB_FIN,0.0
NI02PSMRTRE2021,RA_LIC_RELEASE_CY,0.0
NI02PSMRTRE2021,PVFC_LRC_EXP_PREM_CURR_CF,0.0
NI02PSMRTRE2021,PVFC_LRC_EXP_ACQ_CURR_CF,0.0
NI02PSMRTRE2021,RA_LIC_FEXPVAR_CY,0.0
NI02OTMLIFE2021,PVFC_LRC_UNWIND,0.0
NI02OTMLIFE2021,PVFC_LRC_EXP_PREM_FUT_CF,16784360.14643825
NI02OTMLIFE2021,PVFC_LRC_EXP_ACQ_FUT_CF,-1678436.0146438251
NI02OTMLIFE2021,PVFC_LRC_EXP_INCLAIM,-13263847.632878825
NI02OTMLIFE2021,PVFC_LRC_EXP_IC_PAYBL,0.0
NI02OTMLIFE2021,PVFC_LRC_EXP_ATTEXP,-1027734.1913439044
NI02OTMLIFE2021,PVFC_LIC_UNWIND,0.0
NI02OTMLIFE2021,PVFC_LIC_EXP_CLAIM_CF_CY,0.0
NI02OTMLIFE2021,PVFC_LIC_EXP_ATTEXP_CY,0.0
NI02OTMLIFE2021,PVFC_LIC_EXP_CLAIM_CF_PY,0.0
NI02OTMLIFE2021,PVFC_LIC_EXP_ATTEXP_PY,0.0
NI02OTMLIFE2021,RA_LRC_OP,4471950.178603423
NI02OTMLIFE2021,RA_LRC_NB_POS,0.0
NI02OTMLIFE2021,RA_LRC_UNWIND,-109937.13687170483
NI02OTMLIFE2021,RA_LRC_RELEASE,-247430.02213994158
NI02OTMLIFE2021,RA_LRC_DEREC,0.0
NI02OTMLIFE2021,RA_LRC_TASSCHG,103082.9017902771
NI02OTMLIFE2021,RA_LRC_FASSCHG,821866.4550374681
NI02OTMLIFE2021,RA_LRC_CLO,5039532.376419522
NI02OTMLIFE2021,RA_LIC_OP,0.0
NI02OTMLIFE2021,RA_LIC_UNWIND,0.0
NI02OTMLIFE2021,RA_LIC_INCLAIM,0.0
NI02OTMLIFE2021,RA_LIC_RELEASE_PY,0.0
NI02OTMLIFE2021,RA_LIC_DEREC,0.0
NI02OTMLIFE2021,RA_LIC_TASSCHG_PY,0.0
NI02OTMLIFE2021,RA_LIC_FASSCHG_PY,0.0
NI02OTMLIFE2021,RA_LIC_CLO,0.0
NI02OTMLIFE2021,ACQ_CF_LRC_UNWIND,0.0
NI02OTMLIFE2021,ACQ_CF_LRC_EXP_ACQ_CF,0.0
NI02OTMLIFE2021,CROSS_SUB_OP,0.0
NI02OTMLIFE2021,CROSS_SUB_EXP,0.0
NI02OTMLIFE2021,CROSS_SUB_NB,0.0
NI02OTMLIFE2021,CROSS_SUB_IF_NB_TECH,0.0
NI02OTMLIFE2021,CROSS_SUB_TASSCHG,0.0
NI02OTMLIFE2021,CROSS_SUB_FASSCHG,0.0
NI02OTMLIFE2021,CROSS_SUB_CLO,0.0
NI02OTMLIFE2021,CROSS_SUB_IF_NB_FIN,0.0
NI02OTMLIFE2021,RA_LIC_RELEASE_CY,0.0
NI02OTMLIFE2021,PVFC_LRC_EXP_PREM_CURR_CF,0.0
NI02OTMLIFE2021,PVFC_LRC_EXP_ACQ_CURR_CF,0.0
NI02OTMLIFE2021,RA_LIC_FEXPVAR_CY,0.0
NI02PTMLIFE2022,PVFC_LRC_UNWIND,0.0
NI02PTMLIFE2022,PVFC_LRC_EXP_PREM_FUT_CF,9639545.633495994
NI02PTMLIFE2022,PVFC_LRC_EXP_ACQ_FUT_CF,-963954.5633495995
NI02PTMLIFE2022,PVFC_LRC_EXP_INCLAIM,-6001711.04581381
NI02PTMLIFE2022,PVFC_LRC_EXP_IC_PAYBL,0.0
NI02PTMLIFE2022,PVFC_LRC_EXP_ATTEXP,-306281.36036328797
NI02PTMLIFE2022,PVFC_LIC_UNWIND,0.0
NI02PTMLIFE2022,PVFC_LIC_EXP_CLAIM_CF_CY,0.0
NI02PTMLIFE2022,PVFC_LIC_EXP_ATTEXP_CY,0.0
NI02PTMLIFE2022,PVFC_LIC_EXP_CLAIM_CF_PY,0.0
NI02PTMLIFE2022,PVFC_LIC_EXP_ATTEXP_PY,0.0
NI02PTMLIFE2022,RA_LRC_OP,784138.1078071095
NI02PTMLIFE2022,RA_LRC_NB_POS,0.0
NI02PTMLIFE2022,RA_LRC_UNWIND,-300096.2815463018
NI02PTMLIFE2022,RA_LRC_RELEASE,-864159.174512455
NI02PTMLIFE2022,RA_LRC_DEREC,0.0
NI02PTMLIFE2022,RA_LRC_TASSCHG,165496.81401708745
NI02PTMLIFE2022,RA_LRC_FASSCHG,105347.63446064084
NI02PTMLIFE2022,RA_LRC_CLO,-109272.89977391902
NI02PTMLIFE2022,RA_LIC_OP,0.0
NI02PTMLIFE2022,RA_LIC_UNWIND,0.0
NI02PTMLIFE2022,RA_LIC_INCLAIM,0.0
NI02PTMLIFE2022,RA_LIC_RELEASE_PY,0.0
NI02PTMLIFE2022,RA_LIC_DEREC,0.0
NI02PTMLIFE2022,RA_LIC_TASSCHG_PY,0.0
NI02PTMLIFE2022,RA_LIC_FASSCHG_PY,0.0
NI02PTMLIFE2022,RA_LIC_CLO,0.0
NI02PTMLIFE2022,ACQ_CF_LRC_UNWIND,0.0
NI02PTMLIFE2022,ACQ_CF_LRC_EXP_ACQ_CF,0.0
NI02PTMLIFE2022,CROSS_SUB_OP,0.0
NI02PTMLIFE2022,CROSS_SUB_EXP,0.0
NI02PTMLIFE2022,CROSS_SUB_NB,0.0
NI02PTMLIFE2022,CROSS_SUB_IF_NB_TECH,0.0
NI02PTMLIFE2022,CROSS_SUB_TASSCHG,0.0
NI02PTMLIFE2022,CROSS_SUB_FASSCHG,0.0
NI02PTMLIFE2022,CROSS_SUB_CLO,0.0
NI02PTMLIFE2022,CROSS_SUB_IF_NB_FIN,0.0
NI02PTMLIFE2022,RA_LIC_RELEASE_CY,0.0
NI02PTMLIFE2022,PVFC_LRC_EXP_PREM_CURR_CF,0.0
NI02PTMLIFE2022,PVFC_LRC_EXP_ACQ_CURR_CF,0.0
NI02PTMLIFE2022,RA_LIC_FEXPVAR_CY,0.0
NI02PTMLIFE2023,PVFC_LRC_UNWIND,0.0
NI02PTMLIFE2023,PVFC_LRC_EXP_PREM_FUT_CF,239168.96534941663
NI02PTMLIFE2023,PVFC_LRC_EXP_ACQ_FUT_CF,-23916.89653494166
NI02PTMLIFE2023,PVFC_LRC_EXP_INCLAIM,-273515.1756995773
NI02PTMLIFE2023,PVFC_LRC_EXP_IC_PAYBL,0.0
NI02PTMLIFE2023,PVFC_LRC_EXP_ATTEXP,-50734.524186877185
NI02PTMLIFE2023,PVFC_LIC_UNWIND,0.0
NI02PTMLIFE2023,PVFC_LIC_EXP_CLAIM_CF_CY,0.0
NI02PTMLIFE2023,PVFC_LIC_EXP_ATTEXP_CY,0.0
NI02PTMLIFE2023,PVFC_LIC_EXP_CLAIM_CF_PY,0.0
NI02PTMLIFE2023,PVFC_LIC_EXP_ATTEXP_PY,0.0
NI02PTMLIFE2023,RA_LRC_OP,22767.54353121815
NI02PTMLIFE2023,RA_LRC_NB_POS,0.0
NI02PTMLIFE2023,RA_LRC_UNWIND,-17222.125360950253
NI02PTMLIFE2023,RA_LRC_RELEASE,-4603.970915095557
NI02PTMLIFE2023,RA_LRC_DEREC,0.0
NI02PTMLIFE2023,RA_LRC_TASSCHG,1091124.374150982
NI02PTMLIFE2023,RA_LRC_FASSCHG,688.1799606919849
NI02PTMLIFE2023,RA_LRC_CLO,1092754.0013668463
NI02PTMLIFE2023,RA_LIC_OP,0.0
NI02PTMLIFE2023,RA_LIC_UNWIND,0.0
NI02PTMLIFE2023,RA_LIC_INCLAIM,0.0
NI02PTMLIFE2023,RA_LIC_RELEASE_PY,0.0
NI02PTMLIFE2023,RA_LIC_DEREC,0.0
NI02PTMLIFE2023,RA_LIC_TASSCHG_PY,0.0
NI02PTMLIFE2023,RA_LIC_FASSCHG_PY,0.0
NI02PTMLIFE2023,RA_LIC_CLO,0.0
NI02PTMLIFE2023,ACQ_CF_LRC_UNWIND,0.0
NI02PTMLIFE2023,ACQ_CF_LRC_EXP_ACQ_CF,0.0
NI02PTMLIFE2023,CROSS_SUB_OP,0.0
NI02PTMLIFE2023,CROSS_SUB_EXP,0.0
NI02PTMLIFE2023,CROSS_SUB_NB,0.0
NI02PTMLIFE2023,CROSS_SUB_IF_NB_TECH,0.0
NI02PTMLIFE2023,CROSS_SUB_TASSCHG,0.0
NI02PTMLIFE2023,CROSS_SUB_FASSCHG,0.0
NI02PTMLIFE2023,CROSS_SUB_CLO,0.0
NI02PTMLIFE2023,CROSS_SUB_IF_NB_FIN,0.0
NI02PTMLIFE2023,RA_LIC_RELEASE_CY,0.0
NI02PTMLIFE2023,PVFC_LRC_EXP_PREM_CURR_CF,0.0
NI02PTMLIFE2023,PVFC_LRC_EXP_ACQ_CURR_CF,0.0
NI02PTMLIFE2023,RA_LIC_FEXPVAR_CY,0.0
NI02PTMLIFE2024,PVFC_LRC_UNWIND,0.0
NI02PTMLIFE2024,PVFC_LRC_EXP_PREM_FUT_CF,7628823.49
NI02PTMLIFE2024,PVFC_LRC_EXP_ACQ_FUT_CF,1480064.6979999999
NI02PTMLIFE2024,PVFC_LRC_EXP_INCLAIM,2205426.108489256
NI02PTMLIFE2024,PVFC_LRC_EXP_IC_PAYBL,0.0
NI02PTMLIFE2024,PVFC_LRC_EXP_ATTEXP,1586685.554431485
NI02PTMLIFE2024,PVFC_LIC_UNWIND,0.0
NI02PTMLIFE2024,PVFC_LIC_EXP_CLAIM_CF_CY,0.0
NI02PTMLIFE2024,PVFC_LIC_EXP_ATTEXP_CY,0.0
NI02PTMLIFE2024,PVFC_LIC_EXP_CLAIM_CF_PY,0.0
NI02PTMLIFE2024,PVFC_LIC_EXP_ATTEXP_PY,0.0
NI02PTMLIFE2024,RA_LRC_OP,405006.3976795673
NI02PTMLIFE2024,RA_LRC_NB_POS,0.0
NI02PTMLIFE2024,RA_LRC_UNWIND,-110322.6589568702
NI02PTMLIFE2024,RA_LRC_RELEASE,-132408.31053900067
NI02PTMLIFE2024,RA_LRC_DEREC,0.0
NI02PTMLIFE2024,RA_LRC_TASSCHG,96433.18822088654
NI02PTMLIFE2024,RA_LRC_FASSCHG,34660.24589689687
NI02PTMLIFE2024,RA_LRC_CLO,293368.8623014798
NI02PTMLIFE2024,RA_LIC_OP,0.0
NI02PTMLIFE2024,RA_LIC_UNWIND,0.0
NI02PTMLIFE2024,RA_LIC_INCLAIM,0.0
NI02PTMLIFE2024,RA_LIC_RELEASE_PY,0.0
NI02PTMLIFE2024,RA_LIC_DEREC,0.0
NI02PTMLIFE2024,RA_LIC_TASSCHG_PY,0.0
NI02PTMLIFE2024,RA_LIC_FASSCHG_PY,0.0
NI02PTMLIFE2024,RA_LIC_CLO,0.0
NI02PTMLIFE2024,ACQ_CF_LRC_UNWIND,0.0
NI02PTMLIFE2024,ACQ_CF_LRC_EXP_ACQ_CF,0.0
NI02PTMLIFE2024,CROSS_SUB_OP,0.0
NI02PTMLIFE2024,CROSS_SUB_EXP,0.0
NI02PTMLIFE2024,CROSS_SUB_NB,0.0
NI02PTMLIFE2024,CROSS_SUB_IF_NB_TECH,0.0
NI02PTMLIFE2024,CROSS_SUB_TASSCHG,0.0
NI02PTMLIFE2024,CROSS_SUB_FASSCHG,0.0
NI02PTMLIFE2024,CROSS_SUB_CLO,0.0
NI02PTMLIFE2024,CROSS_SUB_IF_NB_FIN,0.0
NI02PTMLIFE2024,RA_LIC_RELEASE_CY,0.0
NI02PTMLIFE2024,PVFC_LRC_EXP_PREM_CURR_CF,0.0
NI02PTMLIFE2024,PVFC_LRC_EXP_ACQ_CURR_CF,0.0
NI02PTMLIFE2024,RA_LIC_FEXPVAR_CY,0.0
NI02PWHLIFE2021,PVFC_LRC_UNWIND,0.0
NI02PWHLIFE2021,PVFC_LRC_EXP_PREM_FUT_CF,67357501.4873898
NI02PWHLIFE2021,PVFC_LRC_EXP_ACQ_FUT_CF,-6735750.148738981
NI02PWHLIFE2021,PVFC_LRC_EXP_INCLAIM,-29676863.127618473
NI02PWHLIFE2021,PVFC_LRC_EXP_IC_PAYBL,-6348078.03957052
NI02PWHLIFE2021,PVFC_LRC_EXP_ATTEXP,-2809849.659858466
NI02PWHLIFE2021,PVFC_LIC_UNWIND,0.0
NI02PWHLIFE2021,PVFC_LIC_EXP_CLAIM_CF_CY,0.0
NI02PWHLIFE2021,PVFC_LIC_EXP_ATTEXP_CY,0.0
NI02PWHLIFE2021,PVFC_LIC_EXP_CLAIM_CF_PY,0.0
NI02PWHLIFE2021,PVFC_LIC_EXP_ATTEXP_PY,0.0
NI02PWHLIFE2021,RA_LRC_OP,13834825.755133899
NI02PWHLIFE2021,RA_LRC_NB_POS,0.0
NI02PWHLIFE2021,RA_LRC_UNWIND,1458103.9635101408
NI02PWHLIFE2021,RA_LRC_RELEASE,-410694.8454809296
NI02PWHLIFE2021,RA_LRC_DEREC,0.0
NI02PWHLIFE2021,RA_LRC_TASSCHG,-4638071.93390182
NI02PWHLIFE2021,RA_LRC_FASSCHG,2544234.5633150283
NI02PWHLIFE2021,RA_LRC_CLO,12788397.502576318
NI02PWHLIFE2021,RA_LIC_OP,0.0
NI02PWHLIFE2021,RA_LIC_UNWIND,0.0
NI02PWHLIFE2021,RA_LIC_INCLAIM,0.0
NI02PWHLIFE2021,RA_LIC_RELEASE_PY,0.0
NI02PWHLIFE2021,RA_LIC_DEREC,0.0
NI02PWHLIFE2021,RA_LIC_TASSCHG_PY,0.0
NI02PWHLIFE2021,RA_LIC_FASSCHG_PY,0.0
NI02PWHLIFE2021,RA_LIC_CLO,0.0
NI02PWHLIFE2021,ACQ_CF_LRC_UNWIND,0.0
NI02PWHLIFE2021,ACQ_CF_LRC_EXP_ACQ_CF,0.0
NI02PWHLIFE2021,CROSS_SUB_OP,0.0
NI02PWHLIFE2021,CROSS_SUB_EXP,0.0
NI02PWHLIFE2021,CROSS_SUB_NB,0.0
NI02PWHLIFE2021,CROSS_SUB_IF_NB_TECH,0.0
NI02PWHLIFE2021,CROSS_SUB_TASSCHG,0.0
NI02PWHLIFE2021,CROSS_SUB_FASSCHG,0.0
NI02PWHLIFE2021,CROSS_SUB_CLO,0.0
NI02PWHLIFE2021,CROSS_SUB_IF_NB_FIN,0.0
NI02PWHLIFE2021,RA_LIC_RELEASE_CY,0.0
NI02PWHLIFE2021,PVFC_LRC_EXP_PREM_CURR_CF,0.0
NI02PWHLIFE2021,PVFC_LRC_EXP_ACQ_CURR_CF,0.0
NI02PWHLIFE2021,RA_LIC_FEXPVAR_CY,0.0
NI02PWHLIFE2023,PVFC_LRC_UNWIND,0.0
NI02PWHLIFE2023,PVFC_LRC_EXP_PREM_FUT_CF,2966206.9544524155
NI02PWHLIFE2023,PVFC_LRC_EXP_ACQ_FUT_CF,-449628.68225282064
NI02PWHLIFE2023,PVFC_LRC_EXP_INCLAIM,-358692.1245400188
NI02PWHLIFE2023,PVFC_LRC_EXP_IC_PAYBL,-17405.388104308076
NI02PWHLIFE2023,PVFC_LRC_EXP_ATTEXP,-76481.51349055528
NI02PWHLIFE2023,PVFC_LIC_UNWIND,0.0
NI02PWHLIFE2023,PVFC_LIC_EXP_CLAIM_CF_CY,0.0
NI02PWHLIFE2023,PVFC_LIC_EXP_ATTEXP_CY,0.0
NI02PWHLIFE2023,PVFC_LIC_EXP_CLAIM_CF_PY,0.0
NI02PWHLIFE2023,PVFC_LIC_EXP_ATTEXP_PY,0.0
NI02PWHLIFE2023,RA_LRC_OP,190261.21229500358
NI02PWHLIFE2023,RA_LRC_NB_POS,0.0
NI02PWHLIFE2023,RA_LRC_UNWIND,16423.35167142452
NI02PWHLIFE2023,RA_LRC_RELEASE,-3543.681315953967
NI02PWHLIFE2023,RA_LRC_DEREC,0.0
NI02PWHLIFE2023,RA_LRC_TASSCHG,-76845.06740068938
NI02PWHLIFE2023,RA_LRC_FASSCHG,88298.57517484069
NI02PWHLIFE2023,RA_LRC_CLO,214594.39042462545
NI02PWHLIFE2023,RA_LIC_OP,0.0
NI02PWHLIFE2023,RA_LIC_UNWIND,0.0
NI02PWHLIFE2023,RA_LIC_INCLAIM,0.0
NI02PWHLIFE2023,RA_LIC_RELEASE_PY,0.0
NI02PWHLIFE2023,RA_LIC_DEREC,0.0
NI02PWHLIFE2023,RA_LIC_TASSCHG_PY,0.0
NI02PWHLIFE2023,RA_LIC_FASSCHG_PY,0.0
NI02PWHLIFE2023,RA_LIC_CLO,0.0
NI02PWHLIFE2023,ACQ_CF_LRC_UNWIND,0.0
NI02PWHLIFE2023,ACQ_CF_LRC_EXP_ACQ_CF,0.0
NI02PWHLIFE2023,CROSS_SUB_OP,0.0
NI02PWHLIFE2023,CROSS_SUB_EXP,0.0
NI02PWHLIFE2023,CROSS_SUB_NB,0.0
NI02PWHLIFE2023,CROSS_SUB_IF_NB_TECH,0.0
NI02PWHLIFE2023,CROSS_SUB_TASSCHG,0.0
NI02PWHLIFE2023,CROSS_SUB_FASSCHG,0.0
NI02PWHLIFE2023,CROSS_SUB_CLO,0.0
NI02PWHLIFE2023,CROSS_SUB_IF_NB_FIN,0.0
NI02PWHLIFE2023,RA_LIC_RELEASE_CY,0.0
NI02PWHLIFE2023,PVFC_LRC_EXP_PREM_CURR_CF,0.0
NI02PWHLIFE2023,PVFC_LRC_EXP_ACQ_CURR_CF,0.0
NI02PWHLIFE2023,RA_LIC_FEXPVAR_CY,0.0
