GOC_ID,VARIABLE_NAME,1
NI02PCLBRTE2021,ACTUARIAL_ACTUAL_CLAIMS_CF_CY,0
NI02PCLBRTE2021,ACTUARIAL_ACTUAL_EXPENSE_CLHANDL_CF_CY,0
NI02PCLBRTE2021,ACTUARIAL_ACTUAL_CLAIMS_CF_PY,0
NI02PCLBRTE2021,ACTUARIAL_ACTUAL_EXPENSE_CF_PY,0
NI02PCLBRTE2021,ACTUARIAL_ACTUAL_EXPENSE_NCLHANDL_CF_CY,0
NI02PCLBRTE2021,INVESTMENT_INCOME_PNL,0
NI02PCLBRTE2021,INVESTMENT_INCOME_OCI,0
NI02PCLBRTE2021,NON_ATTRIBUTABLE_EXPENSE,0
NI02PCLBRTE2022,ACTUARIAL_ACTUAL_CLAIMS_CF_CY,0
NI02PCLBRTE2022,ACTUARIAL_ACTUAL_EXPENSE_CLHANDL_CF_CY,0
NI02PCLBRTE2022,ACTUARIAL_ACTUAL_CLAIMS_CF_PY,0
NI02PCLBRTE2022,ACTUARIAL_ACTUAL_EXPENSE_CF_PY,0
NI02PCLBRTE2022,ACTUARIAL_ACTUAL_EXPENSE_NCLHANDL_CF_CY,0
NI02PCLBRTE2022,INVESTMENT_INCOME_PNL,0
NI02PCLBRTE2022,INVESTMENT_INCOME_OCI,0
NI02PCLBRTE2022,NON_ATTRIBUTABLE_EXPENSE,0
NI02OCLBRTE2023,ACTUARIAL_ACTUAL_CLAIMS_CF_CY,0
NI02OCLBRTE2023,ACTUARIAL_ACTUAL_EXPENSE_CLHANDL_CF_CY,0
NI02OCLBRTE2023,ACTUARIAL_ACTUAL_CLAIMS_CF_PY,0
NI02OCLBRTE2023,ACTUARIAL_ACTUAL_EXPENSE_CF_PY,0
NI02OCLBRTE2023,ACTUARIAL_ACTUAL_EXPENSE_NCLHANDL_CF_CY,0
NI02OCLBRTE2023,INVESTMENT_INCOME_PNL,0
NI02OCLBRTE2023,INVESTMENT_INCOME_OCI,0
NI02OCLBRTE2023,NON_ATTRIBUTABLE_EXPENSE,0
NI02PCLBRTE2023,ACTUARIAL_ACTUAL_CLAIMS_CF_CY,0
NI02PCLBRTE2023,ACTUARIAL_ACTUAL_EXPENSE_CLHANDL_CF_CY,0
NI02PCLBRTE2023,ACTUARIAL_ACTUAL_CLAIMS_CF_PY,0
NI02PCLBRTE2023,ACTUARIAL_ACTUAL_EXPENSE_CF_PY,0
NI02PCLBRTE2023,ACTUARIAL_ACTUAL_EXPENSE_NCLHANDL_CF_CY,0
NI02PCLBRTE2023,INVESTMENT_INCOME_PNL,0
NI02PCLBRTE2023,INVESTMENT_INCOME_OCI,0
NI02PCLBRTE2023,NON_ATTRIBUTABLE_EXPENSE,0
NI02PAIPLAN2021,ACTUARIAL_ACTUAL_CLAIMS_CF_CY,0
NI02PAIPLAN2021,ACTUARIAL_ACTUAL_EXPENSE_CLHANDL_CF_CY,0
NI02PAIPLAN2021,ACTUARIAL_ACTUAL_CLAIMS_CF_PY,0
NI02PAIPLAN2021,ACTUARIAL_ACTUAL_EXPENSE_CF_PY,0
NI02PAIPLAN2021,ACTUARIAL_ACTUAL_EXPENSE_NCLHANDL_CF_CY,0
NI02PAIPLAN2021,INVESTMENT_INCOME_PNL,0
NI02PAIPLAN2021,INVESTMENT_INCOME_OCI,0
NI02PAIPLAN2021,NON_ATTRIBUTABLE_EXPENSE,0
NI02PAIPLAN2022,ACTUARIAL_ACTUAL_CLAIMS_CF_CY,0
NI02PAIPLAN2022,ACTUARIAL_ACTUAL_EXPENSE_CLHANDL_CF_CY,0
NI02PAIPLAN2022,ACTUARIAL_ACTUAL_CLAIMS_CF_PY,0
NI02PAIPLAN2022,ACTUARIAL_ACTUAL_EXPENSE_CF_PY,0
NI02PAIPLAN2022,ACTUARIAL_ACTUAL_EXPENSE_NCLHANDL_CF_CY,0
NI02PAIPLAN2022,INVESTMENT_INCOME_PNL,0
NI02PAIPLAN2022,INVESTMENT_INCOME_OCI,0
NI02PAIPLAN2022,NON_ATTRIBUTABLE_EXPENSE,0
NI02OAIPLAN2023,ACTUARIAL_ACTUAL_CLAIMS_CF_CY,0
NI02OAIPLAN2023,ACTUARIAL_ACTUAL_EXPENSE_CLHANDL_CF_CY,0
NI02OAIPLAN2023,ACTUARIAL_ACTUAL_CLAIMS_CF_PY,0
NI02OAIPLAN2023,ACTUARIAL_ACTUAL_EXPENSE_CF_PY,0
NI02OAIPLAN2023,ACTUARIAL_ACTUAL_EXPENSE_NCLHANDL_CF_CY,0
NI02OAIPLAN2023,INVESTMENT_INCOME_PNL,0
NI02OAIPLAN2023,INVESTMENT_INCOME_OCI,0
NI02OAIPLAN2023,NON_ATTRIBUTABLE_EXPENSE,0
NI02PAIPLAN2023,ACTUARIAL_ACTUAL_CLAIMS_CF_CY,0
NI02PAIPLAN2023,ACTUARIAL_ACTUAL_EXPENSE_CLHANDL_CF_CY,0
NI02PAIPLAN2023,ACTUARIAL_ACTUAL_CLAIMS_CF_PY,0
NI02PAIPLAN2023,ACTUARIAL_ACTUAL_EXPENSE_CF_PY,0
NI02PAIPLAN2023,ACTUARIAL_ACTUAL_EXPENSE_NCLHANDL_CF_CY,0
NI02PAIPLAN2023,INVESTMENT_INCOME_PNL,0
NI02PAIPLAN2023,INVESTMENT_INCOME_OCI,0
NI02PAIPLAN2023,NON_ATTRIBUTABLE_EXPENSE,0
NI02PANNUIT2021,ACTUARIAL_ACTUAL_CLAIMS_CF_CY,0
NI02PANNUIT2021,ACTUARIAL_ACTUAL_EXPENSE_CLHANDL_CF_CY,0
NI02PANNUIT2021,ACTUARIAL_ACTUAL_CLAIMS_CF_PY,0
NI02PANNUIT2021,ACTUARIAL_ACTUAL_EXPENSE_CF_PY,0
NI02PANNUIT2021,ACTUARIAL_ACTUAL_EXPENSE_NCLHANDL_CF_CY,0
NI02PANNUIT2021,INVESTMENT_INCOME_PNL,0
NI02PANNUIT2021,INVESTMENT_INCOME_OCI,0
NI02PANNUIT2021,NON_ATTRIBUTABLE_EXPENSE,0
NI02PBNLIFE2021,ACTUARIAL_ACTUAL_CLAIMS_CF_CY,0
NI02PBNLIFE2021,ACTUARIAL_ACTUAL_EXPENSE_CLHANDL_CF_CY,0
NI02PBNLIFE2021,ACTUARIAL_ACTUAL_CLAIMS_CF_PY,0
NI02PBNLIFE2021,ACTUARIAL_ACTUAL_EXPENSE_CF_PY,0
NI02PBNLIFE2021,ACTUARIAL_ACTUAL_EXPENSE_NCLHANDL_CF_CY,0
NI02PBNLIFE2021,INVESTMENT_INCOME_PNL,0
NI02PBNLIFE2021,INVESTMENT_INCOME_OCI,0
NI02PBNLIFE2021,NON_ATTRIBUTABLE_EXPENSE,0
NI02PBNLIFE2022,ACTUARIAL_ACTUAL_CLAIMS_CF_CY,0
NI02PBNLIFE2022,ACTUARIAL_ACTUAL_EXPENSE_CLHANDL_CF_CY,0
NI02PBNLIFE2022,ACTUARIAL_ACTUAL_CLAIMS_CF_PY,0
NI02PBNLIFE2022,ACTUARIAL_ACTUAL_EXPENSE_CF_PY,0
NI02PBNLIFE2022,ACTUARIAL_ACTUAL_EXPENSE_NCLHANDL_CF_CY,0
NI02PBNLIFE2022,INVESTMENT_INCOME_PNL,0
NI02PBNLIFE2022,INVESTMENT_INCOME_OCI,0
NI02PBNLIFE2022,NON_ATTRIBUTABLE_EXPENSE,0
NI02PBNLIFE2023,ACTUARIAL_ACTUAL_CLAIMS_CF_CY,0
NI02PBNLIFE2023,ACTUARIAL_ACTUAL_EXPENSE_CLHANDL_CF_CY,0
NI02PBNLIFE2023,ACTUARIAL_ACTUAL_CLAIMS_CF_PY,0
NI02PBNLIFE2023,ACTUARIAL_ACTUAL_EXPENSE_CF_PY,0
NI02PBNLIFE2023,ACTUARIAL_ACTUAL_EXPENSE_NCLHANDL_CF_CY,0
NI02PBNLIFE2023,INVESTMENT_INCOME_PNL,0
NI02PBNLIFE2023,INVESTMENT_INCOME_OCI,0
NI02PBNLIFE2023,NON_ATTRIBUTABLE_EXPENSE,0
NI02PCTLIFE2021,ACTUARIAL_ACTUAL_CLAIMS_CF_CY,0
NI02PCTLIFE2021,ACTUARIAL_ACTUAL_EXPENSE_CLHANDL_CF_CY,0
NI02PCTLIFE2021,ACTUARIAL_ACTUAL_CLAIMS_CF_PY,0
NI02PCTLIFE2021,ACTUARIAL_ACTUAL_EXPENSE_CF_PY,0
NI02PCTLIFE2021,ACTUARIAL_ACTUAL_EXPENSE_NCLHANDL_CF_CY,0
NI02PCTLIFE2021,INVESTMENT_INCOME_PNL,0
NI02PCTLIFE2021,INVESTMENT_INCOME_OCI,0
NI02PCTLIFE2021,NON_ATTRIBUTABLE_EXPENSE,0
NI02PCTLIFE2022,ACTUARIAL_ACTUAL_CLAIMS_CF_CY,0
NI02PCTLIFE2022,ACTUARIAL_ACTUAL_EXPENSE_CLHANDL_CF_CY,0
NI02PCTLIFE2022,ACTUARIAL_ACTUAL_CLAIMS_CF_PY,0
NI02PCTLIFE2022,ACTUARIAL_ACTUAL_EXPENSE_CF_PY,0
NI02PCTLIFE2022,ACTUARIAL_ACTUAL_EXPENSE_NCLHANDL_CF_CY,0
NI02PCTLIFE2022,INVESTMENT_INCOME_PNL,0
NI02PCTLIFE2022,INVESTMENT_INCOME_OCI,0
NI02PCTLIFE2022,NON_ATTRIBUTABLE_EXPENSE,0
NI02OCRLIFE2021,ACTUARIAL_ACTUAL_CLAIMS_CF_CY,0
NI02OCRLIFE2021,ACTUARIAL_ACTUAL_EXPENSE_CLHANDL_CF_CY,0
NI02OCRLIFE2021,ACTUARIAL_ACTUAL_CLAIMS_CF_PY,0
NI02OCRLIFE2021,ACTUARIAL_ACTUAL_EXPENSE_CF_PY,0
NI02OCRLIFE2021,ACTUARIAL_ACTUAL_EXPENSE_NCLHANDL_CF_CY,0
NI02OCRLIFE2021,INVESTMENT_INCOME_PNL,0
NI02OCRLIFE2021,INVESTMENT_INCOME_OCI,0
NI02OCRLIFE2021,NON_ATTRIBUTABLE_EXPENSE,0
NI02OCRLIFE2022,ACTUARIAL_ACTUAL_CLAIMS_CF_CY,0
NI02OCRLIFE2022,ACTUARIAL_ACTUAL_EXPENSE_CLHANDL_CF_CY,0
NI02OCRLIFE2022,ACTUARIAL_ACTUAL_CLAIMS_CF_PY,0
NI02OCRLIFE2022,ACTUARIAL_ACTUAL_EXPENSE_CF_PY,0
NI02OCRLIFE2022,ACTUARIAL_ACTUAL_EXPENSE_NCLHANDL_CF_CY,0
NI02OCRLIFE2022,INVESTMENT_INCOME_PNL,0
NI02OCRLIFE2022,INVESTMENT_INCOME_OCI,0
NI02OCRLIFE2022,NON_ATTRIBUTABLE_EXPENSE,0
NI02PCRLIFE2023,ACTUARIAL_ACTUAL_CLAIMS_CF_CY,0
NI02PCRLIFE2023,ACTUARIAL_ACTUAL_EXPENSE_CLHANDL_CF_CY,0
NI02PCRLIFE2023,ACTUARIAL_ACTUAL_CLAIMS_CF_PY,0
NI02PCRLIFE2023,ACTUARIAL_ACTUAL_EXPENSE_CF_PY,0
NI02PCRLIFE2023,ACTUARIAL_ACTUAL_EXPENSE_NCLHANDL_CF_CY,0
NI02PCRLIFE2023,INVESTMENT_INCOME_PNL,0
NI02PCRLIFE2023,INVESTMENT_INCOME_OCI,0
NI02PCRLIFE2023,NON_ATTRIBUTABLE_EXPENSE,0
NI02OEDPLAN2021,ACTUARIAL_ACTUAL_CLAIMS_CF_CY,0
NI02OEDPLAN2021,ACTUARIAL_ACTUAL_EXPENSE_CLHANDL_CF_CY,0
NI02OEDPLAN2021,ACTUARIAL_ACTUAL_CLAIMS_CF_PY,0
NI02OEDPLAN2021,ACTUARIAL_ACTUAL_EXPENSE_CF_PY,0
NI02OEDPLAN2021,ACTUARIAL_ACTUAL_EXPENSE_NCLHANDL_CF_CY,0
NI02OEDPLAN2021,INVESTMENT_INCOME_PNL,0
NI02OEDPLAN2021,INVESTMENT_INCOME_OCI,0
NI02OEDPLAN2021,NON_ATTRIBUTABLE_EXPENSE,0
NI02PEDPLAN2022,ACTUARIAL_ACTUAL_CLAIMS_CF_CY,0
NI02PEDPLAN2022,ACTUARIAL_ACTUAL_EXPENSE_CLHANDL_CF_CY,0
NI02PEDPLAN2022,ACTUARIAL_ACTUAL_CLAIMS_CF_PY,0
NI02PEDPLAN2022,ACTUARIAL_ACTUAL_EXPENSE_CF_PY,0
NI02PEDPLAN2022,ACTUARIAL_ACTUAL_EXPENSE_NCLHANDL_CF_CY,0
NI02PEDPLAN2022,INVESTMENT_INCOME_PNL,0
NI02PEDPLAN2022,INVESTMENT_INCOME_OCI,0
NI02PEDPLAN2022,NON_ATTRIBUTABLE_EXPENSE,0
NI02OEDPLAN2022,ACTUARIAL_ACTUAL_CLAIMS_CF_CY,0
NI02OEDPLAN2022,ACTUARIAL_ACTUAL_EXPENSE_CLHANDL_CF_CY,0
NI02OEDPLAN2022,ACTUARIAL_ACTUAL_CLAIMS_CF_PY,0
NI02OEDPLAN2022,ACTUARIAL_ACTUAL_EXPENSE_CF_PY,0
NI02OEDPLAN2022,ACTUARIAL_ACTUAL_EXPENSE_NCLHANDL_CF_CY,0
NI02OEDPLAN2022,INVESTMENT_INCOME_PNL,0
NI02OEDPLAN2022,INVESTMENT_INCOME_OCI,0
NI02OEDPLAN2022,NON_ATTRIBUTABLE_EXPENSE,0
NI02OEDPLAN2023,ACTUARIAL_ACTUAL_CLAIMS_CF_CY,0
NI02OEDPLAN2023,ACTUARIAL_ACTUAL_EXPENSE_CLHANDL_CF_CY,0
NI02OEDPLAN2023,ACTUARIAL_ACTUAL_CLAIMS_CF_PY,0
NI02OEDPLAN2023,ACTUARIAL_ACTUAL_EXPENSE_CF_PY,0
NI02OEDPLAN2023,ACTUARIAL_ACTUAL_EXPENSE_NCLHANDL_CF_CY,0
NI02OEDPLAN2023,INVESTMENT_INCOME_PNL,0
NI02OEDPLAN2023,INVESTMENT_INCOME_OCI,0
NI02OEDPLAN2023,NON_ATTRIBUTABLE_EXPENSE,0
NI02PEDUPOL2021,ACTUARIAL_ACTUAL_CLAIMS_CF_CY,0
NI02PEDUPOL2021,ACTUARIAL_ACTUAL_EXPENSE_CLHANDL_CF_CY,0
NI02PEDUPOL2021,ACTUARIAL_ACTUAL_CLAIMS_CF_PY,0
NI02PEDUPOL2021,ACTUARIAL_ACTUAL_EXPENSE_CF_PY,0
NI02PEDUPOL2021,ACTUARIAL_ACTUAL_EXPENSE_NCLHANDL_CF_CY,0
NI02PEDUPOL2021,INVESTMENT_INCOME_PNL,0
NI02PEDUPOL2021,INVESTMENT_INCOME_OCI,0
NI02PEDUPOL2021,NON_ATTRIBUTABLE_EXPENSE,0
NI02PEDUPOL2022,ACTUARIAL_ACTUAL_CLAIMS_CF_CY,0
NI02PEDUPOL2022,ACTUARIAL_ACTUAL_EXPENSE_CLHANDL_CF_CY,0
NI02PEDUPOL2022,ACTUARIAL_ACTUAL_CLAIMS_CF_PY,0
NI02PEDUPOL2022,ACTUARIAL_ACTUAL_EXPENSE_CF_PY,0
NI02PEDUPOL2022,ACTUARIAL_ACTUAL_EXPENSE_NCLHANDL_CF_CY,0
NI02PEDUPOL2022,INVESTMENT_INCOME_PNL,0
NI02PEDUPOL2022,INVESTMENT_INCOME_OCI,0
NI02PEDUPOL2022,NON_ATTRIBUTABLE_EXPENSE,0
NI02OEDUPOL2022,ACTUARIAL_ACTUAL_CLAIMS_CF_CY,0
NI02OEDUPOL2022,ACTUARIAL_ACTUAL_EXPENSE_CLHANDL_CF_CY,0
NI02OEDUPOL2022,ACTUARIAL_ACTUAL_CLAIMS_CF_PY,0
NI02OEDUPOL2022,ACTUARIAL_ACTUAL_EXPENSE_CF_PY,0
NI02OEDUPOL2022,ACTUARIAL_ACTUAL_EXPENSE_NCLHANDL_CF_CY,0
NI02OEDUPOL2022,INVESTMENT_INCOME_PNL,0
NI02OEDUPOL2022,INVESTMENT_INCOME_OCI,0
NI02OEDUPOL2022,NON_ATTRIBUTABLE_EXPENSE,0
NI02OEDUPOL2023,ACTUARIAL_ACTUAL_CLAIMS_CF_CY,0
NI02OEDUPOL2023,ACTUARIAL_ACTUAL_EXPENSE_CLHANDL_CF_CY,0
NI02OEDUPOL2023,ACTUARIAL_ACTUAL_CLAIMS_CF_PY,0
NI02OEDUPOL2023,ACTUARIAL_ACTUAL_EXPENSE_CF_PY,0
NI02OEDUPOL2023,ACTUARIAL_ACTUAL_EXPENSE_NCLHANDL_CF_CY,0
NI02OEDUPOL2023,INVESTMENT_INCOME_PNL,0
NI02OEDUPOL2023,INVESTMENT_INCOME_OCI,0
NI02OEDUPOL2023,NON_ATTRIBUTABLE_EXPENSE,0
NI02PEIPLAN2021,ACTUARIAL_ACTUAL_CLAIMS_CF_CY,0
NI02PEIPLAN2021,ACTUARIAL_ACTUAL_EXPENSE_CLHANDL_CF_CY,0
NI02PEIPLAN2021,ACTUARIAL_ACTUAL_CLAIMS_CF_PY,0
NI02PEIPLAN2021,ACTUARIAL_ACTUAL_EXPENSE_CF_PY,0
NI02PEIPLAN2021,ACTUARIAL_ACTUAL_EXPENSE_NCLHANDL_CF_CY,0
NI02PEIPLAN2021,INVESTMENT_INCOME_PNL,0
NI02PEIPLAN2021,INVESTMENT_INCOME_OCI,0
NI02PEIPLAN2021,NON_ATTRIBUTABLE_EXPENSE,0
NI02OLIFESV2021,ACTUARIAL_ACTUAL_CLAIMS_CF_CY,0
NI02OLIFESV2021,ACTUARIAL_ACTUAL_EXPENSE_CLHANDL_CF_CY,0
NI02OLIFESV2021,ACTUARIAL_ACTUAL_CLAIMS_CF_PY,0
NI02OLIFESV2021,ACTUARIAL_ACTUAL_EXPENSE_CF_PY,0
NI02OLIFESV2021,ACTUARIAL_ACTUAL_EXPENSE_NCLHANDL_CF_CY,0
NI02OLIFESV2021,INVESTMENT_INCOME_PNL,0
NI02OLIFESV2021,INVESTMENT_INCOME_OCI,0
NI02OLIFESV2021,NON_ATTRIBUTABLE_EXPENSE,0
NI02OLIFESV2022,ACTUARIAL_ACTUAL_CLAIMS_CF_CY,0
NI02OLIFESV2022,ACTUARIAL_ACTUAL_EXPENSE_CLHANDL_CF_CY,0
NI02OLIFESV2022,ACTUARIAL_ACTUAL_CLAIMS_CF_PY,0
NI02OLIFESV2022,ACTUARIAL_ACTUAL_EXPENSE_CF_PY,0
NI02OLIFESV2022,ACTUARIAL_ACTUAL_EXPENSE_NCLHANDL_CF_CY,0
NI02OLIFESV2022,INVESTMENT_INCOME_PNL,0
NI02OLIFESV2022,INVESTMENT_INCOME_OCI,0
NI02OLIFESV2022,NON_ATTRIBUTABLE_EXPENSE,0
NI02OLIFESV2023,ACTUARIAL_ACTUAL_CLAIMS_CF_CY,0
NI02OLIFESV2023,ACTUARIAL_ACTUAL_EXPENSE_CLHANDL_CF_CY,0
NI02OLIFESV2023,ACTUARIAL_ACTUAL_CLAIMS_CF_PY,0
NI02OLIFESV2023,ACTUARIAL_ACTUAL_EXPENSE_CF_PY,0
NI02OLIFESV2023,ACTUARIAL_ACTUAL_EXPENSE_NCLHANDL_CF_CY,0
NI02OLIFESV2023,INVESTMENT_INCOME_PNL,0
NI02OLIFESV2023,INVESTMENT_INCOME_OCI,0
NI02OLIFESV2023,NON_ATTRIBUTABLE_EXPENSE,0
NI02PMFUNDS2021,ACTUARIAL_ACTUAL_CLAIMS_CF_CY,0
NI02PMFUNDS2021,ACTUARIAL_ACTUAL_EXPENSE_CLHANDL_CF_CY,0
NI02PMFUNDS2021,ACTUARIAL_ACTUAL_CLAIMS_CF_PY,0
NI02PMFUNDS2021,ACTUARIAL_ACTUAL_EXPENSE_CF_PY,0
NI02PMFUNDS2021,ACTUARIAL_ACTUAL_EXPENSE_NCLHANDL_CF_CY,0
NI02PMFUNDS2021,INVESTMENT_INCOME_PNL,0
NI02PMFUNDS2021,INVESTMENT_INCOME_OCI,0
NI02PMFUNDS2021,NON_ATTRIBUTABLE_EXPENSE,0
NI02OMFUNDS2023,ACTUARIAL_ACTUAL_CLAIMS_CF_CY,0
NI02OMFUNDS2023,ACTUARIAL_ACTUAL_EXPENSE_CLHANDL_CF_CY,0
NI02OMFUNDS2023,ACTUARIAL_ACTUAL_CLAIMS_CF_PY,0
NI02OMFUNDS2023,ACTUARIAL_ACTUAL_EXPENSE_CF_PY,0
NI02OMFUNDS2023,ACTUARIAL_ACTUAL_EXPENSE_NCLHANDL_CF_CY,0
NI02OMFUNDS2023,INVESTMENT_INCOME_PNL,0
NI02OMFUNDS2023,INVESTMENT_INCOME_OCI,0
NI02OMFUNDS2023,NON_ATTRIBUTABLE_EXPENSE,0
NI02OMLPLAN2021,ACTUARIAL_ACTUAL_CLAIMS_CF_CY,0
NI02OMLPLAN2021,ACTUARIAL_ACTUAL_EXPENSE_CLHANDL_CF_CY,0
NI02OMLPLAN2021,ACTUARIAL_ACTUAL_CLAIMS_CF_PY,0
NI02OMLPLAN2021,ACTUARIAL_ACTUAL_EXPENSE_CF_PY,0
NI02OMLPLAN2021,ACTUARIAL_ACTUAL_EXPENSE_NCLHANDL_CF_CY,0
NI02OMLPLAN2021,INVESTMENT_INCOME_PNL,0
NI02OMLPLAN2021,INVESTMENT_INCOME_OCI,0
NI02OMLPLAN2021,NON_ATTRIBUTABLE_EXPENSE,0
NI02OMLPLAN2022,ACTUARIAL_ACTUAL_CLAIMS_CF_CY,0
NI02OMLPLAN2022,ACTUARIAL_ACTUAL_EXPENSE_CLHANDL_CF_CY,0
NI02OMLPLAN2022,ACTUARIAL_ACTUAL_CLAIMS_CF_PY,0
NI02OMLPLAN2022,ACTUARIAL_ACTUAL_EXPENSE_CF_PY,0
NI02OMLPLAN2022,ACTUARIAL_ACTUAL_EXPENSE_NCLHANDL_CF_CY,0
NI02OMLPLAN2022,INVESTMENT_INCOME_PNL,0
NI02OMLPLAN2022,INVESTMENT_INCOME_OCI,0
NI02OMLPLAN2022,NON_ATTRIBUTABLE_EXPENSE,0
NI02OMLPLAN2023,ACTUARIAL_ACTUAL_CLAIMS_CF_CY,0
NI02OMLPLAN2023,ACTUARIAL_ACTUAL_EXPENSE_CLHANDL_CF_CY,0
NI02OMLPLAN2023,ACTUARIAL_ACTUAL_CLAIMS_CF_PY,0
NI02OMLPLAN2023,ACTUARIAL_ACTUAL_EXPENSE_CF_PY,0
NI02OMLPLAN2023,ACTUARIAL_ACTUAL_EXPENSE_NCLHANDL_CF_CY,0
NI02OMLPLAN2023,INVESTMENT_INCOME_PNL,0
NI02OMLPLAN2023,INVESTMENT_INCOME_OCI,0
NI02OMLPLAN2023,NON_ATTRIBUTABLE_EXPENSE,0
NI02OMORTGE2021,ACTUARIAL_ACTUAL_CLAIMS_CF_CY,0
NI02OMORTGE2021,ACTUARIAL_ACTUAL_EXPENSE_CLHANDL_CF_CY,0
NI02OMORTGE2021,ACTUARIAL_ACTUAL_CLAIMS_CF_PY,0
NI02OMORTGE2021,ACTUARIAL_ACTUAL_EXPENSE_CF_PY,0
NI02OMORTGE2021,ACTUARIAL_ACTUAL_EXPENSE_NCLHANDL_CF_CY,0
NI02OMORTGE2021,INVESTMENT_INCOME_PNL,0
NI02OMORTGE2021,INVESTMENT_INCOME_OCI,0
NI02OMORTGE2021,NON_ATTRIBUTABLE_EXPENSE,0
NI02PMORTGE2022,ACTUARIAL_ACTUAL_CLAIMS_CF_CY,0
NI02PMORTGE2022,ACTUARIAL_ACTUAL_EXPENSE_CLHANDL_CF_CY,0
NI02PMORTGE2022,ACTUARIAL_ACTUAL_CLAIMS_CF_PY,0
NI02PMORTGE2022,ACTUARIAL_ACTUAL_EXPENSE_CF_PY,0
NI02PMORTGE2022,ACTUARIAL_ACTUAL_EXPENSE_NCLHANDL_CF_CY,0
NI02PMORTGE2022,INVESTMENT_INCOME_PNL,0
NI02PMORTGE2022,INVESTMENT_INCOME_OCI,0
NI02PMORTGE2022,NON_ATTRIBUTABLE_EXPENSE,0
NI02PMORTGE2023,ACTUARIAL_ACTUAL_CLAIMS_CF_CY,0
NI02PMORTGE2023,ACTUARIAL_ACTUAL_EXPENSE_CLHANDL_CF_CY,0
NI02PMORTGE2023,ACTUARIAL_ACTUAL_CLAIMS_CF_PY,0
NI02PMORTGE2023,ACTUARIAL_ACTUAL_EXPENSE_CF_PY,0
NI02PMORTGE2023,ACTUARIAL_ACTUAL_EXPENSE_NCLHANDL_CF_CY,0
NI02PMORTGE2023,INVESTMENT_INCOME_PNL,0
NI02PMORTGE2023,INVESTMENT_INCOME_OCI,0
NI02PMORTGE2023,NON_ATTRIBUTABLE_EXPENSE,0
NI02OREINST2021,ACTUARIAL_ACTUAL_CLAIMS_CF_CY,0
NI02OREINST2021,ACTUARIAL_ACTUAL_EXPENSE_CLHANDL_CF_CY,0
NI02OREINST2021,ACTUARIAL_ACTUAL_CLAIMS_CF_PY,0
NI02OREINST2021,ACTUARIAL_ACTUAL_EXPENSE_CF_PY,0
NI02OREINST2021,ACTUARIAL_ACTUAL_EXPENSE_NCLHANDL_CF_CY,0
NI02OREINST2021,INVESTMENT_INCOME_PNL,0
NI02OREINST2021,INVESTMENT_INCOME_OCI,0
NI02OREINST2021,NON_ATTRIBUTABLE_EXPENSE,0
NI02OREINST2022,ACTUARIAL_ACTUAL_CLAIMS_CF_CY,0
NI02OREINST2022,ACTUARIAL_ACTUAL_EXPENSE_CLHANDL_CF_CY,0
NI02OREINST2022,ACTUARIAL_ACTUAL_CLAIMS_CF_PY,0
NI02OREINST2022,ACTUARIAL_ACTUAL_EXPENSE_CF_PY,0
NI02OREINST2022,ACTUARIAL_ACTUAL_EXPENSE_NCLHANDL_CF_CY,0
NI02OREINST2022,INVESTMENT_INCOME_PNL,0
NI02OREINST2022,INVESTMENT_INCOME_OCI,0
NI02OREINST2022,NON_ATTRIBUTABLE_EXPENSE,0
NI02PREINST2021,ACTUARIAL_ACTUAL_CLAIMS_CF_CY,0
NI02PREINST2021,ACTUARIAL_ACTUAL_EXPENSE_CLHANDL_CF_CY,0
NI02PREINST2021,ACTUARIAL_ACTUAL_CLAIMS_CF_PY,0
NI02PREINST2021,ACTUARIAL_ACTUAL_EXPENSE_CF_PY,0
NI02PREINST2021,ACTUARIAL_ACTUAL_EXPENSE_NCLHANDL_CF_CY,0
NI02PREINST2021,INVESTMENT_INCOME_PNL,0
NI02PREINST2021,INVESTMENT_INCOME_OCI,0
NI02PREINST2021,NON_ATTRIBUTABLE_EXPENSE,0
NI02PREINST2022,ACTUARIAL_ACTUAL_CLAIMS_CF_CY,0
NI02PREINST2022,ACTUARIAL_ACTUAL_EXPENSE_CLHANDL_CF_CY,0
NI02PREINST2022,ACTUARIAL_ACTUAL_CLAIMS_CF_PY,0
NI02PREINST2022,ACTUARIAL_ACTUAL_EXPENSE_CF_PY,0
NI02PREINST2022,ACTUARIAL_ACTUAL_EXPENSE_NCLHANDL_CF_CY,0
NI02PREINST2022,INVESTMENT_INCOME_PNL,0
NI02PREINST2022,INVESTMENT_INCOME_OCI,0
NI02PREINST2022,NON_ATTRIBUTABLE_EXPENSE,0
NI02PSMRTRE2021,ACTUARIAL_ACTUAL_CLAIMS_CF_CY,0
NI02PSMRTRE2021,ACTUARIAL_ACTUAL_EXPENSE_CLHANDL_CF_CY,0
NI02PSMRTRE2021,ACTUARIAL_ACTUAL_CLAIMS_CF_PY,0
NI02PSMRTRE2021,ACTUARIAL_ACTUAL_EXPENSE_CF_PY,0
NI02PSMRTRE2021,ACTUARIAL_ACTUAL_EXPENSE_NCLHANDL_CF_CY,0
NI02PSMRTRE2021,INVESTMENT_INCOME_PNL,0
NI02PSMRTRE2021,INVESTMENT_INCOME_OCI,0
NI02PSMRTRE2021,NON_ATTRIBUTABLE_EXPENSE,0
NI02OTMLIFE2021,ACTUARIAL_ACTUAL_CLAIMS_CF_CY,0
NI02OTMLIFE2021,ACTUARIAL_ACTUAL_EXPENSE_CLHANDL_CF_CY,0
NI02OTMLIFE2021,ACTUARIAL_ACTUAL_CLAIMS_CF_PY,0
NI02OTMLIFE2021,ACTUARIAL_ACTUAL_EXPENSE_CF_PY,0
NI02OTMLIFE2021,ACTUARIAL_ACTUAL_EXPENSE_NCLHANDL_CF_CY,0
NI02OTMLIFE2021,INVESTMENT_INCOME_PNL,0
NI02OTMLIFE2021,INVESTMENT_INCOME_OCI,0
NI02OTMLIFE2021,NON_ATTRIBUTABLE_EXPENSE,0
NI02PTMLIFE2022,ACTUARIAL_ACTUAL_CLAIMS_CF_CY,0
NI02PTMLIFE2022,ACTUARIAL_ACTUAL_EXPENSE_CLHANDL_CF_CY,0
NI02PTMLIFE2022,ACTUARIAL_ACTUAL_CLAIMS_CF_PY,0
NI02PTMLIFE2022,ACTUARIAL_ACTUAL_EXPENSE_CF_PY,0
NI02PTMLIFE2022,ACTUARIAL_ACTUAL_EXPENSE_NCLHANDL_CF_CY,0
NI02PTMLIFE2022,INVESTMENT_INCOME_PNL,0
NI02PTMLIFE2022,INVESTMENT_INCOME_OCI,0
NI02PTMLIFE2022,NON_ATTRIBUTABLE_EXPENSE,0
NI02PTMLIFE2023,ACTUARIAL_ACTUAL_CLAIMS_CF_CY,0
NI02PTMLIFE2023,ACTUARIAL_ACTUAL_EXPENSE_CLHANDL_CF_CY,0
NI02PTMLIFE2023,ACTUARIAL_ACTUAL_CLAIMS_CF_PY,0
NI02PTMLIFE2023,ACTUARIAL_ACTUAL_EXPENSE_CF_PY,0
NI02PTMLIFE2023,ACTUARIAL_ACTUAL_EXPENSE_NCLHANDL_CF_CY,0
NI02PTMLIFE2023,INVESTMENT_INCOME_PNL,0
NI02PTMLIFE2023,INVESTMENT_INCOME_OCI,0
NI02PTMLIFE2023,NON_ATTRIBUTABLE_EXPENSE,0
NI02PWHLIFE2021,ACTUARIAL_ACTUAL_CLAIMS_CF_CY,0
NI02PWHLIFE2021,ACTUARIAL_ACTUAL_EXPENSE_CLHANDL_CF_CY,0
NI02PWHLIFE2021,ACTUARIAL_ACTUAL_CLAIMS_CF_PY,0
NI02PWHLIFE2021,ACTUARIAL_ACTUAL_EXPENSE_CF_PY,0
NI02PWHLIFE2021,ACTUARIAL_ACTUAL_EXPENSE_NCLHANDL_CF_CY,0
NI02PWHLIFE2021,INVESTMENT_INCOME_PNL,0
NI02PWHLIFE2021,INVESTMENT_INCOME_OCI,0
NI02PWHLIFE2021,NON_ATTRIBUTABLE_EXPENSE,0
NI02PWHLIFE2023,ACTUARIAL_ACTUAL_CLAIMS_CF_CY,0
NI02PWHLIFE2023,ACTUARIAL_ACTUAL_EXPENSE_CLHANDL_CF_CY,0
NI02PWHLIFE2023,ACTUARIAL_ACTUAL_CLAIMS_CF_PY,0
NI02PWHLIFE2023,ACTUARIAL_ACTUAL_EXPENSE_CF_PY,0
NI02PWHLIFE2023,ACTUARIAL_ACTUAL_EXPENSE_NCLHANDL_CF_CY,0
NI02PWHLIFE2023,INVESTMENT_INCOME_PNL,0
NI02PWHLIFE2023,INVESTMENT_INCOME_OCI,0
NI02PWHLIFE2023,NON_ATTRIBUTABLE_EXPENSE,0
