GOC_ID,STEP_ID,1
NI02PCLBRTE2021,PVFC_LRC_UNWIND,0.0
NI02PCLBRTE2021,PVFC_LRC_EXP_PREM_FUT_CF,4229722.761893649
NI02PCLBRTE2021,PVFC_LRC_EXP_ACQ_FUT_CF,-422972.27618936467
NI02PCLBRTE2021,PVFC_LRC_EXP_INCLAIM,-336449.1251565379
NI02PCLBRTE2021,PVFC_LRC_EXP_IC_PAYBL,-4229722.761893649
NI02PCLBRTE2021,PVFC_LRC_EXP_ATTEXP,-411844.60851776856
NI02PCLBRTE2021,PVFC_LIC_UNWIND,0.0
NI02PCLBRTE2021,PVFC_LIC_EXP_CLAIM_CF_CY,0.0
NI02PCLBRTE2021,PVFC_LIC_EXP_ATTEXP_CY,0.0
NI02PCLBRTE2021,PVFC_LIC_EXP_CLAIM_CF_PY,0.0
NI02PCLBRTE2021,PVFC_LIC_EXP_ATTEXP_PY,0.0
NI02PCLBRTE2021,RA_LRC_OP,590193.8464888548
NI02PCLBRTE2021,RA_LRC_NB_POS,0.0
NI02PCLBRTE2021,RA_LRC_UNWIND,45458.32015355164
NI02PCLBRTE2021,RA_LRC_RELEASE,-37603.55983099149
NI02PCLBRTE2021,RA_LRC_DEREC,0.0
NI02PCLBRTE2021,RA_LRC_TASSCHG,-116435.44201136084
NI02PCLBRTE2021,RA_LRC_FASSCHG,32861.338835311064
NI02PCLBRTE2021,RA_LRC_CLO,514474.50363536517
NI02PCLBRTE2021,RA_LIC_OP,0.0
NI02PCLBRTE2021,RA_LIC_UNWIND,0.0
NI02PCLBRTE2021,RA_LIC_INCLAIM,0.0
NI02PCLBRTE2021,RA_LIC_RELEASE_PY,0.0
NI02PCLBRTE2021,RA_LIC_DEREC,0.0
NI02PCLBRTE2021,RA_LIC_TASSCHG_PY,0.0
NI02PCLBRTE2021,RA_LIC_FASSCHG_PY,0.0
NI02PCLBRTE2021,RA_LIC_CLO,0.0
NI02PCLBRTE2021,ACQ_CF_LRC_UNWIND,0.0
NI02PCLBRTE2021,ACQ_CF_LRC_EXP_ACQ_CF,0.0
NI02PCLBRTE2021,CROSS_SUB_OP,0.0
NI02PCLBRTE2021,CROSS_SUB_EXP,0.0
NI02PCLBRTE2021,CROSS_SUB_NB,0.0
NI02PCLBRTE2021,CROSS_SUB_IF_NB_TECH,0.0
NI02PCLBRTE2021,CROSS_SUB_TASSCHG,0.0
NI02PCLBRTE2021,CROSS_SUB_FASSCHG,0.0
NI02PCLBRTE2021,CROSS_SUB_CLO,0.0
NI02PCLBRTE2021,CROSS_SUB_IF_NB_FIN,0.0
NI02PCLBRTE2021,RA_LIC_RELEASE_CY,0.0
NI02PCLBRTE2021,PVFC_LRC_EXP_PREM_CURR_CF,0.0
NI02PCLBRTE2021,PVFC_LRC_EXP_ACQ_CURR_CF,0.0
NI02PCLBRTE2021,RA_LIC_FEXPVAR_CY,0.0
NI02PCLBRTE2022,PVFC_LRC_UNWIND,0.0
NI02PCLBRTE2022,PVFC_LRC_EXP_PREM_FUT_CF,1305111.122839343
NI02PCLBRTE2022,PVFC_LRC_EXP_ACQ_FUT_CF,-174383.1089599406
NI02PCLBRTE2022,PVFC_LRC_EXP_INCLAIM,-65608.24922454635
NI02PCLBRTE2022,PVFC_LRC_EXP_IC_PAYBL,-1305111.122839343
NI02PCLBRTE2022,PVFC_LRC_EXP_ATTEXP,-114170.46316970434
NI02PCLBRTE2022,PVFC_LIC_UNWIND,0.0
NI02PCLBRTE2022,PVFC_LIC_EXP_CLAIM_CF_CY,0.0
NI02PCLBRTE2022,PVFC_LIC_EXP_ATTEXP_CY,0.0
NI02PCLBRTE2022,PVFC_LIC_EXP_CLAIM_CF_PY,0.0
NI02PCLBRTE2022,PVFC_LIC_EXP_ATTEXP_PY,0.0
NI02PCLBRTE2022,RA_LRC_OP,153466.16738360623
NI02PCLBRTE2022,RA_LRC_NB_POS,0.0
NI02PCLBRTE2022,RA_LRC_UNWIND,-39838.361406150856
NI02PCLBRTE2022,RA_LRC_RELEASE,-9034.31268181411
NI02PCLBRTE2022,RA_LRC_DEREC,0.0
NI02PCLBRTE2022,RA_LRC_TASSCHG,-24355.534003043387
NI02PCLBRTE2022,RA_LRC_FASSCHG,7627.169795730064
NI02PCLBRTE2022,RA_LRC_CLO,87865.12908832794
NI02PCLBRTE2022,RA_LIC_OP,0.0
NI02PCLBRTE2022,RA_LIC_UNWIND,0.0
NI02PCLBRTE2022,RA_LIC_INCLAIM,0.0
NI02PCLBRTE2022,RA_LIC_RELEASE_PY,0.0
NI02PCLBRTE2022,RA_LIC_DEREC,0.0
NI02PCLBRTE2022,RA_LIC_TASSCHG_PY,0.0
NI02PCLBRTE2022,RA_LIC_FASSCHG_PY,0.0
NI02PCLBRTE2022,RA_LIC_CLO,0.0
NI02PCLBRTE2022,ACQ_CF_LRC_UNWIND,0.0
NI02PCLBRTE2022,ACQ_CF_LRC_EXP_ACQ_CF,0.0
NI02PCLBRTE2022,CROSS_SUB_OP,0.0
NI02PCLBRTE2022,CROSS_SUB_EXP,0.0
NI02PCLBRTE2022,CROSS_SUB_NB,0.0
NI02PCLBRTE2022,CROSS_SUB_IF_NB_TECH,0.0
NI02PCLBRTE2022,CROSS_SUB_TASSCHG,0.0
NI02PCLBRTE2022,CROSS_SUB_FASSCHG,0.0
NI02PCLBRTE2022,CROSS_SUB_CLO,0.0
NI02PCLBRTE2022,CROSS_SUB_IF_NB_FIN,0.0
NI02PCLBRTE2022,RA_LIC_RELEASE_CY,0.0
NI02PCLBRTE2022,PVFC_LRC_EXP_PREM_CURR_CF,0.0
NI02PCLBRTE2022,PVFC_LRC_EXP_ACQ_CURR_CF,0.0
NI02PCLBRTE2022,RA_LIC_FEXPVAR_CY,0.0
NI02OCLBRTE2023,PVFC_LRC_UNWIND,0.0
NI02OCLBRTE2023,PVFC_LRC_EXP_PREM_FUT_CF,164334.5
NI02OCLBRTE2023,PVFC_LRC_EXP_ACQ_FUT_CF,-16433.45
NI02OCLBRTE2023,PVFC_LRC_EXP_INCLAIM,-1461.1749814502589
NI02OCLBRTE2023,PVFC_LRC_EXP_IC_PAYBL,-164334.5
NI02OCLBRTE2023,PVFC_LRC_EXP_ATTEXP,-10296.162160057444
NI02OCLBRTE2023,PVFC_LIC_UNWIND,0.0
NI02OCLBRTE2023,PVFC_LIC_EXP_CLAIM_CF_CY,0.0
NI02OCLBRTE2023,PVFC_LIC_EXP_ATTEXP_CY,0.0
NI02OCLBRTE2023,PVFC_LIC_EXP_CLAIM_CF_PY,0.0
NI02OCLBRTE2023,PVFC_LIC_EXP_ATTEXP_PY,0.0
NI02OCLBRTE2023,RA_LRC_OP,9149.65919273147
NI02OCLBRTE2023,RA_LRC_NB_POS,0.0
NI02OCLBRTE2023,RA_LRC_UNWIND,-1280.2556778246126
NI02OCLBRTE2023,RA_LRC_RELEASE,-395.4357546238212
NI02OCLBRTE2023,RA_LRC_DEREC,0.0
NI02OCLBRTE2023,RA_LRC_TASSCHG,1797.0809286065569
NI02OCLBRTE2023,RA_LRC_FASSCHG,1351.7726366166826
NI02OCLBRTE2023,RA_LRC_CLO,10622.821325506275
NI02OCLBRTE2023,RA_LIC_OP,0.0
NI02OCLBRTE2023,RA_LIC_UNWIND,0.0
NI02OCLBRTE2023,RA_LIC_INCLAIM,0.0
NI02OCLBRTE2023,RA_LIC_RELEASE_PY,0.0
NI02OCLBRTE2023,RA_LIC_DEREC,0.0
NI02OCLBRTE2023,RA_LIC_TASSCHG_PY,0.0
NI02OCLBRTE2023,RA_LIC_FASSCHG_PY,0.0
NI02OCLBRTE2023,RA_LIC_CLO,0.0
NI02OCLBRTE2023,ACQ_CF_LRC_UNWIND,0.0
NI02OCLBRTE2023,ACQ_CF_LRC_EXP_ACQ_CF,0.0
NI02OCLBRTE2023,CROSS_SUB_OP,0.0
NI02OCLBRTE2023,CROSS_SUB_EXP,0.0
NI02OCLBRTE2023,CROSS_SUB_NB,0.0
NI02OCLBRTE2023,CROSS_SUB_IF_NB_TECH,0.0
NI02OCLBRTE2023,CROSS_SUB_TASSCHG,0.0
NI02OCLBRTE2023,CROSS_SUB_FASSCHG,0.0
NI02OCLBRTE2023,CROSS_SUB_CLO,0.0
NI02OCLBRTE2023,CROSS_SUB_IF_NB_FIN,0.0
NI02OCLBRTE2023,RA_LIC_RELEASE_CY,0.0
NI02OCLBRTE2023,PVFC_LRC_EXP_PREM_CURR_CF,0.0
NI02OCLBRTE2023,PVFC_LRC_EXP_ACQ_CURR_CF,0.0
NI02OCLBRTE2023,RA_LIC_FEXPVAR_CY,0.0
NI02PCLBRTE2023,PVFC_LRC_UNWIND,0.0
NI02PCLBRTE2023,PVFC_LRC_EXP_PREM_FUT_CF,2402592.771653863
NI02PCLBRTE2023,PVFC_LRC_EXP_ACQ_FUT_CF,-240259.27716538627
NI02PCLBRTE2023,PVFC_LRC_EXP_INCLAIM,-22522.887011370625
NI02PCLBRTE2023,PVFC_LRC_EXP_IC_PAYBL,-2402592.771653863
NI02PCLBRTE2023,PVFC_LRC_EXP_ATTEXP,-123583.55935842791
NI02PCLBRTE2023,PVFC_LIC_UNWIND,0.0
NI02PCLBRTE2023,PVFC_LIC_EXP_CLAIM_CF_CY,0.0
NI02PCLBRTE2023,PVFC_LIC_EXP_ATTEXP_CY,0.0
NI02PCLBRTE2023,PVFC_LIC_EXP_CLAIM_CF_PY,0.0
NI02PCLBRTE2023,PVFC_LIC_EXP_ATTEXP_PY,0.0
NI02PCLBRTE2023,RA_LRC_OP,123596.66807414232
NI02PCLBRTE2023,RA_LRC_NB_POS,0.0
NI02PCLBRTE2023,RA_LRC_UNWIND,-17336.36542626923
NI02PCLBRTE2023,RA_LRC_RELEASE,-4914.013452219274
NI02PCLBRTE2023,RA_LRC_DEREC,0.0
NI02PCLBRTE2023,RA_LRC_TASSCHG,-80339.98979226885
NI02PCLBRTE2023,RA_LRC_FASSCHG,243.8352261713262
NI02PCLBRTE2023,RA_LRC_CLO,21250.134629556294
NI02PCLBRTE2023,RA_LIC_OP,0.0
NI02PCLBRTE2023,RA_LIC_UNWIND,0.0
NI02PCLBRTE2023,RA_LIC_INCLAIM,0.0
NI02PCLBRTE2023,RA_LIC_RELEASE_PY,0.0
NI02PCLBRTE2023,RA_LIC_DEREC,0.0
NI02PCLBRTE2023,RA_LIC_TASSCHG_PY,0.0
NI02PCLBRTE2023,RA_LIC_FASSCHG_PY,0.0
NI02PCLBRTE2023,RA_LIC_CLO,0.0
NI02PCLBRTE2023,ACQ_CF_LRC_UNWIND,0.0
NI02PCLBRTE2023,ACQ_CF_LRC_EXP_ACQ_CF,0.0
NI02PCLBRTE2023,CROSS_SUB_OP,0.0
NI02PCLBRTE2023,CROSS_SUB_EXP,0.0
NI02PCLBRTE2023,CROSS_SUB_NB,0.0
NI02PCLBRTE2023,CROSS_SUB_IF_NB_TECH,0.0
NI02PCLBRTE2023,CROSS_SUB_TASSCHG,0.0
NI02PCLBRTE2023,CROSS_SUB_FASSCHG,0.0
NI02PCLBRTE2023,CROSS_SUB_CLO,0.0
NI02PCLBRTE2023,CROSS_SUB_IF_NB_FIN,0.0
NI02PCLBRTE2023,RA_LIC_RELEASE_CY,0.0
NI02PCLBRTE2023,PVFC_LRC_EXP_PREM_CURR_CF,0.0
NI02PCLBRTE2023,PVFC_LRC_EXP_ACQ_CURR_CF,0.0
NI02PCLBRTE2023,RA_LIC_FEXPVAR_CY,0.0
NI02PANNUIT2021,PVFC_LRC_UNWIND,0.0
NI02PANNUIT2021,PVFC_LRC_EXP_PREM_FUT_CF,0.0
NI02PANNUIT2021,PVFC_LRC_EXP_ACQ_FUT_CF,0.0
NI02PANNUIT2021,PVFC_LRC_EXP_INCLAIM,-287523970.1662815
NI02PANNUIT2021,PVFC_LRC_EXP_IC_PAYBL,-216638241.34100008
NI02PANNUIT2021,PVFC_LRC_EXP_ATTEXP,-2984412.169021486
NI02PANNUIT2021,PVFC_LIC_UNWIND,0.0
NI02PANNUIT2021,PVFC_LIC_EXP_CLAIM_CF_CY,0.0
NI02PANNUIT2021,PVFC_LIC_EXP_ATTEXP_CY,0.0
NI02PANNUIT2021,PVFC_LIC_EXP_CLAIM_CF_PY,0.0
NI02PANNUIT2021,PVFC_LIC_EXP_ATTEXP_PY,0.0
NI02PANNUIT2021,RA_LRC_OP,30504792.46643624
NI02PANNUIT2021,RA_LRC_NB_POS,0.0
NI02PANNUIT2021,RA_LRC_UNWIND,2254143.663100034
NI02PANNUIT2021,RA_LRC_RELEASE,-4646566.118551238
NI02PANNUIT2021,RA_LRC_DEREC,0.0
NI02PANNUIT2021,RA_LRC_TASSCHG,-7173201.227719892
NI02PANNUIT2021,RA_LRC_FASSCHG,72166.06916083395
NI02PANNUIT2021,RA_LRC_CLO,21011334.852425978
NI02PANNUIT2021,RA_LIC_OP,0.0
NI02PANNUIT2021,RA_LIC_UNWIND,0.0
NI02PANNUIT2021,RA_LIC_INCLAIM,0.0
NI02PANNUIT2021,RA_LIC_RELEASE_PY,0.0
NI02PANNUIT2021,RA_LIC_DEREC,0.0
NI02PANNUIT2021,RA_LIC_TASSCHG_PY,0.0
NI02PANNUIT2021,RA_LIC_FASSCHG_PY,0.0
NI02PANNUIT2021,RA_LIC_CLO,0.0
NI02PANNUIT2021,ACQ_CF_LRC_UNWIND,0.0
NI02PANNUIT2021,ACQ_CF_LRC_EXP_ACQ_CF,0.0
NI02PANNUIT2021,CROSS_SUB_OP,0.0
NI02PANNUIT2021,CROSS_SUB_EXP,0.0
NI02PANNUIT2021,CROSS_SUB_NB,0.0
NI02PANNUIT2021,CROSS_SUB_IF_NB_TECH,0.0
NI02PANNUIT2021,CROSS_SUB_TASSCHG,0.0
NI02PANNUIT2021,CROSS_SUB_FASSCHG,0.0
NI02PANNUIT2021,CROSS_SUB_CLO,0.0
NI02PANNUIT2021,CROSS_SUB_IF_NB_FIN,0.0
NI02PANNUIT2021,RA_LIC_RELEASE_CY,0.0
NI02PANNUIT2021,PVFC_LRC_EXP_PREM_CURR_CF,0.0
NI02PANNUIT2021,PVFC_LRC_EXP_ACQ_CURR_CF,0.0
NI02PANNUIT2021,RA_LIC_FEXPVAR_CY,0.0
NI02PBNLIFE2021,PVFC_LRC_UNWIND,0.0
NI02PBNLIFE2021,PVFC_LRC_EXP_PREM_FUT_CF,151516453.48112434
NI02PBNLIFE2021,PVFC_LRC_EXP_ACQ_FUT_CF,-5203399.339151998
NI02PBNLIFE2021,PVFC_LRC_EXP_INCLAIM,-20409658.687971957
NI02PBNLIFE2021,PVFC_LRC_EXP_IC_PAYBL,0.0
NI02PBNLIFE2021,PVFC_LRC_EXP_ATTEXP,-8154723.792861061
NI02PBNLIFE2021,PVFC_LIC_UNWIND,0.0
NI02PBNLIFE2021,PVFC_LIC_EXP_CLAIM_CF_CY,0.0
NI02PBNLIFE2021,PVFC_LIC_EXP_ATTEXP_CY,0.0
NI02PBNLIFE2021,PVFC_LIC_EXP_CLAIM_CF_PY,0.0
NI02PBNLIFE2021,PVFC_LIC_EXP_ATTEXP_PY,0.0
NI02PBNLIFE2021,RA_LRC_OP,24927718.755215507
NI02PBNLIFE2021,RA_LRC_NB_POS,0.0
NI02PBNLIFE2021,RA_LRC_UNWIND,1924334.4381614625
NI02PBNLIFE2021,RA_LRC_RELEASE,-1472340.5270989344
NI02PBNLIFE2021,RA_LRC_DEREC,0.0
NI02PBNLIFE2021,RA_LRC_TASSCHG,-6201150.540845331
NI02PBNLIFE2021,RA_LRC_FASSCHG,340924.56538815796
NI02PBNLIFE2021,RA_LRC_CLO,19519486.69082086
NI02PBNLIFE2021,RA_LIC_OP,0.0
NI02PBNLIFE2021,RA_LIC_UNWIND,0.0
NI02PBNLIFE2021,RA_LIC_INCLAIM,0.0
NI02PBNLIFE2021,RA_LIC_RELEASE_PY,0.0
NI02PBNLIFE2021,RA_LIC_DEREC,0.0
NI02PBNLIFE2021,RA_LIC_TASSCHG_PY,0.0
NI02PBNLIFE2021,RA_LIC_FASSCHG_PY,0.0
NI02PBNLIFE2021,RA_LIC_CLO,0.0
NI02PBNLIFE2021,ACQ_CF_LRC_UNWIND,0.0
NI02PBNLIFE2021,ACQ_CF_LRC_EXP_ACQ_CF,0.0
NI02PBNLIFE2021,CROSS_SUB_OP,0.0
NI02PBNLIFE2021,CROSS_SUB_EXP,0.0
NI02PBNLIFE2021,CROSS_SUB_NB,0.0
NI02PBNLIFE2021,CROSS_SUB_IF_NB_TECH,0.0
NI02PBNLIFE2021,CROSS_SUB_TASSCHG,0.0
NI02PBNLIFE2021,CROSS_SUB_FASSCHG,0.0
NI02PBNLIFE2021,CROSS_SUB_CLO,0.0
NI02PBNLIFE2021,CROSS_SUB_IF_NB_FIN,0.0
NI02PBNLIFE2021,RA_LIC_RELEASE_CY,0.0
NI02PBNLIFE2021,PVFC_LRC_EXP_PREM_CURR_CF,0.0
NI02PBNLIFE2021,PVFC_LRC_EXP_ACQ_CURR_CF,0.0
NI02PBNLIFE2021,RA_LIC_FEXPVAR_CY,0.0
NI02PBNLIFE2022,PVFC_LRC_UNWIND,0.0
NI02PBNLIFE2022,PVFC_LRC_EXP_PREM_FUT_CF,35094031.21047334
NI02PBNLIFE2022,PVFC_LRC_EXP_ACQ_FUT_CF,-4443649.818572301
NI02PBNLIFE2022,PVFC_LRC_EXP_INCLAIM,-2322424.4765123455
NI02PBNLIFE2022,PVFC_LRC_EXP_IC_PAYBL,0.0
NI02PBNLIFE2022,PVFC_LRC_EXP_ATTEXP,-1299463.031341666
NI02PBNLIFE2022,PVFC_LIC_UNWIND,0.0
NI02PBNLIFE2022,PVFC_LIC_EXP_CLAIM_CF_CY,0.0
NI02PBNLIFE2022,PVFC_LIC_EXP_ATTEXP_CY,0.0
NI02PBNLIFE2022,PVFC_LIC_EXP_CLAIM_CF_PY,0.0
NI02PBNLIFE2022,PVFC_LIC_EXP_ATTEXP_PY,0.0
NI02PBNLIFE2022,RA_LRC_OP,2924178.8150326936
NI02PBNLIFE2022,RA_LRC_NB_POS,0.0
NI02PBNLIFE2022,RA_LRC_UNWIND,-369140.6900030561
NI02PBNLIFE2022,RA_LRC_RELEASE,-186688.85161389658
NI02PBNLIFE2022,RA_LRC_DEREC,0.0
NI02PBNLIFE2022,RA_LRC_TASSCHG,656083.2529433486
NI02PBNLIFE2022,RA_LRC_FASSCHG,132250.36766188592
NI02PBNLIFE2022,RA_LRC_CLO,3156682.8940209756
NI02PBNLIFE2022,RA_LIC_OP,0.0
NI02PBNLIFE2022,RA_LIC_UNWIND,0.0
NI02PBNLIFE2022,RA_LIC_INCLAIM,0.0
NI02PBNLIFE2022,RA_LIC_RELEASE_PY,0.0
NI02PBNLIFE2022,RA_LIC_DEREC,0.0
NI02PBNLIFE2022,RA_LIC_TASSCHG_PY,0.0
NI02PBNLIFE2022,RA_LIC_FASSCHG_PY,0.0
NI02PBNLIFE2022,RA_LIC_CLO,0.0
NI02PBNLIFE2022,ACQ_CF_LRC_UNWIND,0.0
NI02PBNLIFE2022,ACQ_CF_LRC_EXP_ACQ_CF,0.0
NI02PBNLIFE2022,CROSS_SUB_OP,0.0
NI02PBNLIFE2022,CROSS_SUB_EXP,0.0
NI02PBNLIFE2022,CROSS_SUB_NB,0.0
NI02PBNLIFE2022,CROSS_SUB_IF_NB_TECH,0.0
NI02PBNLIFE2022,CROSS_SUB_TASSCHG,0.0
NI02PBNLIFE2022,CROSS_SUB_FASSCHG,0.0
NI02PBNLIFE2022,CROSS_SUB_CLO,0.0
NI02PBNLIFE2022,CROSS_SUB_IF_NB_FIN,0.0
NI02PBNLIFE2022,RA_LIC_RELEASE_CY,0.0
NI02PBNLIFE2022,PVFC_LRC_EXP_PREM_CURR_CF,0.0
NI02PBNLIFE2022,PVFC_LRC_EXP_ACQ_CURR_CF,0.0
NI02PBNLIFE2022,RA_LIC_FEXPVAR_CY,0.0
NI02PBNLIFE2023,PVFC_LRC_UNWIND,0.0
NI02PBNLIFE2023,PVFC_LRC_EXP_PREM_FUT_CF,44144850.67239503
NI02PBNLIFE2023,PVFC_LRC_EXP_ACQ_FUT_CF,-3417839.445200432
NI02PBNLIFE2023,PVFC_LRC_EXP_INCLAIM,-1472527.204479974
NI02PBNLIFE2023,PVFC_LRC_EXP_IC_PAYBL,0.0
NI02PBNLIFE2023,PVFC_LRC_EXP_ATTEXP,-2855560.124036639
NI02PBNLIFE2023,PVFC_LIC_UNWIND,0.0
NI02PBNLIFE2023,PVFC_LIC_EXP_CLAIM_CF_CY,0.0
NI02PBNLIFE2023,PVFC_LIC_EXP_ATTEXP_CY,0.0
NI02PBNLIFE2023,PVFC_LIC_EXP_CLAIM_CF_PY,0.0
NI02PBNLIFE2023,PVFC_LIC_EXP_ATTEXP_PY,0.0
NI02PBNLIFE2023,RA_LRC_OP,2535825.1230917084
NI02PBNLIFE2023,RA_LRC_NB_POS,0.0
NI02PBNLIFE2023,RA_LRC_UNWIND,-2354860.5112652644
NI02PBNLIFE2023,RA_LRC_RELEASE,-178339.78382429213
NI02PBNLIFE2023,RA_LRC_DEREC,0.0
NI02PBNLIFE2023,RA_LRC_TASSCHG,434.42863298535804
NI02PBNLIFE2023,RA_LRC_FASSCHG,158.8791086123124
NI02PBNLIFE2023,RA_LRC_CLO,3218.135743749587
NI02PBNLIFE2023,RA_LIC_OP,0.0
NI02PBNLIFE2023,RA_LIC_UNWIND,0.0
NI02PBNLIFE2023,RA_LIC_INCLAIM,0.0
NI02PBNLIFE2023,RA_LIC_RELEASE_PY,0.0
NI02PBNLIFE2023,RA_LIC_DEREC,0.0
NI02PBNLIFE2023,RA_LIC_TASSCHG_PY,0.0
NI02PBNLIFE2023,RA_LIC_FASSCHG_PY,0.0
NI02PBNLIFE2023,RA_LIC_CLO,0.0
NI02PBNLIFE2023,ACQ_CF_LRC_UNWIND,0.0
NI02PBNLIFE2023,ACQ_CF_LRC_EXP_ACQ_CF,0.0
NI02PBNLIFE2023,CROSS_SUB_OP,0.0
NI02PBNLIFE2023,CROSS_SUB_EXP,0.0
NI02PBNLIFE2023,CROSS_SUB_NB,0.0
NI02PBNLIFE2023,CROSS_SUB_IF_NB_TECH,0.0
NI02PBNLIFE2023,CROSS_SUB_TASSCHG,0.0
NI02PBNLIFE2023,CROSS_SUB_FASSCHG,0.0
NI02PBNLIFE2023,CROSS_SUB_CLO,0.0
NI02PBNLIFE2023,CROSS_SUB_IF_NB_FIN,0.0
NI02PBNLIFE2023,RA_LIC_RELEASE_CY,0.0
NI02PBNLIFE2023,PVFC_LRC_EXP_PREM_CURR_CF,0.0
NI02PBNLIFE2023,PVFC_LRC_EXP_ACQ_CURR_CF,0.0
NI02PBNLIFE2023,RA_LIC_FEXPVAR_CY,0.0
NI02PCTLIFE2021,PVFC_LRC_UNWIND,0.0
NI02PCTLIFE2021,PVFC_LRC_EXP_PREM_FUT_CF,2480303.836128205
NI02PCTLIFE2021,PVFC_LRC_EXP_ACQ_FUT_CF,-124015.19180641025
NI02PCTLIFE2021,PVFC_LRC_EXP_INCLAIM,-1628482.749065621
NI02PCTLIFE2021,PVFC_LRC_EXP_IC_PAYBL,-1240151.9180641025
NI02PCTLIFE2021,PVFC_LRC_EXP_ATTEXP,-125683.87842183564
NI02PCTLIFE2021,PVFC_LIC_UNWIND,0.0
NI02PCTLIFE2021,PVFC_LIC_EXP_CLAIM_CF_CY,0.0
NI02PCTLIFE2021,PVFC_LIC_EXP_ATTEXP_CY,0.0
NI02PCTLIFE2021,PVFC_LIC_EXP_CLAIM_CF_PY,0.0
NI02PCTLIFE2021,PVFC_LIC_EXP_ATTEXP_PY,0.0
NI02PCTLIFE2021,RA_LRC_OP,183983.0559560973
NI02PCTLIFE2021,RA_LRC_NB_POS,0.0
NI02PCTLIFE2021,RA_LRC_UNWIND,13402.198016620678
NI02PCTLIFE2021,RA_LRC_RELEASE,-40346.33335956464
NI02PCTLIFE2021,RA_LRC_DEREC,0.0
NI02PCTLIFE2021,RA_LRC_TASSCHG,-61521.4445767662
NI02PCTLIFE2021,RA_LRC_FASSCHG,1486.0348566237371
NI02PCTLIFE2021,RA_LRC_CLO,97003.51089301085
NI02PCTLIFE2021,RA_LIC_OP,0.0
NI02PCTLIFE2021,RA_LIC_UNWIND,0.0
NI02PCTLIFE2021,RA_LIC_INCLAIM,0.0
NI02PCTLIFE2021,RA_LIC_RELEASE_PY,0.0
NI02PCTLIFE2021,RA_LIC_DEREC,0.0
NI02PCTLIFE2021,RA_LIC_TASSCHG_PY,0.0
NI02PCTLIFE2021,RA_LIC_FASSCHG_PY,0.0
NI02PCTLIFE2021,RA_LIC_CLO,0.0
NI02PCTLIFE2021,ACQ_CF_LRC_UNWIND,0.0
NI02PCTLIFE2021,ACQ_CF_LRC_EXP_ACQ_CF,0.0
NI02PCTLIFE2021,CROSS_SUB_OP,0.0
NI02PCTLIFE2021,CROSS_SUB_EXP,0.0
NI02PCTLIFE2021,CROSS_SUB_NB,0.0
NI02PCTLIFE2021,CROSS_SUB_IF_NB_TECH,0.0
NI02PCTLIFE2021,CROSS_SUB_TASSCHG,0.0
NI02PCTLIFE2021,CROSS_SUB_FASSCHG,0.0
NI02PCTLIFE2021,CROSS_SUB_CLO,0.0
NI02PCTLIFE2021,CROSS_SUB_IF_NB_FIN,0.0
NI02PCTLIFE2021,RA_LIC_RELEASE_CY,0.0
NI02PCTLIFE2021,PVFC_LRC_EXP_PREM_CURR_CF,0.0
NI02PCTLIFE2021,PVFC_LRC_EXP_ACQ_CURR_CF,0.0
NI02PCTLIFE2021,RA_LIC_FEXPVAR_CY,0.0
NI02PCTLIFE2022,PVFC_LRC_UNWIND,0.0
NI02PCTLIFE2022,PVFC_LRC_EXP_PREM_FUT_CF,189061.08975209584
NI02PCTLIFE2022,PVFC_LRC_EXP_ACQ_FUT_CF,-18906.108975209583
NI02PCTLIFE2022,PVFC_LRC_EXP_INCLAIM,-60112.415472440334
NI02PCTLIFE2022,PVFC_LRC_EXP_IC_PAYBL,-94530.54487604792
NI02PCTLIFE2022,PVFC_LRC_EXP_ATTEXP,-23436.428087760556
NI02PCTLIFE2022,PVFC_LIC_UNWIND,0.0
NI02PCTLIFE2022,PVFC_LIC_EXP_CLAIM_CF_CY,0.0
NI02PCTLIFE2022,PVFC_LIC_EXP_ATTEXP_CY,0.0
NI02PCTLIFE2022,PVFC_LIC_EXP_CLAIM_CF_PY,0.0
NI02PCTLIFE2022,PVFC_LIC_EXP_ATTEXP_PY,0.0
NI02PCTLIFE2022,RA_LRC_OP,4650.610257263904
NI02PCTLIFE2022,RA_LRC_NB_POS,0.0
NI02PCTLIFE2022,RA_LRC_UNWIND,-600.1663319020381
NI02PCTLIFE2022,RA_LRC_RELEASE,-1921.6472604510793
NI02PCTLIFE2022,RA_LRC_DEREC,0.0
NI02PCTLIFE2022,RA_LRC_TASSCHG,145.6635028534938
NI02PCTLIFE2022,RA_LRC_FASSCHG,42.439514165113906
NI02PCTLIFE2022,RA_LRC_CLO,2316.8996819293943
NI02PCTLIFE2022,RA_LIC_OP,0.0
NI02PCTLIFE2022,RA_LIC_UNWIND,0.0
NI02PCTLIFE2022,RA_LIC_INCLAIM,0.0
NI02PCTLIFE2022,RA_LIC_RELEASE_PY,0.0
NI02PCTLIFE2022,RA_LIC_DEREC,0.0
NI02PCTLIFE2022,RA_LIC_TASSCHG_PY,0.0
NI02PCTLIFE2022,RA_LIC_FASSCHG_PY,0.0
NI02PCTLIFE2022,RA_LIC_CLO,0.0
NI02PCTLIFE2022,ACQ_CF_LRC_UNWIND,0.0
NI02PCTLIFE2022,ACQ_CF_LRC_EXP_ACQ_CF,0.0
NI02PCTLIFE2022,CROSS_SUB_OP,0.0
NI02PCTLIFE2022,CROSS_SUB_EXP,0.0
NI02PCTLIFE2022,CROSS_SUB_NB,0.0
NI02PCTLIFE2022,CROSS_SUB_IF_NB_TECH,0.0
NI02PCTLIFE2022,CROSS_SUB_TASSCHG,0.0
NI02PCTLIFE2022,CROSS_SUB_FASSCHG,0.0
NI02PCTLIFE2022,CROSS_SUB_CLO,0.0
NI02PCTLIFE2022,CROSS_SUB_IF_NB_FIN,0.0
NI02PCTLIFE2022,RA_LIC_RELEASE_CY,0.0
NI02PCTLIFE2022,PVFC_LRC_EXP_PREM_CURR_CF,0.0
NI02PCTLIFE2022,PVFC_LRC_EXP_ACQ_CURR_CF,0.0
NI02PCTLIFE2022,RA_LIC_FEXPVAR_CY,0.0
NI02OCRLIFE2021,PVFC_LRC_UNWIND,0.0
NI02OCRLIFE2021,PVFC_LRC_EXP_PREM_FUT_CF,0.0
NI02OCRLIFE2021,PVFC_LRC_EXP_ACQ_FUT_CF,0.0
NI02OCRLIFE2021,PVFC_LRC_EXP_INCLAIM,-123056111.97411327
NI02OCRLIFE2021,PVFC_LRC_EXP_IC_PAYBL,0.0
NI02OCRLIFE2021,PVFC_LRC_EXP_ATTEXP,-13575807.027123187
NI02OCRLIFE2021,PVFC_LIC_UNWIND,0.0
NI02OCRLIFE2021,PVFC_LIC_EXP_CLAIM_CF_CY,0.0
NI02OCRLIFE2021,PVFC_LIC_EXP_ATTEXP_CY,0.0
NI02OCRLIFE2021,PVFC_LIC_EXP_CLAIM_CF_PY,0.0
NI02OCRLIFE2021,PVFC_LIC_EXP_ATTEXP_PY,0.0
NI02OCRLIFE2021,RA_LRC_OP,11226829.458336718
NI02OCRLIFE2021,RA_LRC_NB_POS,0.0
NI02OCRLIFE2021,RA_LRC_UNWIND,563971.578115154
NI02OCRLIFE2021,RA_LRC_RELEASE,-8073431.113707732
NI02OCRLIFE2021,RA_LRC_DEREC,0.0
NI02OCRLIFE2021,RA_LRC_TASSCHG,-40065.378310223576
NI02OCRLIFE2021,RA_LRC_FASSCHG,54963.503831093665
NI02OCRLIFE2021,RA_LRC_CLO,3732268.04826501
NI02OCRLIFE2021,RA_LIC_OP,0.0
NI02OCRLIFE2021,RA_LIC_UNWIND,0.0
NI02OCRLIFE2021,RA_LIC_INCLAIM,0.0
NI02OCRLIFE2021,RA_LIC_RELEASE_PY,0.0
NI02OCRLIFE2021,RA_LIC_DEREC,0.0
NI02OCRLIFE2021,RA_LIC_TASSCHG_PY,0.0
NI02OCRLIFE2021,RA_LIC_FASSCHG_PY,0.0
NI02OCRLIFE2021,RA_LIC_CLO,0.0
NI02OCRLIFE2021,ACQ_CF_LRC_UNWIND,0.0
NI02OCRLIFE2021,ACQ_CF_LRC_EXP_ACQ_CF,0.0
NI02OCRLIFE2021,CROSS_SUB_OP,0.0
NI02OCRLIFE2021,CROSS_SUB_EXP,0.0
NI02OCRLIFE2021,CROSS_SUB_NB,0.0
NI02OCRLIFE2021,CROSS_SUB_IF_NB_TECH,0.0
NI02OCRLIFE2021,CROSS_SUB_TASSCHG,0.0
NI02OCRLIFE2021,CROSS_SUB_FASSCHG,0.0
NI02OCRLIFE2021,CROSS_SUB_CLO,0.0
NI02OCRLIFE2021,CROSS_SUB_IF_NB_FIN,0.0
NI02OCRLIFE2021,RA_LIC_RELEASE_CY,0.0
NI02OCRLIFE2021,PVFC_LRC_EXP_PREM_CURR_CF,0.0
NI02OCRLIFE2021,PVFC_LRC_EXP_ACQ_CURR_CF,0.0
NI02OCRLIFE2021,RA_LIC_FEXPVAR_CY,0.0
NI02OCRLIFE2022,PVFC_LRC_UNWIND,0.0
NI02OCRLIFE2022,PVFC_LRC_EXP_PREM_FUT_CF,10379094.899036001
NI02OCRLIFE2022,PVFC_LRC_EXP_ACQ_FUT_CF,-1936024.7532241005
NI02OCRLIFE2022,PVFC_LRC_EXP_INCLAIM,-52620646.82078548
NI02OCRLIFE2022,PVFC_LRC_EXP_IC_PAYBL,0.0
NI02OCRLIFE2022,PVFC_LRC_EXP_ATTEXP,-862091.4245062097
NI02OCRLIFE2022,PVFC_LIC_UNWIND,0.0
NI02OCRLIFE2022,PVFC_LIC_EXP_CLAIM_CF_CY,0.0
NI02OCRLIFE2022,PVFC_LIC_EXP_ATTEXP_CY,0.0
NI02OCRLIFE2022,PVFC_LIC_EXP_CLAIM_CF_PY,0.0
NI02OCRLIFE2022,PVFC_LIC_EXP_ATTEXP_PY,0.0
NI02OCRLIFE2022,RA_LRC_OP,3634485.022546626
NI02OCRLIFE2022,RA_LRC_NB_POS,0.0
NI02OCRLIFE2022,RA_LRC_UNWIND,129785.7975266003
NI02OCRLIFE2022,RA_LRC_RELEASE,-3160309.4046570584
NI02OCRLIFE2022,RA_LRC_DEREC,0.0
NI02OCRLIFE2022,RA_LRC_TASSCHG,-603961.4154161682
NI02OCRLIFE2022,RA_LRC_FASSCHG,0.0
NI02OCRLIFE2022,RA_LRC_CLO,0.0
NI02OCRLIFE2022,RA_LIC_OP,0.0
NI02OCRLIFE2022,RA_LIC_UNWIND,0.0
NI02OCRLIFE2022,RA_LIC_INCLAIM,0.0
NI02OCRLIFE2022,RA_LIC_RELEASE_PY,0.0
NI02OCRLIFE2022,RA_LIC_DEREC,0.0
NI02OCRLIFE2022,RA_LIC_TASSCHG_PY,0.0
NI02OCRLIFE2022,RA_LIC_FASSCHG_PY,0.0
NI02OCRLIFE2022,RA_LIC_CLO,0.0
NI02OCRLIFE2022,ACQ_CF_LRC_UNWIND,0.0
NI02OCRLIFE2022,ACQ_CF_LRC_EXP_ACQ_CF,0.0
NI02OCRLIFE2022,CROSS_SUB_OP,0.0
NI02OCRLIFE2022,CROSS_SUB_EXP,0.0
NI02OCRLIFE2022,CROSS_SUB_NB,0.0
NI02OCRLIFE2022,CROSS_SUB_IF_NB_TECH,0.0
NI02OCRLIFE2022,CROSS_SUB_TASSCHG,0.0
NI02OCRLIFE2022,CROSS_SUB_FASSCHG,0.0
NI02OCRLIFE2022,CROSS_SUB_CLO,0.0
NI02OCRLIFE2022,CROSS_SUB_IF_NB_FIN,0.0
NI02OCRLIFE2022,RA_LIC_RELEASE_CY,0.0
NI02OCRLIFE2022,PVFC_LRC_EXP_PREM_CURR_CF,0.0
NI02OCRLIFE2022,PVFC_LRC_EXP_ACQ_CURR_CF,0.0
NI02OCRLIFE2022,RA_LIC_FEXPVAR_CY,0.0
NI02PCRLIFE2023,PVFC_LRC_UNWIND,0.0
NI02PCRLIFE2023,PVFC_LRC_EXP_PREM_FUT_CF,47361611.32908727
NI02PCRLIFE2023,PVFC_LRC_EXP_ACQ_FUT_CF,-4689595.156350981
NI02PCRLIFE2023,PVFC_LRC_EXP_INCLAIM,-18106488.24833253
NI02PCRLIFE2023,PVFC_LRC_EXP_IC_PAYBL,0.0
NI02PCRLIFE2023,PVFC_LRC_EXP_ATTEXP,-11654143.145422889
NI02PCRLIFE2023,PVFC_LIC_UNWIND,0.0
NI02PCRLIFE2023,PVFC_LIC_EXP_CLAIM_CF_CY,0.0
NI02PCRLIFE2023,PVFC_LIC_EXP_ATTEXP_CY,0.0
NI02PCRLIFE2023,PVFC_LIC_EXP_CLAIM_CF_PY,0.0
NI02PCRLIFE2023,PVFC_LIC_EXP_ATTEXP_PY,0.0
NI02PCRLIFE2023,RA_LRC_OP,2063171.300406536
NI02PCRLIFE2023,RA_LRC_NB_POS,0.0
NI02PCRLIFE2023,RA_LRC_UNWIND,43192.595505258534
NI02PCRLIFE2023,RA_LRC_RELEASE,-1712920.0917741377
NI02PCRLIFE2023,RA_LRC_DEREC,0.0
NI02PCRLIFE2023,RA_LRC_TASSCHG,-393443.8041376571
NI02PCRLIFE2023,RA_LRC_FASSCHG,0.0
NI02PCRLIFE2023,RA_LRC_CLO,0.0
NI02PCRLIFE2023,RA_LIC_OP,0.0
NI02PCRLIFE2023,RA_LIC_UNWIND,0.0
NI02PCRLIFE2023,RA_LIC_INCLAIM,0.0
NI02PCRLIFE2023,RA_LIC_RELEASE_PY,0.0
NI02PCRLIFE2023,RA_LIC_DEREC,0.0
NI02PCRLIFE2023,RA_LIC_TASSCHG_PY,0.0
NI02PCRLIFE2023,RA_LIC_FASSCHG_PY,0.0
NI02PCRLIFE2023,RA_LIC_CLO,0.0
NI02PCRLIFE2023,ACQ_CF_LRC_UNWIND,0.0
NI02PCRLIFE2023,ACQ_CF_LRC_EXP_ACQ_CF,0.0
NI02PCRLIFE2023,CROSS_SUB_OP,0.0
NI02PCRLIFE2023,CROSS_SUB_EXP,0.0
NI02PCRLIFE2023,CROSS_SUB_NB,0.0
NI02PCRLIFE2023,CROSS_SUB_IF_NB_TECH,0.0
NI02PCRLIFE2023,CROSS_SUB_TASSCHG,0.0
NI02PCRLIFE2023,CROSS_SUB_FASSCHG,0.0
NI02PCRLIFE2023,CROSS_SUB_CLO,0.0
NI02PCRLIFE2023,CROSS_SUB_IF_NB_FIN,0.0
NI02PCRLIFE2023,RA_LIC_RELEASE_CY,0.0
NI02PCRLIFE2023,PVFC_LRC_EXP_PREM_CURR_CF,0.0
NI02PCRLIFE2023,PVFC_LRC_EXP_ACQ_CURR_CF,0.0
NI02PCRLIFE2023,RA_LIC_FEXPVAR_CY,0.0
NI02OEDPLAN2021,PVFC_LRC_UNWIND,0.0
NI02OEDPLAN2021,PVFC_LRC_EXP_PREM_FUT_CF,3988648.5745927654
NI02OEDPLAN2021,PVFC_LRC_EXP_ACQ_FUT_CF,-398864.8574592765
NI02OEDPLAN2021,PVFC_LRC_EXP_INCLAIM,-4679551.1185319
NI02OEDPLAN2021,PVFC_LRC_EXP_IC_PAYBL,0.0
NI02OEDPLAN2021,PVFC_LRC_EXP_ATTEXP,-77969.23039569915
NI02OEDPLAN2021,PVFC_LIC_UNWIND,0.0
NI02OEDPLAN2021,PVFC_LIC_EXP_CLAIM_CF_CY,0.0
NI02OEDPLAN2021,PVFC_LIC_EXP_ATTEXP_CY,0.0
NI02OEDPLAN2021,PVFC_LIC_EXP_CLAIM_CF_PY,0.0
NI02OEDPLAN2021,PVFC_LIC_EXP_ATTEXP_PY,0.0
NI02OEDPLAN2021,RA_LRC_OP,2293485.8180163023
NI02OEDPLAN2021,RA_LRC_NB_POS,0.0
NI02OEDPLAN2021,RA_LRC_UNWIND,170039.95828562835
NI02OEDPLAN2021,RA_LRC_RELEASE,-330733.93281876406
NI02OEDPLAN2021,RA_LRC_DEREC,0.0
NI02OEDPLAN2021,RA_LRC_TASSCHG,52376.57940877043
NI02OEDPLAN2021,RA_LRC_FASSCHG,39453.93909351854
NI02OEDPLAN2021,RA_LRC_CLO,2224622.3619854557
NI02OEDPLAN2021,RA_LIC_OP,0.0
NI02OEDPLAN2021,RA_LIC_UNWIND,0.0
NI02OEDPLAN2021,RA_LIC_INCLAIM,0.0
NI02OEDPLAN2021,RA_LIC_RELEASE_PY,0.0
NI02OEDPLAN2021,RA_LIC_DEREC,0.0
NI02OEDPLAN2021,RA_LIC_TASSCHG_PY,0.0
NI02OEDPLAN2021,RA_LIC_FASSCHG_PY,0.0
NI02OEDPLAN2021,RA_LIC_CLO,0.0
NI02OEDPLAN2021,ACQ_CF_LRC_UNWIND,0.0
NI02OEDPLAN2021,ACQ_CF_LRC_EXP_ACQ_CF,0.0
NI02OEDPLAN2021,CROSS_SUB_OP,0.0
NI02OEDPLAN2021,CROSS_SUB_EXP,0.0
NI02OEDPLAN2021,CROSS_SUB_NB,0.0
NI02OEDPLAN2021,CROSS_SUB_IF_NB_TECH,0.0
NI02OEDPLAN2021,CROSS_SUB_TASSCHG,0.0
NI02OEDPLAN2021,CROSS_SUB_FASSCHG,0.0
NI02OEDPLAN2021,CROSS_SUB_CLO,0.0
NI02OEDPLAN2021,CROSS_SUB_IF_NB_FIN,0.0
NI02OEDPLAN2021,RA_LIC_RELEASE_CY,0.0
NI02OEDPLAN2021,PVFC_LRC_EXP_PREM_CURR_CF,0.0
NI02OEDPLAN2021,PVFC_LRC_EXP_ACQ_CURR_CF,0.0
NI02OEDPLAN2021,RA_LIC_FEXPVAR_CY,0.0
NI02PEDPLAN2022,PVFC_LRC_UNWIND,0.0
NI02PEDPLAN2022,PVFC_LRC_EXP_PREM_FUT_CF,0.0
NI02PEDPLAN2022,PVFC_LRC_EXP_ACQ_FUT_CF,0.0
NI02PEDPLAN2022,PVFC_LRC_EXP_INCLAIM,-500230.4409010601
NI02PEDPLAN2022,PVFC_LRC_EXP_IC_PAYBL,0.0
NI02PEDPLAN2022,PVFC_LRC_EXP_ATTEXP,-6581.943181902067
NI02PEDPLAN2022,PVFC_LIC_UNWIND,0.0
NI02PEDPLAN2022,PVFC_LIC_EXP_CLAIM_CF_CY,0.0
NI02PEDPLAN2022,PVFC_LIC_EXP_ATTEXP_CY,0.0
NI02PEDPLAN2022,PVFC_LIC_EXP_CLAIM_CF_PY,0.0
NI02PEDPLAN2022,PVFC_LIC_EXP_ATTEXP_PY,0.0
NI02PEDPLAN2022,RA_LRC_OP,34048.40893313114
NI02PEDPLAN2022,RA_LRC_NB_POS,0.0
NI02PEDPLAN2022,RA_LRC_UNWIND,1184.2418377259091
NI02PEDPLAN2022,RA_LRC_RELEASE,-35232.65077085705
NI02PEDPLAN2022,RA_LRC_DEREC,0.0
NI02PEDPLAN2022,RA_LRC_TASSCHG,0.0
NI02PEDPLAN2022,RA_LRC_FASSCHG,0.0
NI02PEDPLAN2022,RA_LRC_CLO,0.0
NI02PEDPLAN2022,RA_LIC_OP,0.0
NI02PEDPLAN2022,RA_LIC_UNWIND,0.0
NI02PEDPLAN2022,RA_LIC_INCLAIM,0.0
NI02PEDPLAN2022,RA_LIC_RELEASE_PY,0.0
NI02PEDPLAN2022,RA_LIC_DEREC,0.0
NI02PEDPLAN2022,RA_LIC_TASSCHG_PY,0.0
NI02PEDPLAN2022,RA_LIC_FASSCHG_PY,0.0
NI02PEDPLAN2022,RA_LIC_CLO,0.0
NI02PEDPLAN2022,ACQ_CF_LRC_UNWIND,0.0
NI02PEDPLAN2022,ACQ_CF_LRC_EXP_ACQ_CF,0.0
NI02PEDPLAN2022,CROSS_SUB_OP,0.0
NI02PEDPLAN2022,CROSS_SUB_EXP,0.0
NI02PEDPLAN2022,CROSS_SUB_NB,0.0
NI02PEDPLAN2022,CROSS_SUB_IF_NB_TECH,0.0
NI02PEDPLAN2022,CROSS_SUB_TASSCHG,0.0
NI02PEDPLAN2022,CROSS_SUB_FASSCHG,0.0
NI02PEDPLAN2022,CROSS_SUB_CLO,0.0
NI02PEDPLAN2022,CROSS_SUB_IF_NB_FIN,0.0
NI02PEDPLAN2022,RA_LIC_RELEASE_CY,0.0
NI02PEDPLAN2022,PVFC_LRC_EXP_PREM_CURR_CF,0.0
NI02PEDPLAN2022,PVFC_LRC_EXP_ACQ_CURR_CF,0.0
NI02PEDPLAN2022,RA_LIC_FEXPVAR_CY,0.0
NI02OEDPLAN2022,PVFC_LRC_UNWIND,0.0
NI02OEDPLAN2022,PVFC_LRC_EXP_PREM_FUT_CF,0.0
NI02OEDPLAN2022,PVFC_LRC_EXP_ACQ_FUT_CF,0.0
NI02OEDPLAN2022,PVFC_LRC_EXP_INCLAIM,-81767573.54463597
NI02OEDPLAN2022,PVFC_LRC_EXP_IC_PAYBL,0.0
NI02OEDPLAN2022,PVFC_LRC_EXP_ATTEXP,-23291.65130390474
NI02OEDPLAN2022,PVFC_LIC_UNWIND,0.0
NI02OEDPLAN2022,PVFC_LIC_EXP_CLAIM_CF_CY,0.0
NI02OEDPLAN2022,PVFC_LIC_EXP_ATTEXP_CY,0.0
NI02OEDPLAN2022,PVFC_LIC_EXP_CLAIM_CF_PY,0.0
NI02OEDPLAN2022,PVFC_LIC_EXP_ATTEXP_PY,0.0
NI02OEDPLAN2022,RA_LRC_OP,5501776.729825236
NI02OEDPLAN2022,RA_LRC_NB_POS,0.0
NI02OEDPLAN2022,RA_LRC_UNWIND,184171.52281863894
NI02OEDPLAN2022,RA_LRC_RELEASE,-5685948.252643875
NI02OEDPLAN2022,RA_LRC_DEREC,0.0
NI02OEDPLAN2022,RA_LRC_TASSCHG,0.0
NI02OEDPLAN2022,RA_LRC_FASSCHG,0.0
NI02OEDPLAN2022,RA_LRC_CLO,0.0
NI02OEDPLAN2022,RA_LIC_OP,0.0
NI02OEDPLAN2022,RA_LIC_UNWIND,0.0
NI02OEDPLAN2022,RA_LIC_INCLAIM,0.0
NI02OEDPLAN2022,RA_LIC_RELEASE_PY,0.0
NI02OEDPLAN2022,RA_LIC_DEREC,0.0
NI02OEDPLAN2022,RA_LIC_TASSCHG_PY,0.0
NI02OEDPLAN2022,RA_LIC_FASSCHG_PY,0.0
NI02OEDPLAN2022,RA_LIC_CLO,0.0
NI02OEDPLAN2022,ACQ_CF_LRC_UNWIND,0.0
NI02OEDPLAN2022,ACQ_CF_LRC_EXP_ACQ_CF,0.0
NI02OEDPLAN2022,CROSS_SUB_OP,0.0
NI02OEDPLAN2022,CROSS_SUB_EXP,0.0
NI02OEDPLAN2022,CROSS_SUB_NB,0.0
NI02OEDPLAN2022,CROSS_SUB_IF_NB_TECH,0.0
NI02OEDPLAN2022,CROSS_SUB_TASSCHG,0.0
NI02OEDPLAN2022,CROSS_SUB_FASSCHG,0.0
NI02OEDPLAN2022,CROSS_SUB_CLO,0.0
NI02OEDPLAN2022,CROSS_SUB_IF_NB_FIN,0.0
NI02OEDPLAN2022,RA_LIC_RELEASE_CY,0.0
NI02OEDPLAN2022,PVFC_LRC_EXP_PREM_CURR_CF,0.0
NI02OEDPLAN2022,PVFC_LRC_EXP_ACQ_CURR_CF,0.0
NI02OEDPLAN2022,RA_LIC_FEXPVAR_CY,0.0
NI02OEDPLAN2023,PVFC_LRC_UNWIND,0.0
NI02OEDPLAN2023,PVFC_LRC_EXP_PREM_FUT_CF,49669630.089
NI02OEDPLAN2023,PVFC_LRC_EXP_ACQ_FUT_CF,-4966963.0089
NI02OEDPLAN2023,PVFC_LRC_EXP_INCLAIM,-25365206.067603692
NI02OEDPLAN2023,PVFC_LRC_EXP_IC_PAYBL,0.0
NI02OEDPLAN2023,PVFC_LRC_EXP_ATTEXP,-20278143.20962407
NI02OEDPLAN2023,PVFC_LIC_UNWIND,0.0
NI02OEDPLAN2023,PVFC_LIC_EXP_CLAIM_CF_CY,0.0
NI02OEDPLAN2023,PVFC_LIC_EXP_ATTEXP_CY,0.0
NI02OEDPLAN2023,PVFC_LIC_EXP_CLAIM_CF_PY,0.0
NI02OEDPLAN2023,PVFC_LIC_EXP_ATTEXP_PY,0.0
NI02OEDPLAN2023,RA_LRC_OP,8352670.345650357
NI02OEDPLAN2023,RA_LRC_NB_POS,0.0
NI02OEDPLAN2023,RA_LRC_UNWIND,619420.9480805239
NI02OEDPLAN2023,RA_LRC_RELEASE,-3137319.7997750435
NI02OEDPLAN2023,RA_LRC_DEREC,0.0
NI02OEDPLAN2023,RA_LRC_TASSCHG,-539591.8041581744
NI02OEDPLAN2023,RA_LRC_FASSCHG,74706.11599037703
NI02OEDPLAN2023,RA_LRC_CLO,5369885.80578804
NI02OEDPLAN2023,RA_LIC_OP,0.0
NI02OEDPLAN2023,RA_LIC_UNWIND,0.0
NI02OEDPLAN2023,RA_LIC_INCLAIM,0.0
NI02OEDPLAN2023,RA_LIC_RELEASE_PY,0.0
NI02OEDPLAN2023,RA_LIC_DEREC,0.0
NI02OEDPLAN2023,RA_LIC_TASSCHG_PY,0.0
NI02OEDPLAN2023,RA_LIC_FASSCHG_PY,0.0
NI02OEDPLAN2023,RA_LIC_CLO,0.0
NI02OEDPLAN2023,ACQ_CF_LRC_UNWIND,0.0
NI02OEDPLAN2023,ACQ_CF_LRC_EXP_ACQ_CF,0.0
NI02OEDPLAN2023,CROSS_SUB_OP,0.0
NI02OEDPLAN2023,CROSS_SUB_EXP,0.0
NI02OEDPLAN2023,CROSS_SUB_NB,0.0
NI02OEDPLAN2023,CROSS_SUB_IF_NB_TECH,0.0
NI02OEDPLAN2023,CROSS_SUB_TASSCHG,0.0
NI02OEDPLAN2023,CROSS_SUB_FASSCHG,0.0
NI02OEDPLAN2023,CROSS_SUB_CLO,0.0
NI02OEDPLAN2023,CROSS_SUB_IF_NB_FIN,0.0
NI02OEDPLAN2023,RA_LIC_RELEASE_CY,0.0
NI02OEDPLAN2023,PVFC_LRC_EXP_PREM_CURR_CF,0.0
NI02OEDPLAN2023,PVFC_LRC_EXP_ACQ_CURR_CF,0.0
NI02OEDPLAN2023,RA_LIC_FEXPVAR_CY,0.0
NI02PEDUPOL2021,PVFC_LRC_UNWIND,0.0
NI02PEDUPOL2021,PVFC_LRC_EXP_PREM_FUT_CF,49643213.21641591
NI02PEDUPOL2021,PVFC_LRC_EXP_ACQ_FUT_CF,-1851377.4139718846
NI02PEDUPOL2021,PVFC_LRC_EXP_INCLAIM,-26507281.127085354
NI02PEDUPOL2021,PVFC_LRC_EXP_IC_PAYBL,0.0
NI02PEDUPOL2021,PVFC_LRC_EXP_ATTEXP,-18555442.764302645
NI02PEDUPOL2021,PVFC_LIC_UNWIND,0.0
NI02PEDUPOL2021,PVFC_LIC_EXP_CLAIM_CF_CY,0.0
NI02PEDUPOL2021,PVFC_LIC_EXP_ATTEXP_CY,0.0
NI02PEDUPOL2021,PVFC_LIC_EXP_CLAIM_CF_PY,0.0
NI02PEDUPOL2021,PVFC_LIC_EXP_ATTEXP_PY,0.0
NI02PEDUPOL2021,RA_LRC_OP,8579603.232485332
NI02PEDUPOL2021,RA_LRC_NB_POS,0.0
NI02PEDUPOL2021,RA_LRC_UNWIND,591498.0728218853
NI02PEDUPOL2021,RA_LRC_RELEASE,-2468737.2109837066
NI02PEDUPOL2021,RA_LRC_DEREC,0.0
NI02PEDUPOL2021,RA_LRC_TASSCHG,-1837.5623158346862
NI02PEDUPOL2021,RA_LRC_FASSCHG,144417.8988178717
NI02PEDUPOL2021,RA_LRC_CLO,6844944.430825547
NI02PEDUPOL2021,RA_LIC_OP,0.0
NI02PEDUPOL2021,RA_LIC_UNWIND,0.0
NI02PEDUPOL2021,RA_LIC_INCLAIM,0.0
NI02PEDUPOL2021,RA_LIC_RELEASE_PY,0.0
NI02PEDUPOL2021,RA_LIC_DEREC,0.0
NI02PEDUPOL2021,RA_LIC_TASSCHG_PY,0.0
NI02PEDUPOL2021,RA_LIC_FASSCHG_PY,0.0
NI02PEDUPOL2021,RA_LIC_CLO,0.0
NI02PEDUPOL2021,ACQ_CF_LRC_UNWIND,0.0
NI02PEDUPOL2021,ACQ_CF_LRC_EXP_ACQ_CF,0.0
NI02PEDUPOL2021,CROSS_SUB_OP,0.0
NI02PEDUPOL2021,CROSS_SUB_EXP,0.0
NI02PEDUPOL2021,CROSS_SUB_NB,0.0
NI02PEDUPOL2021,CROSS_SUB_IF_NB_TECH,0.0
NI02PEDUPOL2021,CROSS_SUB_TASSCHG,0.0
NI02PEDUPOL2021,CROSS_SUB_FASSCHG,0.0
NI02PEDUPOL2021,CROSS_SUB_CLO,0.0
NI02PEDUPOL2021,CROSS_SUB_IF_NB_FIN,0.0
NI02PEDUPOL2021,RA_LIC_RELEASE_CY,0.0
NI02PEDUPOL2021,PVFC_LRC_EXP_PREM_CURR_CF,0.0
NI02PEDUPOL2021,PVFC_LRC_EXP_ACQ_CURR_CF,0.0
NI02PEDUPOL2021,RA_LIC_FEXPVAR_CY,0.0
NI02PEDUPOL2022,PVFC_LRC_UNWIND,0.0
NI02PEDUPOL2022,PVFC_LRC_EXP_PREM_FUT_CF,4122070.281738644
NI02PEDUPOL2022,PVFC_LRC_EXP_ACQ_FUT_CF,-563204.2958500043
NI02PEDUPOL2022,PVFC_LRC_EXP_INCLAIM,-1819082.58435236
NI02PEDUPOL2022,PVFC_LRC_EXP_IC_PAYBL,0.0
NI02PEDUPOL2022,PVFC_LRC_EXP_ATTEXP,-1123814.763125389
NI02PEDUPOL2022,PVFC_LIC_UNWIND,0.0
NI02PEDUPOL2022,PVFC_LIC_EXP_CLAIM_CF_CY,0.0
NI02PEDUPOL2022,PVFC_LIC_EXP_ATTEXP_CY,0.0
NI02PEDUPOL2022,PVFC_LIC_EXP_CLAIM_CF_PY,0.0
NI02PEDUPOL2022,PVFC_LIC_EXP_ATTEXP_PY,0.0
NI02PEDUPOL2022,RA_LRC_OP,824768.1916105183
NI02PEDUPOL2022,RA_LRC_NB_POS,0.0
NI02PEDUPOL2022,RA_LRC_UNWIND,37347.32460566296
NI02PEDUPOL2022,RA_LRC_RELEASE,-161225.05615360808
NI02PEDUPOL2022,RA_LRC_DEREC,0.0
NI02PEDUPOL2022,RA_LRC_TASSCHG,105437.98305257538
NI02PEDUPOL2022,RA_LRC_FASSCHG,16319.715203098604
NI02PEDUPOL2022,RA_LRC_CLO,822648.1583182472
NI02PEDUPOL2022,RA_LIC_OP,0.0
NI02PEDUPOL2022,RA_LIC_UNWIND,0.0
NI02PEDUPOL2022,RA_LIC_INCLAIM,0.0
NI02PEDUPOL2022,RA_LIC_RELEASE_PY,0.0
NI02PEDUPOL2022,RA_LIC_DEREC,0.0
NI02PEDUPOL2022,RA_LIC_TASSCHG_PY,0.0
NI02PEDUPOL2022,RA_LIC_FASSCHG_PY,0.0
NI02PEDUPOL2022,RA_LIC_CLO,0.0
NI02PEDUPOL2022,ACQ_CF_LRC_UNWIND,0.0
NI02PEDUPOL2022,ACQ_CF_LRC_EXP_ACQ_CF,0.0
NI02PEDUPOL2022,CROSS_SUB_OP,0.0
NI02PEDUPOL2022,CROSS_SUB_EXP,0.0
NI02PEDUPOL2022,CROSS_SUB_NB,0.0
NI02PEDUPOL2022,CROSS_SUB_IF_NB_TECH,0.0
NI02PEDUPOL2022,CROSS_SUB_TASSCHG,0.0
NI02PEDUPOL2022,CROSS_SUB_FASSCHG,0.0
NI02PEDUPOL2022,CROSS_SUB_CLO,0.0
NI02PEDUPOL2022,CROSS_SUB_IF_NB_FIN,0.0
NI02PEDUPOL2022,RA_LIC_RELEASE_CY,0.0
NI02PEDUPOL2022,PVFC_LRC_EXP_PREM_CURR_CF,0.0
NI02PEDUPOL2022,PVFC_LRC_EXP_ACQ_CURR_CF,0.0
NI02PEDUPOL2022,RA_LIC_FEXPVAR_CY,0.0
NI02OEDUPOL2022,PVFC_LRC_UNWIND,0.0
NI02OEDUPOL2022,PVFC_LRC_EXP_PREM_FUT_CF,176421.56455960838
NI02OEDUPOL2022,PVFC_LRC_EXP_ACQ_FUT_CF,-27684.679550308203
NI02OEDUPOL2022,PVFC_LRC_EXP_INCLAIM,-27684.679550308203
NI02OEDUPOL2022,PVFC_LRC_EXP_IC_PAYBL,0.0
NI02OEDUPOL2022,PVFC_LRC_EXP_ATTEXP,-383631.3179373093
NI02OEDUPOL2022,PVFC_LIC_UNWIND,0.0
NI02OEDUPOL2022,PVFC_LIC_EXP_CLAIM_CF_CY,0.0
NI02OEDUPOL2022,PVFC_LIC_EXP_ATTEXP_CY,0.0
NI02OEDUPOL2022,PVFC_LIC_EXP_CLAIM_CF_PY,0.0
NI02OEDUPOL2022,PVFC_LIC_EXP_ATTEXP_PY,0.0
NI02OEDUPOL2022,RA_LRC_OP,110691.00621968218
NI02OEDUPOL2022,RA_LRC_NB_POS,0.0
NI02OEDUPOL2022,RA_LRC_UNWIND,5001.348294127427
NI02OEDUPOL2022,RA_LRC_RELEASE,-25100.026403520766
NI02OEDUPOL2022,RA_LRC_DEREC,0.0
NI02OEDUPOL2022,RA_LRC_TASSCHG,8356.925938210363
NI02OEDUPOL2022,RA_LRC_FASSCHG,1818.5561164716491
NI02OEDUPOL2022,RA_LRC_CLO,100767.81016497086
NI02OEDUPOL2022,RA_LIC_OP,0.0
NI02OEDUPOL2022,RA_LIC_UNWIND,0.0
NI02OEDUPOL2022,RA_LIC_INCLAIM,0.0
NI02OEDUPOL2022,RA_LIC_RELEASE_PY,0.0
NI02OEDUPOL2022,RA_LIC_DEREC,0.0
NI02OEDUPOL2022,RA_LIC_TASSCHG_PY,0.0
NI02OEDUPOL2022,RA_LIC_FASSCHG_PY,0.0
NI02OEDUPOL2022,RA_LIC_CLO,0.0
NI02OEDUPOL2022,ACQ_CF_LRC_UNWIND,0.0
NI02OEDUPOL2022,ACQ_CF_LRC_EXP_ACQ_CF,0.0
NI02OEDUPOL2022,CROSS_SUB_OP,0.0
NI02OEDUPOL2022,CROSS_SUB_EXP,0.0
NI02OEDUPOL2022,CROSS_SUB_NB,0.0
NI02OEDUPOL2022,CROSS_SUB_IF_NB_TECH,0.0
NI02OEDUPOL2022,CROSS_SUB_TASSCHG,0.0
NI02OEDUPOL2022,CROSS_SUB_FASSCHG,0.0
NI02OEDUPOL2022,CROSS_SUB_CLO,0.0
NI02OEDUPOL2022,CROSS_SUB_IF_NB_FIN,0.0
NI02OEDUPOL2022,RA_LIC_RELEASE_CY,0.0
NI02OEDUPOL2022,PVFC_LRC_EXP_PREM_CURR_CF,0.0
NI02OEDUPOL2022,PVFC_LRC_EXP_ACQ_CURR_CF,0.0
NI02OEDUPOL2022,RA_LIC_FEXPVAR_CY,0.0
NI02OEDUPOL2023,PVFC_LRC_UNWIND,0.0
NI02OEDUPOL2023,PVFC_LRC_EXP_PREM_FUT_CF,2158484.2548992457
NI02OEDUPOL2023,PVFC_LRC_EXP_ACQ_FUT_CF,-361915.85931839823
NI02OEDUPOL2023,PVFC_LRC_EXP_INCLAIM,-829915.0256610283
NI02OEDUPOL2023,PVFC_LRC_EXP_IC_PAYBL,9140951.4522
NI02OEDUPOL2023,PVFC_LRC_EXP_ATTEXP,-1132365.9069830605
NI02OEDUPOL2023,PVFC_LIC_UNWIND,0.0
NI02OEDUPOL2023,PVFC_LIC_EXP_CLAIM_CF_CY,0.0
NI02OEDUPOL2023,PVFC_LIC_EXP_ATTEXP_CY,0.0
NI02OEDUPOL2023,PVFC_LIC_EXP_CLAIM_CF_PY,0.0
NI02OEDUPOL2023,PVFC_LIC_EXP_ATTEXP_PY,0.0
NI02OEDUPOL2023,RA_LRC_OP,740459.4998609383
NI02OEDUPOL2023,RA_LRC_NB_POS,0.0
NI02OEDUPOL2023,RA_LRC_UNWIND,-634824.8152247051
NI02OEDUPOL2023,RA_LRC_RELEASE,-104194.31520089184
NI02OEDUPOL2023,RA_LRC_DEREC,0.0
NI02OEDUPOL2023,RA_LRC_TASSCHG,-1440.3694353413264
NI02OEDUPOL2023,RA_LRC_FASSCHG,0.0
NI02OEDUPOL2023,RA_LRC_CLO,0.0
NI02OEDUPOL2023,RA_LIC_OP,0.0
NI02OEDUPOL2023,RA_LIC_UNWIND,0.0
NI02OEDUPOL2023,RA_LIC_INCLAIM,0.0
NI02OEDUPOL2023,RA_LIC_RELEASE_PY,0.0
NI02OEDUPOL2023,RA_LIC_DEREC,0.0
NI02OEDUPOL2023,RA_LIC_TASSCHG_PY,0.0
NI02OEDUPOL2023,RA_LIC_FASSCHG_PY,0.0
NI02OEDUPOL2023,RA_LIC_CLO,0.0
NI02OEDUPOL2023,ACQ_CF_LRC_UNWIND,0.0
NI02OEDUPOL2023,ACQ_CF_LRC_EXP_ACQ_CF,0.0
NI02OEDUPOL2023,CROSS_SUB_OP,0.0
NI02OEDUPOL2023,CROSS_SUB_EXP,0.0
NI02OEDUPOL2023,CROSS_SUB_NB,0.0
NI02OEDUPOL2023,CROSS_SUB_IF_NB_TECH,0.0
NI02OEDUPOL2023,CROSS_SUB_TASSCHG,0.0
NI02OEDUPOL2023,CROSS_SUB_FASSCHG,0.0
NI02OEDUPOL2023,CROSS_SUB_CLO,0.0
NI02OEDUPOL2023,CROSS_SUB_IF_NB_FIN,0.0
NI02OEDUPOL2023,RA_LIC_RELEASE_CY,0.0
NI02OEDUPOL2023,PVFC_LRC_EXP_PREM_CURR_CF,0.0
NI02OEDUPOL2023,PVFC_LRC_EXP_ACQ_CURR_CF,0.0
NI02OEDUPOL2023,RA_LIC_FEXPVAR_CY,0.0
NI02PEIPLAN2021,PVFC_LRC_UNWIND,0.0
NI02PEIPLAN2021,PVFC_LRC_EXP_PREM_FUT_CF,117407.576737745
NI02PEIPLAN2021,PVFC_LRC_EXP_ACQ_FUT_CF,-11740.7576737745
NI02PEIPLAN2021,PVFC_LRC_EXP_INCLAIM,-10643.511201969235
NI02PEIPLAN2021,PVFC_LRC_EXP_IC_PAYBL,0.0
NI02PEIPLAN2021,PVFC_LRC_EXP_ATTEXP,-34017.09237238703
NI02PEIPLAN2021,PVFC_LIC_UNWIND,0.0
NI02PEIPLAN2021,PVFC_LIC_EXP_CLAIM_CF_CY,0.0
NI02PEIPLAN2021,PVFC_LIC_EXP_ATTEXP_CY,0.0
NI02PEIPLAN2021,PVFC_LIC_EXP_CLAIM_CF_PY,0.0
NI02PEIPLAN2021,PVFC_LIC_EXP_ATTEXP_PY,0.0
NI02PEIPLAN2021,RA_LRC_OP,10449.52567557079
NI02PEIPLAN2021,RA_LRC_NB_POS,0.0
NI02PEIPLAN2021,RA_LRC_UNWIND,718.9424447913352
NI02PEIPLAN2021,RA_LRC_RELEASE,-2925.262611570598
NI02PEIPLAN2021,RA_LRC_DEREC,0.0
NI02PEIPLAN2021,RA_LRC_TASSCHG,2627.6076851384223
NI02PEIPLAN2021,RA_LRC_FASSCHG,208.2201098326459
NI02PEIPLAN2021,RA_LRC_CLO,11079.033303762597
NI02PEIPLAN2021,RA_LIC_OP,0.0
NI02PEIPLAN2021,RA_LIC_UNWIND,0.0
NI02PEIPLAN2021,RA_LIC_INCLAIM,0.0
NI02PEIPLAN2021,RA_LIC_RELEASE_PY,0.0
NI02PEIPLAN2021,RA_LIC_DEREC,0.0
NI02PEIPLAN2021,RA_LIC_TASSCHG_PY,0.0
NI02PEIPLAN2021,RA_LIC_FASSCHG_PY,0.0
NI02PEIPLAN2021,RA_LIC_CLO,0.0
NI02PEIPLAN2021,ACQ_CF_LRC_UNWIND,0.0
NI02PEIPLAN2021,ACQ_CF_LRC_EXP_ACQ_CF,0.0
NI02PEIPLAN2021,CROSS_SUB_OP,0.0
NI02PEIPLAN2021,CROSS_SUB_EXP,0.0
NI02PEIPLAN2021,CROSS_SUB_NB,0.0
NI02PEIPLAN2021,CROSS_SUB_IF_NB_TECH,0.0
NI02PEIPLAN2021,CROSS_SUB_TASSCHG,0.0
NI02PEIPLAN2021,CROSS_SUB_FASSCHG,0.0
NI02PEIPLAN2021,CROSS_SUB_CLO,0.0
NI02PEIPLAN2021,CROSS_SUB_IF_NB_FIN,0.0
NI02PEIPLAN2021,RA_LIC_RELEASE_CY,0.0
NI02PEIPLAN2021,PVFC_LRC_EXP_PREM_CURR_CF,0.0
NI02PEIPLAN2021,PVFC_LRC_EXP_ACQ_CURR_CF,0.0
NI02PEIPLAN2021,RA_LIC_FEXPVAR_CY,0.0
NI02OLIFESV2021,PVFC_LRC_UNWIND,0.0
NI02OLIFESV2021,PVFC_LRC_EXP_PREM_FUT_CF,728696.1124431945
NI02OLIFESV2021,PVFC_LRC_EXP_ACQ_FUT_CF,-22127.457764495186
NI02OLIFESV2021,PVFC_LRC_EXP_INCLAIM,-543046.0189298774
NI02OLIFESV2021,PVFC_LRC_EXP_IC_PAYBL,0.0
NI02OLIFESV2021,PVFC_LRC_EXP_ATTEXP,-3650376.006421055
NI02OLIFESV2021,PVFC_LIC_UNWIND,0.0
NI02OLIFESV2021,PVFC_LIC_EXP_CLAIM_CF_CY,0.0
NI02OLIFESV2021,PVFC_LIC_EXP_ATTEXP_CY,0.0
NI02OLIFESV2021,PVFC_LIC_EXP_CLAIM_CF_PY,0.0
NI02OLIFESV2021,PVFC_LIC_EXP_ATTEXP_PY,0.0
NI02OLIFESV2021,RA_LRC_OP,428878.84293370415
NI02OLIFESV2021,RA_LRC_NB_POS,0.0
NI02OLIFESV2021,RA_LRC_UNWIND,22987.930769661034
NI02OLIFESV2021,RA_LRC_RELEASE,-261778.88359779614
NI02OLIFESV2021,RA_LRC_DEREC,0.0
NI02OLIFESV2021,RA_LRC_TASSCHG,25955.966717095667
NI02OLIFESV2021,RA_LRC_FASSCHG,4419.605882202741
NI02OLIFESV2021,RA_LRC_CLO,220463.46270486744
NI02OLIFESV2021,RA_LIC_OP,0.0
NI02OLIFESV2021,RA_LIC_UNWIND,0.0
NI02OLIFESV2021,RA_LIC_INCLAIM,0.0
NI02OLIFESV2021,RA_LIC_RELEASE_PY,0.0
NI02OLIFESV2021,RA_LIC_DEREC,0.0
NI02OLIFESV2021,RA_LIC_TASSCHG_PY,0.0
NI02OLIFESV2021,RA_LIC_FASSCHG_PY,0.0
NI02OLIFESV2021,RA_LIC_CLO,0.0
NI02OLIFESV2021,ACQ_CF_LRC_UNWIND,0.0
NI02OLIFESV2021,ACQ_CF_LRC_EXP_ACQ_CF,0.0
NI02OLIFESV2021,CROSS_SUB_OP,0.0
NI02OLIFESV2021,CROSS_SUB_EXP,0.0
NI02OLIFESV2021,CROSS_SUB_NB,0.0
NI02OLIFESV2021,CROSS_SUB_IF_NB_TECH,0.0
NI02OLIFESV2021,CROSS_SUB_TASSCHG,0.0
NI02OLIFESV2021,CROSS_SUB_FASSCHG,0.0
NI02OLIFESV2021,CROSS_SUB_CLO,0.0
NI02OLIFESV2021,CROSS_SUB_IF_NB_FIN,0.0
NI02OLIFESV2021,RA_LIC_RELEASE_CY,0.0
NI02OLIFESV2021,PVFC_LRC_EXP_PREM_CURR_CF,0.0
NI02OLIFESV2021,PVFC_LRC_EXP_ACQ_CURR_CF,0.0
NI02OLIFESV2021,RA_LIC_FEXPVAR_CY,0.0
NI02OLIFESV2022,PVFC_LRC_UNWIND,0.0
NI02OLIFESV2022,PVFC_LRC_EXP_PREM_FUT_CF,2963284.061187908
NI02OLIFESV2022,PVFC_LRC_EXP_ACQ_FUT_CF,-502642.68013868656
NI02OLIFESV2022,PVFC_LRC_EXP_INCLAIM,-3050216.045192835
NI02OLIFESV2022,PVFC_LRC_EXP_IC_PAYBL,0.0
NI02OLIFESV2022,PVFC_LRC_EXP_ATTEXP,-28511563.48731425
NI02OLIFESV2022,PVFC_LIC_UNWIND,0.0
NI02OLIFESV2022,PVFC_LIC_EXP_CLAIM_CF_CY,0.0
NI02OLIFESV2022,PVFC_LIC_EXP_ATTEXP_CY,0.0
NI02OLIFESV2022,PVFC_LIC_EXP_CLAIM_CF_PY,0.0
NI02OLIFESV2022,PVFC_LIC_EXP_ATTEXP_PY,0.0
NI02OLIFESV2022,RA_LRC_OP,2790786.5361481034
NI02OLIFESV2022,RA_LRC_NB_POS,0.0
NI02OLIFESV2022,RA_LRC_UNWIND,141487.69349783007
NI02OLIFESV2022,RA_LRC_RELEASE,-1970278.059406158
NI02OLIFESV2022,RA_LRC_DEREC,0.0
NI02OLIFESV2022,RA_LRC_TASSCHG,-748882.0168812942
NI02OLIFESV2022,RA_LRC_FASSCHG,3946.3558578307857
NI02OLIFESV2022,RA_LRC_CLO,217060.50921631203
NI02OLIFESV2022,RA_LIC_OP,0.0
NI02OLIFESV2022,RA_LIC_UNWIND,0.0
NI02OLIFESV2022,RA_LIC_INCLAIM,0.0
NI02OLIFESV2022,RA_LIC_RELEASE_PY,0.0
NI02OLIFESV2022,RA_LIC_DEREC,0.0
NI02OLIFESV2022,RA_LIC_TASSCHG_PY,0.0
NI02OLIFESV2022,RA_LIC_FASSCHG_PY,0.0
NI02OLIFESV2022,RA_LIC_CLO,0.0
NI02OLIFESV2022,ACQ_CF_LRC_UNWIND,0.0
NI02OLIFESV2022,ACQ_CF_LRC_EXP_ACQ_CF,0.0
NI02OLIFESV2022,CROSS_SUB_OP,0.0
NI02OLIFESV2022,CROSS_SUB_EXP,0.0
NI02OLIFESV2022,CROSS_SUB_NB,0.0
NI02OLIFESV2022,CROSS_SUB_IF_NB_TECH,0.0
NI02OLIFESV2022,CROSS_SUB_TASSCHG,0.0
NI02OLIFESV2022,CROSS_SUB_FASSCHG,0.0
NI02OLIFESV2022,CROSS_SUB_CLO,0.0
NI02OLIFESV2022,CROSS_SUB_IF_NB_FIN,0.0
NI02OLIFESV2022,RA_LIC_RELEASE_CY,0.0
NI02OLIFESV2022,PVFC_LRC_EXP_PREM_CURR_CF,0.0
NI02OLIFESV2022,PVFC_LRC_EXP_ACQ_CURR_CF,0.0
NI02OLIFESV2022,RA_LIC_FEXPVAR_CY,0.0
NI02OLIFESV2023,PVFC_LRC_UNWIND,0.0
NI02OLIFESV2023,PVFC_LRC_EXP_PREM_FUT_CF,9945023.395366147
NI02OLIFESV2023,PVFC_LRC_EXP_ACQ_FUT_CF,-99953.74469965168
NI02OLIFESV2023,PVFC_LRC_EXP_INCLAIM,-3514797.3215085086
NI02OLIFESV2023,PVFC_LRC_EXP_IC_PAYBL,0.0
NI02OLIFESV2023,PVFC_LRC_EXP_ATTEXP,-31378981.143669464
NI02OLIFESV2023,PVFC_LIC_UNWIND,0.0
NI02OLIFESV2023,PVFC_LIC_EXP_CLAIM_CF_CY,0.0
NI02OLIFESV2023,PVFC_LIC_EXP_ATTEXP_CY,0.0
NI02OLIFESV2023,PVFC_LIC_EXP_CLAIM_CF_PY,0.0
NI02OLIFESV2023,PVFC_LIC_EXP_ATTEXP_PY,0.0
NI02OLIFESV2023,RA_LRC_OP,4558566.858495312
NI02OLIFESV2023,RA_LRC_NB_POS,0.0
NI02OLIFESV2023,RA_LRC_UNWIND,-2353214.8216847796
NI02OLIFESV2023,RA_LRC_RELEASE,-2202074.5859313603
NI02OLIFESV2023,RA_LRC_DEREC,0.0
NI02OLIFESV2023,RA_LRC_TASSCHG,-1276.7461276011188
NI02OLIFESV2023,RA_LRC_FASSCHG,27.65452154371974
NI02OLIFESV2023,RA_LRC_CLO,2028.3592731145573
NI02OLIFESV2023,RA_LIC_OP,0.0
NI02OLIFESV2023,RA_LIC_UNWIND,0.0
NI02OLIFESV2023,RA_LIC_INCLAIM,0.0
NI02OLIFESV2023,RA_LIC_RELEASE_PY,0.0
NI02OLIFESV2023,RA_LIC_DEREC,0.0
NI02OLIFESV2023,RA_LIC_TASSCHG_PY,0.0
NI02OLIFESV2023,RA_LIC_FASSCHG_PY,0.0
NI02OLIFESV2023,RA_LIC_CLO,0.0
NI02OLIFESV2023,ACQ_CF_LRC_UNWIND,0.0
NI02OLIFESV2023,ACQ_CF_LRC_EXP_ACQ_CF,0.0
NI02OLIFESV2023,CROSS_SUB_OP,0.0
NI02OLIFESV2023,CROSS_SUB_EXP,0.0
NI02OLIFESV2023,CROSS_SUB_NB,0.0
NI02OLIFESV2023,CROSS_SUB_IF_NB_TECH,0.0
NI02OLIFESV2023,CROSS_SUB_TASSCHG,0.0
NI02OLIFESV2023,CROSS_SUB_FASSCHG,0.0
NI02OLIFESV2023,CROSS_SUB_CLO,0.0
NI02OLIFESV2023,CROSS_SUB_IF_NB_FIN,0.0
NI02OLIFESV2023,RA_LIC_RELEASE_CY,0.0
NI02OLIFESV2023,PVFC_LRC_EXP_PREM_CURR_CF,0.0
NI02OLIFESV2023,PVFC_LRC_EXP_ACQ_CURR_CF,0.0
NI02OLIFESV2023,RA_LIC_FEXPVAR_CY,0.0
NI02PMFUNDS2021,PVFC_LRC_UNWIND,0.0
NI02PMFUNDS2021,PVFC_LRC_EXP_PREM_FUT_CF,1027803.3624493694
NI02PMFUNDS2021,PVFC_LRC_EXP_ACQ_FUT_CF,-102780.33624493692
NI02PMFUNDS2021,PVFC_LRC_EXP_INCLAIM,-700889.6072514993
NI02PMFUNDS2021,PVFC_LRC_EXP_IC_PAYBL,0.0
NI02PMFUNDS2021,PVFC_LRC_EXP_ATTEXP,-2256280.3879430955
NI02PMFUNDS2021,PVFC_LIC_UNWIND,0.0
NI02PMFUNDS2021,PVFC_LIC_EXP_CLAIM_CF_CY,0.0
NI02PMFUNDS2021,PVFC_LIC_EXP_ATTEXP_CY,0.0
NI02PMFUNDS2021,PVFC_LIC_EXP_CLAIM_CF_PY,0.0
NI02PMFUNDS2021,PVFC_LIC_EXP_ATTEXP_PY,0.0
NI02PMFUNDS2021,RA_LRC_OP,268711.7695332472
NI02PMFUNDS2021,RA_LRC_NB_POS,0.0
NI02PMFUNDS2021,RA_LRC_UNWIND,16323.199776744412
NI02PMFUNDS2021,RA_LRC_RELEASE,-54322.774558233665
NI02PMFUNDS2021,RA_LRC_DEREC,0.0
NI02PMFUNDS2021,RA_LRC_TASSCHG,-107483.64852796195
NI02PMFUNDS2021,RA_LRC_FASSCHG,1990.158740387793
NI02PMFUNDS2021,RA_LRC_CLO,125218.7049641838
NI02PMFUNDS2021,RA_LIC_OP,0.0
NI02PMFUNDS2021,RA_LIC_UNWIND,0.0
NI02PMFUNDS2021,RA_LIC_INCLAIM,0.0
NI02PMFUNDS2021,RA_LIC_RELEASE_PY,0.0
NI02PMFUNDS2021,RA_LIC_DEREC,0.0
NI02PMFUNDS2021,RA_LIC_TASSCHG_PY,0.0
NI02PMFUNDS2021,RA_LIC_FASSCHG_PY,0.0
NI02PMFUNDS2021,RA_LIC_CLO,0.0
NI02PMFUNDS2021,ACQ_CF_LRC_UNWIND,0.0
NI02PMFUNDS2021,ACQ_CF_LRC_EXP_ACQ_CF,0.0
NI02PMFUNDS2021,CROSS_SUB_OP,0.0
NI02PMFUNDS2021,CROSS_SUB_EXP,0.0
NI02PMFUNDS2021,CROSS_SUB_NB,0.0
NI02PMFUNDS2021,CROSS_SUB_IF_NB_TECH,0.0
NI02PMFUNDS2021,CROSS_SUB_TASSCHG,0.0
NI02PMFUNDS2021,CROSS_SUB_FASSCHG,0.0
NI02PMFUNDS2021,CROSS_SUB_CLO,0.0
NI02PMFUNDS2021,CROSS_SUB_IF_NB_FIN,0.0
NI02PMFUNDS2021,RA_LIC_RELEASE_CY,0.0
NI02PMFUNDS2021,PVFC_LRC_EXP_PREM_CURR_CF,0.0
NI02PMFUNDS2021,PVFC_LRC_EXP_ACQ_CURR_CF,0.0
NI02PMFUNDS2021,RA_LIC_FEXPVAR_CY,0.0
NI02OMFUNDS2023,PVFC_LRC_UNWIND,0.0
NI02OMFUNDS2023,PVFC_LRC_EXP_PREM_FUT_CF,2778.7683429683975
NI02OMFUNDS2023,PVFC_LRC_EXP_ACQ_FUT_CF,-277.8768342968397
NI02OMFUNDS2023,PVFC_LRC_EXP_INCLAIM,-2592.0255264450047
NI02OMFUNDS2023,PVFC_LRC_EXP_IC_PAYBL,0.0
NI02OMFUNDS2023,PVFC_LRC_EXP_ATTEXP,-10641.92554170619
NI02OMFUNDS2023,PVFC_LIC_UNWIND,0.0
NI02OMFUNDS2023,PVFC_LIC_EXP_CLAIM_CF_CY,0.0
NI02OMFUNDS2023,PVFC_LIC_EXP_ATTEXP_CY,0.0
NI02OMFUNDS2023,PVFC_LIC_EXP_CLAIM_CF_PY,0.0
NI02OMFUNDS2023,PVFC_LIC_EXP_ATTEXP_PY,0.0
NI02OMFUNDS2023,RA_LRC_OP,1772.1199953625467
NI02OMFUNDS2023,RA_LRC_NB_POS,0.0
NI02OMFUNDS2023,RA_LRC_UNWIND,-57.49133143812037
NI02OMFUNDS2023,RA_LRC_RELEASE,-686.3317913760113
NI02OMFUNDS2023,RA_LRC_DEREC,0.0
NI02OMFUNDS2023,RA_LRC_TASSCHG,81.49534803902202
NI02OMFUNDS2023,RA_LRC_FASSCHG,20.63857217227246
NI02OMFUNDS2023,RA_LRC_CLO,1130.4307927597094
NI02OMFUNDS2023,RA_LIC_OP,0.0
NI02OMFUNDS2023,RA_LIC_UNWIND,0.0
NI02OMFUNDS2023,RA_LIC_INCLAIM,0.0
NI02OMFUNDS2023,RA_LIC_RELEASE_PY,0.0
NI02OMFUNDS2023,RA_LIC_DEREC,0.0
NI02OMFUNDS2023,RA_LIC_TASSCHG_PY,0.0
NI02OMFUNDS2023,RA_LIC_FASSCHG_PY,0.0
NI02OMFUNDS2023,RA_LIC_CLO,0.0
NI02OMFUNDS2023,ACQ_CF_LRC_UNWIND,0.0
NI02OMFUNDS2023,ACQ_CF_LRC_EXP_ACQ_CF,0.0
NI02OMFUNDS2023,CROSS_SUB_OP,0.0
NI02OMFUNDS2023,CROSS_SUB_EXP,0.0
NI02OMFUNDS2023,CROSS_SUB_NB,0.0
NI02OMFUNDS2023,CROSS_SUB_IF_NB_TECH,0.0
NI02OMFUNDS2023,CROSS_SUB_TASSCHG,0.0
NI02OMFUNDS2023,CROSS_SUB_FASSCHG,0.0
NI02OMFUNDS2023,CROSS_SUB_CLO,0.0
NI02OMFUNDS2023,CROSS_SUB_IF_NB_FIN,0.0
NI02OMFUNDS2023,RA_LIC_RELEASE_CY,0.0
NI02OMFUNDS2023,PVFC_LRC_EXP_PREM_CURR_CF,0.0
NI02OMFUNDS2023,PVFC_LRC_EXP_ACQ_CURR_CF,0.0
NI02OMFUNDS2023,RA_LIC_FEXPVAR_CY,0.0
NI02OMLPLAN2021,PVFC_LRC_UNWIND,0.0
NI02OMLPLAN2021,PVFC_LRC_EXP_PREM_FUT_CF,11270855.657446938
NI02OMLPLAN2021,PVFC_LRC_EXP_ACQ_FUT_CF,-91938.32087403932
NI02OMLPLAN2021,PVFC_LRC_EXP_INCLAIM,-4792402.425768983
NI02OMLPLAN2021,PVFC_LRC_EXP_IC_PAYBL,0.0
NI02OMLPLAN2021,PVFC_LRC_EXP_ATTEXP,-9891386.62041247
NI02OMLPLAN2021,PVFC_LIC_UNWIND,0.0
NI02OMLPLAN2021,PVFC_LIC_EXP_CLAIM_CF_CY,0.0
NI02OMLPLAN2021,PVFC_LIC_EXP_ATTEXP_CY,0.0
NI02OMLPLAN2021,PVFC_LIC_EXP_CLAIM_CF_PY,0.0
NI02OMLPLAN2021,PVFC_LIC_EXP_ATTEXP_PY,0.0
NI02OMLPLAN2021,RA_LRC_OP,1898645.317174901
NI02OMLPLAN2021,RA_LRC_NB_POS,0.0
NI02OMLPLAN2021,RA_LRC_UNWIND,119741.72134986147
NI02OMLPLAN2021,RA_LRC_RELEASE,-828823.5249283863
NI02OMLPLAN2021,RA_LRC_DEREC,0.0
NI02OMLPLAN2021,RA_LRC_TASSCHG,42173.09752464481
NI02OMLPLAN2021,RA_LRC_FASSCHG,24290.751094193663
NI02OMLPLAN2021,RA_LRC_CLO,1256027.3622152146
NI02OMLPLAN2021,RA_LIC_OP,0.0
NI02OMLPLAN2021,RA_LIC_UNWIND,0.0
NI02OMLPLAN2021,RA_LIC_INCLAIM,0.0
NI02OMLPLAN2021,RA_LIC_RELEASE_PY,0.0
NI02OMLPLAN2021,RA_LIC_DEREC,0.0
NI02OMLPLAN2021,RA_LIC_TASSCHG_PY,0.0
NI02OMLPLAN2021,RA_LIC_FASSCHG_PY,0.0
NI02OMLPLAN2021,RA_LIC_CLO,0.0
NI02OMLPLAN2021,ACQ_CF_LRC_UNWIND,0.0
NI02OMLPLAN2021,ACQ_CF_LRC_EXP_ACQ_CF,0.0
NI02OMLPLAN2021,CROSS_SUB_OP,0.0
NI02OMLPLAN2021,CROSS_SUB_EXP,0.0
NI02OMLPLAN2021,CROSS_SUB_NB,0.0
NI02OMLPLAN2021,CROSS_SUB_IF_NB_TECH,0.0
NI02OMLPLAN2021,CROSS_SUB_TASSCHG,0.0
NI02OMLPLAN2021,CROSS_SUB_FASSCHG,0.0
NI02OMLPLAN2021,CROSS_SUB_CLO,0.0
NI02OMLPLAN2021,CROSS_SUB_IF_NB_FIN,0.0
NI02OMLPLAN2021,RA_LIC_RELEASE_CY,0.0
NI02OMLPLAN2021,PVFC_LRC_EXP_PREM_CURR_CF,0.0
NI02OMLPLAN2021,PVFC_LRC_EXP_ACQ_CURR_CF,0.0
NI02OMLPLAN2021,RA_LIC_FEXPVAR_CY,0.0
NI02OMLPLAN2022,PVFC_LRC_UNWIND,0.0
NI02OMLPLAN2022,PVFC_LRC_EXP_PREM_FUT_CF,313006.14319987904
NI02OMLPLAN2022,PVFC_LRC_EXP_ACQ_FUT_CF,-41592.90267489958
NI02OMLPLAN2022,PVFC_LRC_EXP_INCLAIM,-174025.32125426436
NI02OMLPLAN2022,PVFC_LRC_EXP_IC_PAYBL,0.0
NI02OMLPLAN2022,PVFC_LRC_EXP_ATTEXP,-327497.308690441
NI02OMLPLAN2022,PVFC_LIC_UNWIND,0.0
NI02OMLPLAN2022,PVFC_LIC_EXP_CLAIM_CF_CY,0.0
NI02OMLPLAN2022,PVFC_LIC_EXP_ATTEXP_CY,0.0
NI02OMLPLAN2022,PVFC_LIC_EXP_CLAIM_CF_PY,0.0
NI02OMLPLAN2022,PVFC_LIC_EXP_ATTEXP_PY,0.0
NI02OMLPLAN2022,RA_LRC_OP,107232.26737038248
NI02OMLPLAN2022,RA_LRC_NB_POS,0.0
NI02OMLPLAN2022,RA_LRC_UNWIND,7886.035238945871
NI02OMLPLAN2022,RA_LRC_RELEASE,-28308.34416612803
NI02OMLPLAN2022,RA_LRC_DEREC,0.0
NI02OMLPLAN2022,RA_LRC_TASSCHG,-86809.95844320033
NI02OMLPLAN2022,RA_LRC_FASSCHG,0.0
NI02OMLPLAN2022,RA_LRC_CLO,0.0
NI02OMLPLAN2022,RA_LIC_OP,0.0
NI02OMLPLAN2022,RA_LIC_UNWIND,0.0
NI02OMLPLAN2022,RA_LIC_INCLAIM,0.0
NI02OMLPLAN2022,RA_LIC_RELEASE_PY,0.0
NI02OMLPLAN2022,RA_LIC_DEREC,0.0
NI02OMLPLAN2022,RA_LIC_TASSCHG_PY,0.0
NI02OMLPLAN2022,RA_LIC_FASSCHG_PY,0.0
NI02OMLPLAN2022,RA_LIC_CLO,0.0
NI02OMLPLAN2022,ACQ_CF_LRC_UNWIND,0.0
NI02OMLPLAN2022,ACQ_CF_LRC_EXP_ACQ_CF,0.0
NI02OMLPLAN2022,CROSS_SUB_OP,0.0
NI02OMLPLAN2022,CROSS_SUB_EXP,0.0
NI02OMLPLAN2022,CROSS_SUB_NB,0.0
NI02OMLPLAN2022,CROSS_SUB_IF_NB_TECH,0.0
NI02OMLPLAN2022,CROSS_SUB_TASSCHG,0.0
NI02OMLPLAN2022,CROSS_SUB_FASSCHG,0.0
NI02OMLPLAN2022,CROSS_SUB_CLO,0.0
NI02OMLPLAN2022,CROSS_SUB_IF_NB_FIN,0.0
NI02OMLPLAN2022,RA_LIC_RELEASE_CY,0.0
NI02OMLPLAN2022,PVFC_LRC_EXP_PREM_CURR_CF,0.0
NI02OMLPLAN2022,PVFC_LRC_EXP_ACQ_CURR_CF,0.0
NI02OMLPLAN2022,RA_LIC_FEXPVAR_CY,0.0
NI02OMLPLAN2023,PVFC_LRC_UNWIND,0.0
NI02OMLPLAN2023,PVFC_LRC_EXP_PREM_FUT_CF,167915.34363921438
NI02OMLPLAN2023,PVFC_LRC_EXP_ACQ_FUT_CF,-25278.65254144449
NI02OMLPLAN2023,PVFC_LRC_EXP_INCLAIM,-93641.60235610278
NI02OMLPLAN2023,PVFC_LRC_EXP_IC_PAYBL,0.0
NI02OMLPLAN2023,PVFC_LRC_EXP_ATTEXP,-232372.573071477
NI02OMLPLAN2023,PVFC_LIC_UNWIND,0.0
NI02OMLPLAN2023,PVFC_LIC_EXP_CLAIM_CF_CY,0.0
NI02OMLPLAN2023,PVFC_LIC_EXP_ATTEXP_CY,0.0
NI02OMLPLAN2023,PVFC_LIC_EXP_CLAIM_CF_PY,0.0
NI02OMLPLAN2023,PVFC_LIC_EXP_ATTEXP_PY,0.0
NI02OMLPLAN2023,RA_LRC_OP,128563.37594435061
NI02OMLPLAN2023,RA_LRC_NB_POS,0.0
NI02OMLPLAN2023,RA_LRC_UNWIND,-109369.50649875305
NI02OMLPLAN2023,RA_LRC_RELEASE,-18487.170376859252
NI02OMLPLAN2023,RA_LRC_DEREC,0.0
NI02OMLPLAN2023,RA_LRC_TASSCHG,-706.6990687383151
NI02OMLPLAN2023,RA_LRC_FASSCHG,0.0
NI02OMLPLAN2023,RA_LRC_CLO,0.0
NI02OMLPLAN2023,RA_LIC_OP,0.0
NI02OMLPLAN2023,RA_LIC_UNWIND,0.0
NI02OMLPLAN2023,RA_LIC_INCLAIM,0.0
NI02OMLPLAN2023,RA_LIC_RELEASE_PY,0.0
NI02OMLPLAN2023,RA_LIC_DEREC,0.0
NI02OMLPLAN2023,RA_LIC_TASSCHG_PY,0.0
NI02OMLPLAN2023,RA_LIC_FASSCHG_PY,0.0
NI02OMLPLAN2023,RA_LIC_CLO,0.0
NI02OMLPLAN2023,ACQ_CF_LRC_UNWIND,0.0
NI02OMLPLAN2023,ACQ_CF_LRC_EXP_ACQ_CF,0.0
NI02OMLPLAN2023,CROSS_SUB_OP,0.0
NI02OMLPLAN2023,CROSS_SUB_EXP,0.0
NI02OMLPLAN2023,CROSS_SUB_NB,0.0
NI02OMLPLAN2023,CROSS_SUB_IF_NB_TECH,0.0
NI02OMLPLAN2023,CROSS_SUB_TASSCHG,0.0
NI02OMLPLAN2023,CROSS_SUB_FASSCHG,0.0
NI02OMLPLAN2023,CROSS_SUB_CLO,0.0
NI02OMLPLAN2023,CROSS_SUB_IF_NB_FIN,0.0
NI02OMLPLAN2023,RA_LIC_RELEASE_CY,0.0
NI02OMLPLAN2023,PVFC_LRC_EXP_PREM_CURR_CF,0.0
NI02OMLPLAN2023,PVFC_LRC_EXP_ACQ_CURR_CF,0.0
NI02OMLPLAN2023,RA_LIC_FEXPVAR_CY,0.0
NI02OMORTGE2021,PVFC_LRC_UNWIND,0.0
NI02OMORTGE2021,PVFC_LRC_EXP_PREM_FUT_CF,3822560.404531958
NI02OMORTGE2021,PVFC_LRC_EXP_ACQ_FUT_CF,-382256.04045319575
NI02OMORTGE2021,PVFC_LRC_EXP_INCLAIM,-14658883.101796258
NI02OMORTGE2021,PVFC_LRC_EXP_IC_PAYBL,0.0
NI02OMORTGE2021,PVFC_LRC_EXP_ATTEXP,-61034.52505443049
NI02OMORTGE2021,PVFC_LIC_UNWIND,0.0
NI02OMORTGE2021,PVFC_LIC_EXP_CLAIM_CF_CY,0.0
NI02OMORTGE2021,PVFC_LIC_EXP_ATTEXP_CY,0.0
NI02OMORTGE2021,PVFC_LIC_EXP_CLAIM_CF_PY,0.0
NI02OMORTGE2021,PVFC_LIC_EXP_ATTEXP_PY,0.0
NI02OMORTGE2021,RA_LRC_OP,5450423.8937947275
NI02OMORTGE2021,RA_LRC_NB_POS,0.0
NI02OMORTGE2021,RA_LRC_UNWIND,390888.3586182585
NI02OMORTGE2021,RA_LRC_RELEASE,-1148102.1557932168
NI02OMORTGE2021,RA_LRC_DEREC,0.0
NI02OMORTGE2021,RA_LRC_TASSCHG,-337709.9746409096
NI02OMORTGE2021,RA_LRC_FASSCHG,99303.0357425157
NI02OMORTGE2021,RA_LRC_CLO,4454803.157721375
NI02OMORTGE2021,RA_LIC_OP,0.0
NI02OMORTGE2021,RA_LIC_UNWIND,0.0
NI02OMORTGE2021,RA_LIC_INCLAIM,0.0
NI02OMORTGE2021,RA_LIC_RELEASE_PY,0.0
NI02OMORTGE2021,RA_LIC_DEREC,0.0
NI02OMORTGE2021,RA_LIC_TASSCHG_PY,0.0
NI02OMORTGE2021,RA_LIC_FASSCHG_PY,0.0
NI02OMORTGE2021,RA_LIC_CLO,0.0
NI02OMORTGE2021,ACQ_CF_LRC_UNWIND,0.0
NI02OMORTGE2021,ACQ_CF_LRC_EXP_ACQ_CF,0.0
NI02OMORTGE2021,CROSS_SUB_OP,0.0
NI02OMORTGE2021,CROSS_SUB_EXP,0.0
NI02OMORTGE2021,CROSS_SUB_NB,0.0
NI02OMORTGE2021,CROSS_SUB_IF_NB_TECH,0.0
NI02OMORTGE2021,CROSS_SUB_TASSCHG,0.0
NI02OMORTGE2021,CROSS_SUB_FASSCHG,0.0
NI02OMORTGE2021,CROSS_SUB_CLO,0.0
NI02OMORTGE2021,CROSS_SUB_IF_NB_FIN,0.0
NI02OMORTGE2021,RA_LIC_RELEASE_CY,0.0
NI02OMORTGE2021,PVFC_LRC_EXP_PREM_CURR_CF,0.0
NI02OMORTGE2021,PVFC_LRC_EXP_ACQ_CURR_CF,0.0
NI02OMORTGE2021,RA_LIC_FEXPVAR_CY,0.0
NI02PMORTGE2022,PVFC_LRC_UNWIND,0.0
NI02PMORTGE2022,PVFC_LRC_EXP_PREM_FUT_CF,38140.91916666667
NI02PMORTGE2022,PVFC_LRC_EXP_ACQ_FUT_CF,-3814.0919166666663
NI02PMORTGE2022,PVFC_LRC_EXP_INCLAIM,-2932473.6980645997
NI02PMORTGE2022,PVFC_LRC_EXP_IC_PAYBL,0.0
NI02PMORTGE2022,PVFC_LRC_EXP_ATTEXP,-109658.13284964135
NI02PMORTGE2022,PVFC_LIC_UNWIND,0.0
NI02PMORTGE2022,PVFC_LIC_EXP_CLAIM_CF_CY,0.0
NI02PMORTGE2022,PVFC_LIC_EXP_ATTEXP_CY,0.0
NI02PMORTGE2022,PVFC_LIC_EXP_CLAIM_CF_PY,0.0
NI02PMORTGE2022,PVFC_LIC_EXP_ATTEXP_PY,0.0
NI02PMORTGE2022,RA_LRC_OP,0.0
NI02PMORTGE2022,RA_LRC_NB_POS,0.0
NI02PMORTGE2022,RA_LRC_UNWIND,0.0
NI02PMORTGE2022,RA_LRC_RELEASE,0.0
NI02PMORTGE2022,RA_LRC_DEREC,0.0
NI02PMORTGE2022,RA_LRC_TASSCHG,0.0
NI02PMORTGE2022,RA_LRC_FASSCHG,0.0
NI02PMORTGE2022,RA_LRC_CLO,0.0
NI02PMORTGE2022,RA_LIC_OP,0.0
NI02PMORTGE2022,RA_LIC_UNWIND,0.0
NI02PMORTGE2022,RA_LIC_INCLAIM,0.0
NI02PMORTGE2022,RA_LIC_RELEASE_PY,0.0
NI02PMORTGE2022,RA_LIC_DEREC,0.0
NI02PMORTGE2022,RA_LIC_TASSCHG_PY,0.0
NI02PMORTGE2022,RA_LIC_FASSCHG_PY,0.0
NI02PMORTGE2022,RA_LIC_CLO,0.0
NI02PMORTGE2022,ACQ_CF_LRC_UNWIND,0.0
NI02PMORTGE2022,ACQ_CF_LRC_EXP_ACQ_CF,0.0
NI02PMORTGE2022,CROSS_SUB_OP,0.0
NI02PMORTGE2022,CROSS_SUB_EXP,0.0
NI02PMORTGE2022,CROSS_SUB_NB,0.0
NI02PMORTGE2022,CROSS_SUB_IF_NB_TECH,0.0
NI02PMORTGE2022,CROSS_SUB_TASSCHG,0.0
NI02PMORTGE2022,CROSS_SUB_FASSCHG,0.0
NI02PMORTGE2022,CROSS_SUB_CLO,0.0
NI02PMORTGE2022,CROSS_SUB_IF_NB_FIN,0.0
NI02PMORTGE2022,RA_LIC_RELEASE_CY,0.0
NI02PMORTGE2022,PVFC_LRC_EXP_PREM_CURR_CF,0.0
NI02PMORTGE2022,PVFC_LRC_EXP_ACQ_CURR_CF,0.0
NI02PMORTGE2022,RA_LIC_FEXPVAR_CY,0.0
NI02PMORTGE2023,PVFC_LRC_UNWIND,0.0
NI02PMORTGE2023,PVFC_LRC_EXP_PREM_FUT_CF,37979957.004
NI02PMORTGE2023,PVFC_LRC_EXP_ACQ_FUT_CF,-3797995.7003999995
NI02PMORTGE2023,PVFC_LRC_EXP_INCLAIM,-7478001.417204074
NI02PMORTGE2023,PVFC_LRC_EXP_IC_PAYBL,0.0
NI02PMORTGE2023,PVFC_LRC_EXP_ATTEXP,-8783578.81205998
NI02PMORTGE2023,PVFC_LIC_UNWIND,0.0
NI02PMORTGE2023,PVFC_LIC_EXP_CLAIM_CF_CY,0.0
NI02PMORTGE2023,PVFC_LIC_EXP_ATTEXP_CY,0.0
NI02PMORTGE2023,PVFC_LIC_EXP_CLAIM_CF_PY,0.0
NI02PMORTGE2023,PVFC_LIC_EXP_ATTEXP_PY,0.0
NI02PMORTGE2023,RA_LRC_OP,1868912.2889264885
NI02PMORTGE2023,RA_LRC_NB_POS,0.0
NI02PMORTGE2023,RA_LRC_UNWIND,105536.64646184724
NI02PMORTGE2023,RA_LRC_RELEASE,-1235861.3993698596
NI02PMORTGE2023,RA_LRC_DEREC,0.0
NI02PMORTGE2023,RA_LRC_TASSCHG,-701378.2748089371
NI02PMORTGE2023,RA_LRC_FASSCHG,349.27409774801345
NI02PMORTGE2023,RA_LRC_CLO,37558.535307287035
NI02PMORTGE2023,RA_LIC_OP,0.0
NI02PMORTGE2023,RA_LIC_UNWIND,0.0
NI02PMORTGE2023,RA_LIC_INCLAIM,0.0
NI02PMORTGE2023,RA_LIC_RELEASE_PY,0.0
NI02PMORTGE2023,RA_LIC_DEREC,0.0
NI02PMORTGE2023,RA_LIC_TASSCHG_PY,0.0
NI02PMORTGE2023,RA_LIC_FASSCHG_PY,0.0
NI02PMORTGE2023,RA_LIC_CLO,0.0
NI02PMORTGE2023,ACQ_CF_LRC_UNWIND,0.0
NI02PMORTGE2023,ACQ_CF_LRC_EXP_ACQ_CF,0.0
NI02PMORTGE2023,CROSS_SUB_OP,0.0
NI02PMORTGE2023,CROSS_SUB_EXP,0.0
NI02PMORTGE2023,CROSS_SUB_NB,0.0
NI02PMORTGE2023,CROSS_SUB_IF_NB_TECH,0.0
NI02PMORTGE2023,CROSS_SUB_TASSCHG,0.0
NI02PMORTGE2023,CROSS_SUB_FASSCHG,0.0
NI02PMORTGE2023,CROSS_SUB_CLO,0.0
NI02PMORTGE2023,CROSS_SUB_IF_NB_FIN,0.0
NI02PMORTGE2023,RA_LIC_RELEASE_CY,0.0
NI02PMORTGE2023,PVFC_LRC_EXP_PREM_CURR_CF,0.0
NI02PMORTGE2023,PVFC_LRC_EXP_ACQ_CURR_CF,0.0
NI02PMORTGE2023,RA_LIC_FEXPVAR_CY,0.0
NI02PSMRTRE2021,PVFC_LRC_UNWIND,0.0
NI02PSMRTRE2021,PVFC_LRC_EXP_PREM_FUT_CF,4652.947702651119
NI02PSMRTRE2021,PVFC_LRC_EXP_ACQ_FUT_CF,-465.294770265112
NI02PSMRTRE2021,PVFC_LRC_EXP_INCLAIM,-1360.7925879249344
NI02PSMRTRE2021,PVFC_LRC_EXP_IC_PAYBL,0.0
NI02PSMRTRE2021,PVFC_LRC_EXP_ATTEXP,-7507.3327187378245
NI02PSMRTRE2021,PVFC_LIC_UNWIND,0.0
NI02PSMRTRE2021,PVFC_LIC_EXP_CLAIM_CF_CY,0.0
NI02PSMRTRE2021,PVFC_LIC_EXP_ATTEXP_CY,0.0
NI02PSMRTRE2021,PVFC_LIC_EXP_CLAIM_CF_PY,0.0
NI02PSMRTRE2021,PVFC_LIC_EXP_ATTEXP_PY,0.0
NI02PSMRTRE2021,RA_LRC_OP,6553.041598963834
NI02PSMRTRE2021,RA_LRC_NB_POS,0.0
NI02PSMRTRE2021,RA_LRC_UNWIND,498.5851037137827
NI02PSMRTRE2021,RA_LRC_RELEASE,-596.1276507153221
NI02PSMRTRE2021,RA_LRC_DEREC,0.0
NI02PSMRTRE2021,RA_LRC_TASSCHG,-6455.499051962294
NI02PSMRTRE2021,RA_LRC_FASSCHG,0.0
NI02PSMRTRE2021,RA_LRC_CLO,0.0
NI02PSMRTRE2021,RA_LIC_OP,0.0
NI02PSMRTRE2021,RA_LIC_UNWIND,0.0
NI02PSMRTRE2021,RA_LIC_INCLAIM,0.0
NI02PSMRTRE2021,RA_LIC_RELEASE_PY,0.0
NI02PSMRTRE2021,RA_LIC_DEREC,0.0
NI02PSMRTRE2021,RA_LIC_TASSCHG_PY,0.0
NI02PSMRTRE2021,RA_LIC_FASSCHG_PY,0.0
NI02PSMRTRE2021,RA_LIC_CLO,0.0
NI02PSMRTRE2021,ACQ_CF_LRC_UNWIND,0.0
NI02PSMRTRE2021,ACQ_CF_LRC_EXP_ACQ_CF,0.0
NI02PSMRTRE2021,CROSS_SUB_OP,0.0
NI02PSMRTRE2021,CROSS_SUB_EXP,0.0
NI02PSMRTRE2021,CROSS_SUB_NB,0.0
NI02PSMRTRE2021,CROSS_SUB_IF_NB_TECH,0.0
NI02PSMRTRE2021,CROSS_SUB_TASSCHG,0.0
NI02PSMRTRE2021,CROSS_SUB_FASSCHG,0.0
NI02PSMRTRE2021,CROSS_SUB_CLO,0.0
NI02PSMRTRE2021,CROSS_SUB_IF_NB_FIN,0.0
NI02PSMRTRE2021,RA_LIC_RELEASE_CY,0.0
NI02PSMRTRE2021,PVFC_LRC_EXP_PREM_CURR_CF,0.0
NI02PSMRTRE2021,PVFC_LRC_EXP_ACQ_CURR_CF,0.0
NI02PSMRTRE2021,RA_LIC_FEXPVAR_CY,0.0
NI02OTMLIFE2021,PVFC_LRC_UNWIND,0.0
NI02OTMLIFE2021,PVFC_LRC_EXP_PREM_FUT_CF,15286275.71552227
NI02OTMLIFE2021,PVFC_LRC_EXP_ACQ_FUT_CF,-2292941.357328341
NI02OTMLIFE2021,PVFC_LRC_EXP_INCLAIM,-9477964.806589069
NI02OTMLIFE2021,PVFC_LRC_EXP_IC_PAYBL,0.0
NI02OTMLIFE2021,PVFC_LRC_EXP_ATTEXP,-914436.535398713
NI02OTMLIFE2021,PVFC_LIC_UNWIND,0.0
NI02OTMLIFE2021,PVFC_LIC_EXP_CLAIM_CF_CY,0.0
NI02OTMLIFE2021,PVFC_LIC_EXP_ATTEXP_CY,0.0
NI02OTMLIFE2021,PVFC_LIC_EXP_CLAIM_CF_PY,0.0
NI02OTMLIFE2021,PVFC_LIC_EXP_ATTEXP_PY,0.0
NI02OTMLIFE2021,RA_LRC_OP,4185308.791503462
NI02OTMLIFE2021,RA_LRC_NB_POS,0.0
NI02OTMLIFE2021,RA_LRC_UNWIND,302567.24919949286
NI02OTMLIFE2021,RA_LRC_RELEASE,-783152.0333014017
NI02OTMLIFE2021,RA_LRC_DEREC,0.0
NI02OTMLIFE2021,RA_LRC_TASSCHG,1656323.5037954864
NI02OTMLIFE2021,RA_LRC_FASSCHG,94854.9098314438
NI02OTMLIFE2021,RA_LRC_CLO,5455902.421028484
NI02OTMLIFE2021,RA_LIC_OP,0.0
NI02OTMLIFE2021,RA_LIC_UNWIND,0.0
NI02OTMLIFE2021,RA_LIC_INCLAIM,0.0
NI02OTMLIFE2021,RA_LIC_RELEASE_PY,0.0
NI02OTMLIFE2021,RA_LIC_DEREC,0.0
NI02OTMLIFE2021,RA_LIC_TASSCHG_PY,0.0
NI02OTMLIFE2021,RA_LIC_FASSCHG_PY,0.0
NI02OTMLIFE2021,RA_LIC_CLO,0.0
NI02OTMLIFE2021,ACQ_CF_LRC_UNWIND,0.0
NI02OTMLIFE2021,ACQ_CF_LRC_EXP_ACQ_CF,0.0
NI02OTMLIFE2021,CROSS_SUB_OP,0.0
NI02OTMLIFE2021,CROSS_SUB_EXP,0.0
NI02OTMLIFE2021,CROSS_SUB_NB,0.0
NI02OTMLIFE2021,CROSS_SUB_IF_NB_TECH,0.0
NI02OTMLIFE2021,CROSS_SUB_TASSCHG,0.0
NI02OTMLIFE2021,CROSS_SUB_FASSCHG,0.0
NI02OTMLIFE2021,CROSS_SUB_CLO,0.0
NI02OTMLIFE2021,CROSS_SUB_IF_NB_FIN,0.0
NI02OTMLIFE2021,RA_LIC_RELEASE_CY,0.0
NI02OTMLIFE2021,PVFC_LRC_EXP_PREM_CURR_CF,0.0
NI02OTMLIFE2021,PVFC_LRC_EXP_ACQ_CURR_CF,0.0
NI02OTMLIFE2021,RA_LIC_FEXPVAR_CY,0.0
NI02PTMLIFE2022,PVFC_LRC_UNWIND,0.0
NI02PTMLIFE2022,PVFC_LRC_EXP_PREM_FUT_CF,10238611.47350262
NI02PTMLIFE2022,PVFC_LRC_EXP_ACQ_FUT_CF,-1131781.9584887514
NI02PTMLIFE2022,PVFC_LRC_EXP_INCLAIM,-8991722.264281532
NI02PTMLIFE2022,PVFC_LRC_EXP_IC_PAYBL,0.0
NI02PTMLIFE2022,PVFC_LRC_EXP_ATTEXP,-492073.74665900425
NI02PTMLIFE2022,PVFC_LIC_UNWIND,0.0
NI02PTMLIFE2022,PVFC_LIC_EXP_CLAIM_CF_CY,0.0
NI02PTMLIFE2022,PVFC_LIC_EXP_ATTEXP_CY,0.0
NI02PTMLIFE2022,PVFC_LIC_EXP_CLAIM_CF_PY,0.0
NI02PTMLIFE2022,PVFC_LIC_EXP_ATTEXP_PY,0.0
NI02PTMLIFE2022,RA_LRC_OP,1477656.234609117
NI02PTMLIFE2022,RA_LRC_NB_POS,0.0
NI02PTMLIFE2022,RA_LRC_UNWIND,61116.8880196081
NI02PTMLIFE2022,RA_LRC_RELEASE,-714681.2257313352
NI02PTMLIFE2022,RA_LRC_DEREC,0.0
NI02PTMLIFE2022,RA_LRC_TASSCHG,-824091.89689739
NI02PTMLIFE2022,RA_LRC_FASSCHG,0.0
NI02PTMLIFE2022,RA_LRC_CLO,0.0
NI02PTMLIFE2022,RA_LIC_OP,0.0
NI02PTMLIFE2022,RA_LIC_UNWIND,0.0
NI02PTMLIFE2022,RA_LIC_INCLAIM,0.0
NI02PTMLIFE2022,RA_LIC_RELEASE_PY,0.0
NI02PTMLIFE2022,RA_LIC_DEREC,0.0
NI02PTMLIFE2022,RA_LIC_TASSCHG_PY,0.0
NI02PTMLIFE2022,RA_LIC_FASSCHG_PY,0.0
NI02PTMLIFE2022,RA_LIC_CLO,0.0
NI02PTMLIFE2022,ACQ_CF_LRC_UNWIND,0.0
NI02PTMLIFE2022,ACQ_CF_LRC_EXP_ACQ_CF,0.0
NI02PTMLIFE2022,CROSS_SUB_OP,0.0
NI02PTMLIFE2022,CROSS_SUB_EXP,0.0
NI02PTMLIFE2022,CROSS_SUB_NB,0.0
NI02PTMLIFE2022,CROSS_SUB_IF_NB_TECH,0.0
NI02PTMLIFE2022,CROSS_SUB_TASSCHG,0.0
NI02PTMLIFE2022,CROSS_SUB_FASSCHG,0.0
NI02PTMLIFE2022,CROSS_SUB_CLO,0.0
NI02PTMLIFE2022,CROSS_SUB_IF_NB_FIN,0.0
NI02PTMLIFE2022,RA_LIC_RELEASE_CY,0.0
NI02PTMLIFE2022,PVFC_LRC_EXP_PREM_CURR_CF,0.0
NI02PTMLIFE2022,PVFC_LRC_EXP_ACQ_CURR_CF,0.0
NI02PTMLIFE2022,RA_LIC_FEXPVAR_CY,0.0
NI02PTMLIFE2023,PVFC_LRC_UNWIND,0.0
NI02PTMLIFE2023,PVFC_LRC_EXP_PREM_FUT_CF,28964745.202891726
NI02PTMLIFE2023,PVFC_LRC_EXP_ACQ_FUT_CF,-5698432.040578347
NI02PTMLIFE2023,PVFC_LRC_EXP_INCLAIM,-6763319.199497292
NI02PTMLIFE2023,PVFC_LRC_EXP_IC_PAYBL,0.0
NI02PTMLIFE2023,PVFC_LRC_EXP_ATTEXP,-6564624.656853299
NI02PTMLIFE2023,PVFC_LIC_UNWIND,0.0
NI02PTMLIFE2023,PVFC_LIC_EXP_CLAIM_CF_CY,0.0
NI02PTMLIFE2023,PVFC_LIC_EXP_ATTEXP_CY,0.0
NI02PTMLIFE2023,PVFC_LIC_EXP_CLAIM_CF_PY,0.0
NI02PTMLIFE2023,PVFC_LIC_EXP_ATTEXP_PY,0.0
NI02PTMLIFE2023,RA_LRC_OP,2146871.631052593
NI02PTMLIFE2023,RA_LRC_NB_POS,0.0
NI02PTMLIFE2023,RA_LRC_UNWIND,110298.62429633085
NI02PTMLIFE2023,RA_LRC_RELEASE,-973042.2186232852
NI02PTMLIFE2023,RA_LRC_DEREC,0.0
NI02PTMLIFE2023,RA_LRC_TASSCHG,-1263106.282881406
NI02PTMLIFE2023,RA_LRC_FASSCHG,337.48142680725505
NI02PTMLIFE2023,RA_LRC_CLO,21359.235271039786
NI02PTMLIFE2023,RA_LIC_OP,0.0
NI02PTMLIFE2023,RA_LIC_UNWIND,0.0
NI02PTMLIFE2023,RA_LIC_INCLAIM,0.0
NI02PTMLIFE2023,RA_LIC_RELEASE_PY,0.0
NI02PTMLIFE2023,RA_LIC_DEREC,0.0
NI02PTMLIFE2023,RA_LIC_TASSCHG_PY,0.0
NI02PTMLIFE2023,RA_LIC_FASSCHG_PY,0.0
NI02PTMLIFE2023,RA_LIC_CLO,0.0
NI02PTMLIFE2023,ACQ_CF_LRC_UNWIND,0.0
NI02PTMLIFE2023,ACQ_CF_LRC_EXP_ACQ_CF,0.0
NI02PTMLIFE2023,CROSS_SUB_OP,0.0
NI02PTMLIFE2023,CROSS_SUB_EXP,0.0
NI02PTMLIFE2023,CROSS_SUB_NB,0.0
NI02PTMLIFE2023,CROSS_SUB_IF_NB_TECH,0.0
NI02PTMLIFE2023,CROSS_SUB_TASSCHG,0.0
NI02PTMLIFE2023,CROSS_SUB_FASSCHG,0.0
NI02PTMLIFE2023,CROSS_SUB_CLO,0.0
NI02PTMLIFE2023,CROSS_SUB_IF_NB_FIN,0.0
NI02PTMLIFE2023,RA_LIC_RELEASE_CY,0.0
NI02PTMLIFE2023,PVFC_LRC_EXP_PREM_CURR_CF,0.0
NI02PTMLIFE2023,PVFC_LRC_EXP_ACQ_CURR_CF,0.0
NI02PTMLIFE2023,RA_LIC_FEXPVAR_CY,0.0
NI02PWHLIFE2021,PVFC_LRC_UNWIND,0.0
NI02PWHLIFE2021,PVFC_LRC_EXP_PREM_FUT_CF,76771085.27704176
NI02PWHLIFE2021,PVFC_LRC_EXP_ACQ_FUT_CF,-11515662.791556261
NI02PWHLIFE2021,PVFC_LRC_EXP_INCLAIM,-26013850.63750478
NI02PWHLIFE2021,PVFC_LRC_EXP_IC_PAYBL,-5725206.297134175
NI02PWHLIFE2021,PVFC_LRC_EXP_ATTEXP,-2519900.7387550813
NI02PWHLIFE2021,PVFC_LIC_UNWIND,0.0
NI02PWHLIFE2021,PVFC_LIC_EXP_CLAIM_CF_CY,0.0
NI02PWHLIFE2021,PVFC_LIC_EXP_ATTEXP_CY,0.0
NI02PWHLIFE2021,PVFC_LIC_EXP_CLAIM_CF_PY,0.0
NI02PWHLIFE2021,PVFC_LIC_EXP_ATTEXP_PY,0.0
NI02PWHLIFE2021,RA_LRC_OP,20485138.954909004
NI02PWHLIFE2021,RA_LRC_NB_POS,0.0
NI02PWHLIFE2021,RA_LRC_UNWIND,1565914.5090985745
NI02PWHLIFE2021,RA_LRC_RELEASE,-1644629.6998055042
NI02PWHLIFE2021,RA_LRC_DEREC,0.0
NI02PWHLIFE2021,RA_LRC_TASSCHG,-488255.688275069
NI02PWHLIFE2021,RA_LRC_FASSCHG,-226871.4540026933
NI02PWHLIFE2021,RA_LRC_CLO,19691296.62192431
NI02PWHLIFE2021,RA_LIC_OP,0.0
NI02PWHLIFE2021,RA_LIC_UNWIND,0.0
NI02PWHLIFE2021,RA_LIC_INCLAIM,0.0
NI02PWHLIFE2021,RA_LIC_RELEASE_PY,0.0
NI02PWHLIFE2021,RA_LIC_DEREC,0.0
NI02PWHLIFE2021,RA_LIC_TASSCHG_PY,0.0
NI02PWHLIFE2021,RA_LIC_FASSCHG_PY,0.0
NI02PWHLIFE2021,RA_LIC_CLO,0.0
NI02PWHLIFE2021,ACQ_CF_LRC_UNWIND,0.0
NI02PWHLIFE2021,ACQ_CF_LRC_EXP_ACQ_CF,0.0
NI02PWHLIFE2021,CROSS_SUB_OP,0.0
NI02PWHLIFE2021,CROSS_SUB_EXP,0.0
NI02PWHLIFE2021,CROSS_SUB_NB,0.0
NI02PWHLIFE2021,CROSS_SUB_IF_NB_TECH,0.0
NI02PWHLIFE2021,CROSS_SUB_TASSCHG,0.0
NI02PWHLIFE2021,CROSS_SUB_FASSCHG,0.0
NI02PWHLIFE2021,CROSS_SUB_CLO,0.0
NI02PWHLIFE2021,CROSS_SUB_IF_NB_FIN,0.0
NI02PWHLIFE2021,RA_LIC_RELEASE_CY,0.0
NI02PWHLIFE2021,PVFC_LRC_EXP_PREM_CURR_CF,0.0
NI02PWHLIFE2021,PVFC_LRC_EXP_ACQ_CURR_CF,0.0
NI02PWHLIFE2021,RA_LIC_FEXPVAR_CY,0.0
NI02PWHLIFE2023,PVFC_LRC_UNWIND,0.0
NI02PWHLIFE2023,PVFC_LRC_EXP_PREM_FUT_CF,11900965.743867854
NI02PWHLIFE2023,PVFC_LRC_EXP_ACQ_FUT_CF,-2380193.148773571
NI02PWHLIFE2023,PVFC_LRC_EXP_INCLAIM,-121174.38008785043
NI02PWHLIFE2023,PVFC_LRC_EXP_IC_PAYBL,0.0
NI02PWHLIFE2023,PVFC_LRC_EXP_ATTEXP,-322581.4030828133
NI02PWHLIFE2023,PVFC_LIC_UNWIND,0.0
NI02PWHLIFE2023,PVFC_LIC_EXP_CLAIM_CF_CY,0.0
NI02PWHLIFE2023,PVFC_LIC_EXP_ATTEXP_CY,0.0
NI02PWHLIFE2023,PVFC_LIC_EXP_CLAIM_CF_PY,0.0
NI02PWHLIFE2023,PVFC_LIC_EXP_ATTEXP_PY,0.0
NI02PWHLIFE2023,RA_LRC_OP,4796.766728245192
NI02PWHLIFE2023,RA_LRC_NB_POS,0.0
NI02PWHLIFE2023,RA_LRC_UNWIND,-928.1261355838765
NI02PWHLIFE2023,RA_LRC_RELEASE,-792.7846625369857
NI02PWHLIFE2023,RA_LRC_DEREC,0.0
NI02PWHLIFE2023,RA_LRC_TASSCHG,-40.47917160054112
NI02PWHLIFE2023,RA_LRC_FASSCHG,59.24900668622422
NI02PWHLIFE2023,RA_LRC_CLO,3094.625765210013
NI02PWHLIFE2023,RA_LIC_OP,0.0
NI02PWHLIFE2023,RA_LIC_UNWIND,0.0
NI02PWHLIFE2023,RA_LIC_INCLAIM,0.0
NI02PWHLIFE2023,RA_LIC_RELEASE_PY,0.0
NI02PWHLIFE2023,RA_LIC_DEREC,0.0
NI02PWHLIFE2023,RA_LIC_TASSCHG_PY,0.0
NI02PWHLIFE2023,RA_LIC_FASSCHG_PY,0.0
NI02PWHLIFE2023,RA_LIC_CLO,0.0
NI02PWHLIFE2023,ACQ_CF_LRC_UNWIND,0.0
NI02PWHLIFE2023,ACQ_CF_LRC_EXP_ACQ_CF,0.0
NI02PWHLIFE2023,CROSS_SUB_OP,0.0
NI02PWHLIFE2023,CROSS_SUB_EXP,0.0
NI02PWHLIFE2023,CROSS_SUB_NB,0.0
NI02PWHLIFE2023,CROSS_SUB_IF_NB_TECH,0.0
NI02PWHLIFE2023,CROSS_SUB_TASSCHG,0.0
NI02PWHLIFE2023,CROSS_SUB_FASSCHG,0.0
NI02PWHLIFE2023,CROSS_SUB_CLO,0.0
NI02PWHLIFE2023,CROSS_SUB_IF_NB_FIN,0.0
NI02PWHLIFE2023,RA_LIC_RELEASE_CY,0.0
NI02PWHLIFE2023,PVFC_LRC_EXP_PREM_CURR_CF,0.0
NI02PWHLIFE2023,PVFC_LRC_EXP_ACQ_CURR_CF,0.0
NI02PWHLIFE2023,RA_LIC_FEXPVAR_CY,0.0
NI02OAIPLAN2021,PVFC_LRC_UNWIND,0.0
NI02OAIPLAN2021,PVFC_LRC_EXP_PREM_FUT_CF,0.0
NI02OAIPLAN2021,PVFC_LRC_EXP_ACQ_FUT_CF,0.0
NI02OAIPLAN2021,PVFC_LRC_EXP_INCLAIM,0.0
NI02OAIPLAN2021,PVFC_LRC_EXP_IC_PAYBL,0.0
NI02OAIPLAN2021,PVFC_LRC_EXP_ATTEXP,0.0
NI02OAIPLAN2021,PVFC_LIC_UNWIND,0.0
NI02OAIPLAN2021,PVFC_LIC_EXP_CLAIM_CF_CY,0.0
NI02OAIPLAN2021,PVFC_LIC_EXP_ATTEXP_CY,0.0
NI02OAIPLAN2021,PVFC_LIC_EXP_CLAIM_CF_PY,0.0
NI02OAIPLAN2021,PVFC_LIC_EXP_ATTEXP_PY,0.0
NI02OAIPLAN2021,RA_LRC_OP,0.0
NI02OAIPLAN2021,RA_LRC_NB_POS,0.0
NI02OAIPLAN2021,RA_LRC_UNWIND,0.0
NI02OAIPLAN2021,RA_LRC_RELEASE,0.0
NI02OAIPLAN2021,RA_LRC_DEREC,0.0
NI02OAIPLAN2021,RA_LRC_TASSCHG,0.0
NI02OAIPLAN2021,RA_LRC_FASSCHG,0.0
NI02OAIPLAN2021,RA_LRC_CLO,0.0
NI02OAIPLAN2021,RA_LIC_OP,0.0
NI02OAIPLAN2021,RA_LIC_UNWIND,0.0
NI02OAIPLAN2021,RA_LIC_INCLAIM,0.0
NI02OAIPLAN2021,RA_LIC_RELEASE_PY,0.0
NI02OAIPLAN2021,RA_LIC_DEREC,0.0
NI02OAIPLAN2021,RA_LIC_TASSCHG_PY,0.0
NI02OAIPLAN2021,RA_LIC_FASSCHG_PY,0.0
NI02OAIPLAN2021,RA_LIC_CLO,0.0
NI02OAIPLAN2021,ACQ_CF_LRC_UNWIND,0.0
NI02OAIPLAN2021,ACQ_CF_LRC_EXP_ACQ_CF,0.0
NI02OAIPLAN2021,CROSS_SUB_OP,0.0
NI02OAIPLAN2021,CROSS_SUB_EXP,0.0
NI02OAIPLAN2021,CROSS_SUB_NB,0.0
NI02OAIPLAN2021,CROSS_SUB_IF_NB_TECH,0.0
NI02OAIPLAN2021,CROSS_SUB_TASSCHG,0.0
NI02OAIPLAN2021,CROSS_SUB_FASSCHG,0.0
NI02OAIPLAN2021,CROSS_SUB_CLO,0.0
NI02OAIPLAN2021,CROSS_SUB_IF_NB_FIN,0.0
NI02OAIPLAN2021,RA_LIC_RELEASE_CY,0.0
NI02OAIPLAN2021,PVFC_LRC_EXP_PREM_CURR_CF,0.0
NI02OAIPLAN2021,PVFC_LRC_EXP_ACQ_CURR_CF,0.0
NI02OAIPLAN2021,RA_LIC_FEXPVAR_CY,0.0
NI02OAIPLAN2022,PVFC_LRC_UNWIND,0.0
NI02OAIPLAN2022,PVFC_LRC_EXP_PREM_FUT_CF,0.0
NI02OAIPLAN2022,PVFC_LRC_EXP_ACQ_FUT_CF,0.0
NI02OAIPLAN2022,PVFC_LRC_EXP_INCLAIM,0.0
NI02OAIPLAN2022,PVFC_LRC_EXP_IC_PAYBL,0.0
NI02OAIPLAN2022,PVFC_LRC_EXP_ATTEXP,0.0
NI02OAIPLAN2022,PVFC_LIC_UNWIND,0.0
NI02OAIPLAN2022,PVFC_LIC_EXP_CLAIM_CF_CY,0.0
NI02OAIPLAN2022,PVFC_LIC_EXP_ATTEXP_CY,0.0
NI02OAIPLAN2022,PVFC_LIC_EXP_CLAIM_CF_PY,0.0
NI02OAIPLAN2022,PVFC_LIC_EXP_ATTEXP_PY,0.0
NI02OAIPLAN2022,RA_LRC_OP,4021575.1872716392
NI02OAIPLAN2022,RA_LRC_NB_POS,0.0
NI02OAIPLAN2022,RA_LRC_UNWIND,100139.65742657008
NI02OAIPLAN2022,RA_LRC_RELEASE,-4121714.8446982093
NI02OAIPLAN2022,RA_LRC_DEREC,0.0
NI02OAIPLAN2022,RA_LRC_TASSCHG,0.0
NI02OAIPLAN2022,RA_LRC_FASSCHG,0.0
NI02OAIPLAN2022,RA_LRC_CLO,0.0
NI02OAIPLAN2022,RA_LIC_OP,0.0
NI02OAIPLAN2022,RA_LIC_UNWIND,0.0
NI02OAIPLAN2022,RA_LIC_INCLAIM,0.0
NI02OAIPLAN2022,RA_LIC_RELEASE_PY,0.0
NI02OAIPLAN2022,RA_LIC_DEREC,0.0
NI02OAIPLAN2022,RA_LIC_TASSCHG_PY,0.0
NI02OAIPLAN2022,RA_LIC_FASSCHG_PY,0.0
NI02OAIPLAN2022,RA_LIC_CLO,0.0
NI02OAIPLAN2022,ACQ_CF_LRC_UNWIND,0.0
NI02OAIPLAN2022,ACQ_CF_LRC_EXP_ACQ_CF,0.0
NI02OAIPLAN2022,CROSS_SUB_OP,0.0
NI02OAIPLAN2022,CROSS_SUB_EXP,0.0
NI02OAIPLAN2022,CROSS_SUB_NB,0.0
NI02OAIPLAN2022,CROSS_SUB_IF_NB_TECH,0.0
NI02OAIPLAN2022,CROSS_SUB_TASSCHG,0.0
NI02OAIPLAN2022,CROSS_SUB_FASSCHG,0.0
NI02OAIPLAN2022,CROSS_SUB_CLO,0.0
NI02OAIPLAN2022,CROSS_SUB_IF_NB_FIN,0.0
NI02OAIPLAN2022,RA_LIC_RELEASE_CY,0.0
NI02OAIPLAN2022,PVFC_LRC_EXP_PREM_CURR_CF,0.0
NI02OAIPLAN2022,PVFC_LRC_EXP_ACQ_CURR_CF,0.0
NI02OAIPLAN2022,RA_LIC_FEXPVAR_CY,0.0
NI02OAIPLAN2023,PVFC_LRC_UNWIND,0.0
NI02OAIPLAN2023,PVFC_LRC_EXP_PREM_FUT_CF,107507781.27442273
NI02OAIPLAN2023,PVFC_LRC_EXP_ACQ_FUT_CF,-10750786.863757165
NI02OAIPLAN2023,PVFC_LRC_EXP_INCLAIM,-121225929.374296
NI02OAIPLAN2023,PVFC_LRC_EXP_IC_PAYBL,0.0
NI02OAIPLAN2023,PVFC_LRC_EXP_ATTEXP,-29629396.817735683
NI02OAIPLAN2023,PVFC_LIC_UNWIND,0.0
NI02OAIPLAN2023,PVFC_LIC_EXP_CLAIM_CF_CY,0.0
NI02OAIPLAN2023,PVFC_LIC_EXP_ATTEXP_CY,0.0
NI02OAIPLAN2023,PVFC_LIC_EXP_CLAIM_CF_PY,0.0
NI02OAIPLAN2023,PVFC_LIC_EXP_ATTEXP_PY,0.0
NI02OAIPLAN2023,RA_LRC_OP,15405923.03791064
NI02OAIPLAN2023,RA_LRC_NB_POS,0.0
NI02OAIPLAN2023,RA_LRC_UNWIND,1007539.9219959192
NI02OAIPLAN2023,RA_LRC_RELEASE,-10528938.103874939
NI02OAIPLAN2023,RA_LRC_DEREC,0.0
NI02OAIPLAN2023,RA_LRC_TASSCHG,-449242.9427306708
NI02OAIPLAN2023,RA_LRC_FASSCHG,58978.54290736839
NI02OAIPLAN2023,RA_LRC_CLO,5494260.4562083185
NI02OAIPLAN2023,RA_LIC_OP,0.0
NI02OAIPLAN2023,RA_LIC_UNWIND,0.0
NI02OAIPLAN2023,RA_LIC_INCLAIM,0.0
NI02OAIPLAN2023,RA_LIC_RELEASE_PY,0.0
NI02OAIPLAN2023,RA_LIC_DEREC,0.0
NI02OAIPLAN2023,RA_LIC_TASSCHG_PY,0.0
NI02OAIPLAN2023,RA_LIC_FASSCHG_PY,0.0
NI02OAIPLAN2023,RA_LIC_CLO,0.0
NI02OAIPLAN2023,ACQ_CF_LRC_UNWIND,0.0
NI02OAIPLAN2023,ACQ_CF_LRC_EXP_ACQ_CF,0.0
NI02OAIPLAN2023,CROSS_SUB_OP,0.0
NI02OAIPLAN2023,CROSS_SUB_EXP,0.0
NI02OAIPLAN2023,CROSS_SUB_NB,0.0
NI02OAIPLAN2023,CROSS_SUB_IF_NB_TECH,0.0
NI02OAIPLAN2023,CROSS_SUB_TASSCHG,0.0
NI02OAIPLAN2023,CROSS_SUB_FASSCHG,0.0
NI02OAIPLAN2023,CROSS_SUB_CLO,0.0
NI02OAIPLAN2023,CROSS_SUB_IF_NB_FIN,0.0
NI02OAIPLAN2023,RA_LIC_RELEASE_CY,0.0
NI02OAIPLAN2023,PVFC_LRC_EXP_PREM_CURR_CF,0.0
NI02OAIPLAN2023,PVFC_LRC_EXP_ACQ_CURR_CF,0.0
NI02OAIPLAN2023,RA_LIC_FEXPVAR_CY,0.0
NI02PAIPLAN2023,PVFC_LRC_UNWIND,0.0
NI02PAIPLAN2023,PVFC_LRC_EXP_PREM_FUT_CF,2087626.7100951646
NI02PAIPLAN2023,PVFC_LRC_EXP_ACQ_FUT_CF,-208763.15458145668
NI02PAIPLAN2023,PVFC_LRC_EXP_INCLAIM,-385523.3112627141
NI02PAIPLAN2023,PVFC_LRC_EXP_IC_PAYBL,0.0
NI02PAIPLAN2023,PVFC_LRC_EXP_ATTEXP,-476536.69087262143
NI02PAIPLAN2023,PVFC_LIC_UNWIND,0.0
NI02PAIPLAN2023,PVFC_LIC_EXP_CLAIM_CF_CY,0.0
NI02PAIPLAN2023,PVFC_LIC_EXP_ATTEXP_CY,0.0
NI02PAIPLAN2023,PVFC_LIC_EXP_CLAIM_CF_PY,0.0
NI02PAIPLAN2023,PVFC_LIC_EXP_ATTEXP_PY,0.0
NI02PAIPLAN2023,RA_LRC_OP,83415.7451817327
NI02PAIPLAN2023,RA_LRC_NB_POS,0.0
NI02PAIPLAN2023,RA_LRC_UNWIND,5330.908429878124
NI02PAIPLAN2023,RA_LRC_RELEASE,-60167.424203207745
NI02PAIPLAN2023,RA_LRC_DEREC,0.0
NI02PAIPLAN2023,RA_LRC_TASSCHG,-2041.2072138730036
NI02PAIPLAN2023,RA_LRC_FASSCHG,299.56794047257426
NI02PAIPLAN2023,RA_LRC_CLO,26837.590135002643
NI02PAIPLAN2023,RA_LIC_OP,0.0
NI02PAIPLAN2023,RA_LIC_UNWIND,0.0
NI02PAIPLAN2023,RA_LIC_INCLAIM,0.0
NI02PAIPLAN2023,RA_LIC_RELEASE_PY,0.0
NI02PAIPLAN2023,RA_LIC_DEREC,0.0
NI02PAIPLAN2023,RA_LIC_TASSCHG_PY,0.0
NI02PAIPLAN2023,RA_LIC_FASSCHG_PY,0.0
NI02PAIPLAN2023,RA_LIC_CLO,0.0
NI02PAIPLAN2023,ACQ_CF_LRC_UNWIND,0.0
NI02PAIPLAN2023,ACQ_CF_LRC_EXP_ACQ_CF,0.0
NI02PAIPLAN2023,CROSS_SUB_OP,0.0
NI02PAIPLAN2023,CROSS_SUB_EXP,0.0
NI02PAIPLAN2023,CROSS_SUB_NB,0.0
NI02PAIPLAN2023,CROSS_SUB_IF_NB_TECH,0.0
NI02PAIPLAN2023,CROSS_SUB_TASSCHG,0.0
NI02PAIPLAN2023,CROSS_SUB_FASSCHG,0.0
NI02PAIPLAN2023,CROSS_SUB_CLO,0.0
NI02PAIPLAN2023,CROSS_SUB_IF_NB_FIN,0.0
NI02PAIPLAN2023,RA_LIC_RELEASE_CY,0.0
NI02PAIPLAN2023,PVFC_LRC_EXP_PREM_CURR_CF,0.0
NI02PAIPLAN2023,PVFC_LRC_EXP_ACQ_CURR_CF,0.0
NI02PAIPLAN2023,RA_LIC_FEXPVAR_CY,0.0
