GOC_ID,VARIABLE_NAME,1
NI02PCLBRTE2021,OPENING_CURVE_ID,20211231_NGN_LP100
NI02PCLBRTE2021,CLOSING_CURVE_ID,20221231_NGN_LP100
NI02PCLBRTE2022,OPENING_CURVE_ID,20211231_NGN_LP100
NI02PCLBRTE2022,CLOSING_CURVE_ID,20221231_NGN_LP100
NI02OAIPLAN2021,OPENING_CURVE_ID,20211231_NGN_LP100
NI02OAIPLAN2021,CLOSING_CURVE_ID,20221231_NGN_LP100
NI02OAIPLAN2022,OPENING_CURVE_ID,20211231_NGN_LP100
NI02OAIPLAN2022,CLOSING_CURVE_ID,20221231_NGN_LP100
NI02PANNUIT2021,OPENING_CURVE_ID,20211231_NGN_LP100
NI02PANNUIT2021,CLOSING_CURVE_ID,20221231_NGN_LP100
NI02PBNLIFE2021,OPENING_CURVE_ID,20211231_NGN_LP100
NI02PBNLIFE2021,CLOSING_CURVE_ID,20221231_NGN_LP100
NI02PBNLIFE2022,OPENING_CURVE_ID,20211231_NGN_LP100
NI02PBNLIFE2022,CLOSING_CURVE_ID,20221231_NGN_LP100
NI02PCTLIFE2021,OPENING_CURVE_ID,20211231_NGN_LP100
NI02PCTLIFE2021,CLOSING_CURVE_ID,20221231_NGN_LP100
NI02PCTLIFE2022,OPENING_CURVE_ID,20211231_NGN_LP100
NI02PCTLIFE2022,CLOSING_CURVE_ID,20221231_NGN_LP100
NI02OCRLIFE2021,OPENING_CURVE_ID,20211231_NGN_LP100
NI02OCRLIFE2021,CLOSING_CURVE_ID,20221231_NGN_LP100
NI02OCRLIFE2022,OPENING_CURVE_ID,20211231_NGN_LP100
NI02OCRLIFE2022,CLOSING_CURVE_ID,20221231_NGN_LP100
NI02OEDPLAN2021,OPENING_CURVE_ID,20211231_NGN_LP100
NI02OEDPLAN2021,CLOSING_CURVE_ID,20221231_NGN_LP100
NI02OEDPLAN2022,OPENING_CURVE_ID,20211231_NGN_LP100
NI02OEDPLAN2022,CLOSING_CURVE_ID,20221231_NGN_LP100
NI02PEDPLAN2022,OPENING_CURVE_ID,20211231_NGN_LP100
NI02PEDPLAN2022,CLOSING_CURVE_ID,20221231_NGN_LP100
NI02PEDUPOL2021,OPENING_CURVE_ID,20211231_NGN_LP100
NI02PEDUPOL2021,CLOSING_CURVE_ID,20221231_NGN_LP100
NI02OEDUPOL2022,OPENING_CURVE_ID,20211231_NGN_LP100
NI02OEDUPOL2022,CLOSING_CURVE_ID,20221231_NGN_LP100
NI02PEDUPOL2022,OPENING_CURVE_ID,20211231_NGN_LP100
NI02PEDUPOL2022,CLOSING_CURVE_ID,20221231_NGN_LP100
NI02PEIPLAN2021,OPENING_CURVE_ID,20211231_NGN_LP100
NI02PEIPLAN2021,CLOSING_CURVE_ID,20221231_NGN_LP100
NI02OLIFESV2021,OPENING_CURVE_ID,20211231_NGN_LP100
NI02OLIFESV2021,CLOSING_CURVE_ID,20221231_NGN_LP100
NI02OLIFESV2022,OPENING_CURVE_ID,20211231_NGN_LP100
NI02OLIFESV2022,CLOSING_CURVE_ID,20221231_NGN_LP100
NI02PMFUNDS2021,OPENING_CURVE_ID,20211231_NGN_LP100
NI02PMFUNDS2021,CLOSING_CURVE_ID,20221231_NGN_LP100
NI02OMLPLAN2021,OPENING_CURVE_ID,20211231_NGN_LP100
NI02OMLPLAN2021,CLOSING_CURVE_ID,20221231_NGN_LP100
NI02OMLPLAN2022,OPENING_CURVE_ID,20211231_NGN_LP100
NI02OMLPLAN2022,CLOSING_CURVE_ID,20221231_NGN_LP100
NI02OMORTGE2021,OPENING_CURVE_ID,20211231_NGN_LP100
NI02OMORTGE2021,CLOSING_CURVE_ID,20221231_NGN_LP100
NI02PMORTGE2022,OPENING_CURVE_ID,20211231_NGN_LP100
NI02PMORTGE2022,CLOSING_CURVE_ID,20221231_NGN_LP100
NI02PSMRTRE2021,OPENING_CURVE_ID,20211231_NGN_LP100
NI02PSMRTRE2021,CLOSING_CURVE_ID,20221231_NGN_LP100
NI02OTMLIFE2021,OPENING_CURVE_ID,20211231_NGN_LP100
NI02OTMLIFE2021,CLOSING_CURVE_ID,20221231_NGN_LP100
NI02PTMLIFE2022,OPENING_CURVE_ID,20211231_NGN_LP100
NI02PTMLIFE2022,CLOSING_CURVE_ID,20221231_NGN_LP100
NI02PWHLIFE2021,OPENING_CURVE_ID,20211231_NGN_LP100
NI02PWHLIFE2021,CLOSING_CURVE_ID,20221231_NGN_LP100
NI02OREINST2021,OPENING_CURVE_ID,20211231_NGN_LP100
NI02OREINST2021,CLOSING_CURVE_ID,20221231_NGN_LP100
NI02OREINST2022,OPENING_CURVE_ID,20211231_NGN_LP100
NI02OREINST2022,CLOSING_CURVE_ID,20221231_NGN_LP100
NI02PREINST2021,OPENING_CURVE_ID,20211231_NGN_LP100
NI02PREINST2021,CLOSING_CURVE_ID,20221231_NGN_LP100
NI02PREINST2022,OPENING_CURVE_ID,20211231_NGN_LP100
NI02PREINST2022,CLOSING_CURVE_ID,20221231_NGN_LP100
