GOC_ID,VARIABLE_NAME,1
NI02PCLBRTE2021,OPENING_CURVE_ID,20231231_NGN_LP100
NI02PCLBRTE2021,CLOSING_CURVE_ID,20240331_NGN_LP100
NI02PCLBRTE2022,OPENING_CURVE_ID,20231231_NGN_LP100
NI02PCLBRTE2022,CLOSING_CURVE_ID,20240331_NGN_LP100
NI02OCLBRTE2023,OPENING_CURVE_ID,20231231_NGN_LP100
NI02OCLBRTE2023,CLOSING_CURVE_ID,20240331_NGN_LP100
NI02PCLBRTE2023,OPENING_CURVE_ID,20231231_NGN_LP100
NI02PCLBRTE2023,CLOSING_CURVE_ID,20240331_NGN_LP100
NI02PCLBRTE2024,OPENING_CURVE_ID,20231231_NGN_LP100
NI02PCLBRTE2024,CLOSING_CURVE_ID,20240331_NGN_LP100
NI02OAIPLAN2021,OPENING_CURVE_ID,20231231_NGN_LP100
NI02OAIPLAN2021,CLOSING_CURVE_ID,20240331_NGN_LP100
NI02OAIPLAN2022,OPENING_CURVE_ID,20231231_NGN_LP100
NI02OAIPLAN2022,CLOSING_CURVE_ID,20240331_NGN_LP100
NI02OAIPLAN2023,OPENING_CURVE_ID,20231231_NGN_LP100
NI02OAIPLAN2023,CLOSING_CURVE_ID,20240331_NGN_LP100
NI02PAIPLAN2023,OPENING_CURVE_ID,20231231_NGN_LP100
NI02PAIPLAN2023,CLOSING_CURVE_ID,20240331_NGN_LP100
NI02OAIPLAN2024,OPENING_CURVE_ID,20231231_NGN_LP100
NI02OAIPLAN2024,CLOSING_CURVE_ID,20240331_NGN_LP100
NI02PANNUIT2021,OPENING_CURVE_ID,20231231_NGN_LP100
NI02PANNUIT2021,CLOSING_CURVE_ID,20240331_NGN_LP100
NI02PBNLIFE2021,OPENING_CURVE_ID,20231231_NGN_LP100
NI02PBNLIFE2021,CLOSING_CURVE_ID,20240331_NGN_LP100
NI02PBNLIFE2022,OPENING_CURVE_ID,20231231_NGN_LP100
NI02PBNLIFE2022,CLOSING_CURVE_ID,20240331_NGN_LP100
NI02PBNLIFE2023,OPENING_CURVE_ID,20231231_NGN_LP100
NI02PBNLIFE2023,CLOSING_CURVE_ID,20240331_NGN_LP100
NI02OBNLIFE2024,OPENING_CURVE_ID,20231231_NGN_LP100
NI02OBNLIFE2024,CLOSING_CURVE_ID,20240331_NGN_LP100
NI02PCTLIFE2021,OPENING_CURVE_ID,20231231_NGN_LP100
NI02PCTLIFE2021,CLOSING_CURVE_ID,20240331_NGN_LP100
NI02PCTLIFE2022,OPENING_CURVE_ID,20231231_NGN_LP100
NI02PCTLIFE2022,CLOSING_CURVE_ID,20240331_NGN_LP100
NI02OCRLIFE2021,OPENING_CURVE_ID,20231231_NGN_LP100
NI02OCRLIFE2021,CLOSING_CURVE_ID,20240331_NGN_LP100
NI02OCRLIFE2022,OPENING_CURVE_ID,20231231_NGN_LP100
NI02OCRLIFE2022,CLOSING_CURVE_ID,20240331_NGN_LP100
NI02PCRLIFE2023,OPENING_CURVE_ID,20231231_NGN_LP100
NI02PCRLIFE2023,CLOSING_CURVE_ID,20240331_NGN_LP100
NI02OCRLIFE2024,OPENING_CURVE_ID,20231231_NGN_LP100
NI02OCRLIFE2024,CLOSING_CURVE_ID,20240331_NGN_LP100
NI02OEDPLAN2021,OPENING_CURVE_ID,20231231_NGN_LP100
NI02OEDPLAN2021,CLOSING_CURVE_ID,20240331_NGN_LP100
NI02PEDPLAN2022,OPENING_CURVE_ID,20231231_NGN_LP100
NI02PEDPLAN2022,CLOSING_CURVE_ID,20240331_NGN_LP100
NI02OEDPLAN2022,OPENING_CURVE_ID,20231231_NGN_LP100
NI02OEDPLAN2022,CLOSING_CURVE_ID,20240331_NGN_LP100
NI02OEDPLAN2023,OPENING_CURVE_ID,20231231_NGN_LP100
NI02OEDPLAN2023,CLOSING_CURVE_ID,20240331_NGN_LP100
NI02OEDPLAN2024,OPENING_CURVE_ID,20231231_NGN_LP100
NI02OEDPLAN2024,CLOSING_CURVE_ID,20240331_NGN_LP100
NI02PEDUPOL2021,OPENING_CURVE_ID,20231231_NGN_LP100
NI02PEDUPOL2021,CLOSING_CURVE_ID,20240331_NGN_LP100
NI02OEDUPOL2022,OPENING_CURVE_ID,20231231_NGN_LP100
NI02OEDUPOL2022,CLOSING_CURVE_ID,20240331_NGN_LP100
NI02PEDUPOL2022,OPENING_CURVE_ID,20231231_NGN_LP100
NI02PEDUPOL2022,CLOSING_CURVE_ID,20240331_NGN_LP100
NI02OEDUPOL2023,OPENING_CURVE_ID,20231231_NGN_LP100
NI02OEDUPOL2023,CLOSING_CURVE_ID,20240331_NGN_LP100
NI02OEDUPOL2024,OPENING_CURVE_ID,20231231_NGN_LP100
NI02OEDUPOL2024,CLOSING_CURVE_ID,20240331_NGN_LP100
NI02PEIPLAN2021,OPENING_CURVE_ID,20231231_NGN_LP100
NI02PEIPLAN2021,CLOSING_CURVE_ID,20240331_NGN_LP100
NI02PEIPLAN2024,OPENING_CURVE_ID,20231231_NGN_LP100
NI02PEIPLAN2024,CLOSING_CURVE_ID,20240331_NGN_LP100
NI02OLIFESV2021,OPENING_CURVE_ID,20231231_NGN_LP100
NI02OLIFESV2021,CLOSING_CURVE_ID,20240331_NGN_LP100
NI02OLIFESV2022,OPENING_CURVE_ID,20231231_NGN_LP100
NI02OLIFESV2022,CLOSING_CURVE_ID,20240331_NGN_LP100
NI02OLIFESV2023,OPENING_CURVE_ID,20231231_NGN_LP100
NI02OLIFESV2023,CLOSING_CURVE_ID,20240331_NGN_LP100
NI02OLIFESV2024,OPENING_CURVE_ID,20231231_NGN_LP100
NI02OLIFESV2024,CLOSING_CURVE_ID,20240331_NGN_LP100
NI02PMFUNDS2021,OPENING_CURVE_ID,20231231_NGN_LP100
NI02PMFUNDS2021,CLOSING_CURVE_ID,20240331_NGN_LP100
NI02OMFUNDS2023,OPENING_CURVE_ID,20231231_NGN_LP100
NI02OMFUNDS2023,CLOSING_CURVE_ID,20240331_NGN_LP100
NI02OMLPLAN2021,OPENING_CURVE_ID,20231231_NGN_LP100
NI02OMLPLAN2021,CLOSING_CURVE_ID,20240331_NGN_LP100
NI02OMLPLAN2022,OPENING_CURVE_ID,20231231_NGN_LP100
NI02OMLPLAN2022,CLOSING_CURVE_ID,20240331_NGN_LP100
NI02OMLPLAN2023,OPENING_CURVE_ID,20231231_NGN_LP100
NI02OMLPLAN2023,CLOSING_CURVE_ID,20240331_NGN_LP100
NI02OMLPLAN2024,OPENING_CURVE_ID,20231231_NGN_LP100
NI02OMLPLAN2024,CLOSING_CURVE_ID,20240331_NGN_LP100
NI02OMORTGE2021,OPENING_CURVE_ID,20231231_NGN_LP100
NI02OMORTGE2021,CLOSING_CURVE_ID,20240331_NGN_LP100
NI02PMORTGE2022,OPENING_CURVE_ID,20231231_NGN_LP100
NI02PMORTGE2022,CLOSING_CURVE_ID,20240331_NGN_LP100
NI02PMORTGE2023,OPENING_CURVE_ID,20231231_NGN_LP100
NI02PMORTGE2023,CLOSING_CURVE_ID,20240331_NGN_LP100
NI02PMORTGE2024,OPENING_CURVE_ID,20231231_NGN_LP100
NI02PMORTGE2024,CLOSING_CURVE_ID,20240331_NGN_LP100
NI02PSMRTRE2021,OPENING_CURVE_ID,20231231_NGN_LP100
NI02PSMRTRE2021,CLOSING_CURVE_ID,20240331_NGN_LP100
NI02OTMLIFE2021,OPENING_CURVE_ID,20231231_NGN_LP100
NI02OTMLIFE2021,CLOSING_CURVE_ID,20240331_NGN_LP100
NI02PTMLIFE2022,OPENING_CURVE_ID,20231231_NGN_LP100
NI02PTMLIFE2022,CLOSING_CURVE_ID,20240331_NGN_LP100
NI02PTMLIFE2023,OPENING_CURVE_ID,20231231_NGN_LP100
NI02PTMLIFE2023,CLOSING_CURVE_ID,20240331_NGN_LP100
NI02PTMLIFE2024,OPENING_CURVE_ID,20231231_NGN_LP100
NI02PTMLIFE2024,CLOSING_CURVE_ID,20240331_NGN_LP100
NI02PWHLIFE2021,OPENING_CURVE_ID,20231231_NGN_LP100
NI02PWHLIFE2021,CLOSING_CURVE_ID,20241231_NGN_LP100
NI02PWHLIFE2023,OPENING_CURVE_ID,20231231_NGN_LP100
NI02PWHLIFE2023,CLOSING_CURVE_ID,20241231_NGN_LP100
