GOC_ID,VARIABLE_NAME,1
NI02PCTLIFE2021,OPENING_CURVE_ID,20211231_NGN_LP100
NI02PCTLIFE2021,CLOSING_CURVE_ID,20221231_NGN_LP100
NI02PCTLIFE2022,OPENING_CURVE_ID,20211231_NGN_LP100
NI02PCTLIFE2022,CLOSING_CURVE_ID,20221231_NGN_LP100
NI02PCLBRTE2021,OPENING_CURVE_ID,20211231_NGN_LP100
NI02PCLBRTE2021,CLOSING_CURVE_ID,20221231_NGN_LP100
NI02OCLBRTE2022,OPENING_CURVE_ID,20211231_NGN_LP100
NI02OCLBRTE2022,CLOSING_CURVE_ID,20221231_NGN_LP100
NI02PCLBRTE2022,OPENING_CURVE_ID,20211231_NGN_LP100
NI02PCLBRTE2022,CLOSING_CURVE_ID,20221231_NGN_LP100
