GOC_ID,VARIABLE_NAME,1
NI02PANNUIT2021,OPENING_CURVE_ID,20211231_NGN_LP100
NI02PANNUIT2021,CLOSING_CURVE_ID,20221231_NGN_LP100
NI02OCRLIFE2021,OPENING_CURVE_ID,20211231_NGN_LP100
NI02OCRLIFE2021,CLOSING_CURVE_ID,20221231_NGN_LP100
NI02OCRLIFE2022,OPENING_CURVE_ID,20211231_NGN_LP100
NI02OCRLIFE2022,CLOSING_CURVE_ID,20221231_NGN_LP100
NI02OEDPLAN2021,OPENING_CURVE_ID,20211231_NGN_LP100
NI02OEDPLAN2021,CLOSING_CURVE_ID,20221231_NGN_LP100
NI02OEDPLAN2022,OPENING_CURVE_ID,20211231_NGN_LP100
NI02OEDPLAN2022,CLOSING_CURVE_ID,20221231_NGN_LP100
NI02PEDPLAN2022,OPENING_CURVE_ID,20211231_NGN_LP100
NI02PEDPLAN2022,CLOSING_CURVE_ID,20221231_NGN_LP100
NI02PEDUPOL2021,OPENING_CURVE_ID,20211231_NGN_LP100
NI02PEDUPOL2021,CLOSING_CURVE_ID,20221231_NGN_LP100
NI02OEDUPOL2022,OPENING_CURVE_ID,20211231_NGN_LP100
NI02OEDUPOL2022,CLOSING_CURVE_ID,20221231_NGN_LP100
NI02PEDUPOL2022,OPENING_CURVE_ID,20211231_NGN_LP100
NI02PEDUPOL2022,CLOSING_CURVE_ID,20221231_NGN_LP100
NI02PEIPLAN2021,OPENING_CURVE_ID,20211231_NGN_LP100
NI02PEIPLAN2021,CLOSING_CURVE_ID,20221231_NGN_LP100
NI02OLIFESV2021,OPENING_CURVE_ID,20211231_NGN_LP100
NI02OLIFESV2021,CLOSING_CURVE_ID,20221231_NGN_LP100
NI02OLIFESV2022,OPENING_CURVE_ID,20211231_NGN_LP100
NI02OLIFESV2022,CLOSING_CURVE_ID,20221231_NGN_LP100
NI02OMORTGE2021,OPENING_CURVE_ID,20211231_NGN_LP100
NI02OMORTGE2021,CLOSING_CURVE_ID,20221231_NGN_LP100
NI02PMORTGE2022,OPENING_CURVE_ID,20211231_NGN_LP100
NI02PMORTGE2022,CLOSING_CURVE_ID,20221231_NGN_LP100
NI02PSMRTRE2021,OPENING_CURVE_ID,20211231_NGN_LP100
NI02PSMRTRE2021,CLOSING_CURVE_ID,20221231_NGN_LP100
NI02OTMLIFE2021,OPENING_CURVE_ID,20211231_NGN_LP100
NI02OTMLIFE2021,CLOSING_CURVE_ID,20221231_NGN_LP100
NI02PTMLIFE2022,OPENING_CURVE_ID,20211231_NGN_LP100
NI02PTMLIFE2022,CLOSING_CURVE_ID,20221231_NGN_LP100
NI02PWHLIFE2021,OPENING_CURVE_ID,20211231_NGN_LP100
NI02PWHLIFE2021,CLOSING_CURVE_ID,20221231_NGN_LP100
