GOC_ID,VARIABLE_NAME,1
NI02OAIPLAN2021,OPENING_CURVE_ID,20211231_NGN_LP100
NI02OAIPLAN2021,CLOSING_CURVE_ID,20221231_NGN_LP100
NI02OAIPLAN2022,OPENING_CURVE_ID,20211231_NGN_LP100
NI02OAIPLAN2022,CLOSING_CURVE_ID,20221231_NGN_LP100
NI02PBNLIFE2021,OPENING_CURVE_ID,20211231_NGN_LP100
NI02PBNLIFE2021,CLOSING_CURVE_ID,20221231_NGN_LP100
NI02PBNLIFE2022,OPENING_CURVE_ID,20211231_NGN_LP100
NI02PBNLIFE2022,CLOSING_CURVE_ID,20221231_NGN_LP100
NI02PCLBRTE2021,OPENING_CURVE_ID,20211231_NGN_LP100
NI02PCLBRTE2021,CLOSING_CURVE_ID,20221231_NGN_LP100
NI02OCLBRTE2022,OPENING_CURVE_ID,20211231_NGN_LP100
NI02OCLBRTE2022,CLOSING_CURVE_ID,20221231_NGN_LP100
NI02PCLBRTE2022,OPENING_CURVE_ID,20211231_NGN_LP100
NI02PCLBRTE2022,CLOSING_CURVE_ID,20221231_NGN_LP100
NI02OCRLIFE2021,OPENING_CURVE_ID,20211231_NGN_LP100
NI02OCRLIFE2021,CLOSING_CURVE_ID,20221231_NGN_LP100
NI02OCRLIFE2022,OPENING_CURVE_ID,20211231_NGN_LP100
NI02OCRLIFE2022,CLOSING_CURVE_ID,20221231_NGN_LP100
NI02PMFUNDS2021,OPENING_CURVE_ID,20211231_NGN_LP100
NI02PMFUNDS2021,CLOSING_CURVE_ID,20221231_NGN_LP100
NI02OMLPLAN2021,OPENING_CURVE_ID,20211231_NGN_LP100
NI02OMLPLAN2021,CLOSING_CURVE_ID,20221231_NGN_LP100
NI02OMLPLAN2022,OPENING_CURVE_ID,20211231_NGN_LP100
NI02OMLPLAN2022,CLOSING_CURVE_ID,20221231_NGN_LP100
