GOC_ID,VARIABLE_NAME,1
NI02OREINST2021,OPENING_CURVE_ID,20211231_NGN_LP100
NI02OREINST2021,CLOSING_CURVE_ID,20221231_NGN_LP100
NI02OREINST2022,OPENING_CURVE_ID,20211231_NGN_LP100
NI02OREINST2022,CLOSING_CURVE_ID,20221231_NGN_LP100
NI02OREINST2023,OPENING_CURVE_ID,20221231_NGN_LP100
NI02OREINST2023,CLOSING_CURVE_ID,20231231_NGN_LP100
NI02PREINST2021,OPENING_CURVE_ID,20211231_NGN_LP100
NI02PREINST2021,CLOSING_CURVE_ID,20221231_NGN_LP100
NI02PREINST2022,OPENING_CURVE_ID,20211231_NGN_LP100
NI02PREINST2022,CLOSING_CURVE_ID,20221231_NGN_LP100
NI02PREINST2023,OPENING_CURVE_ID,20221231_NGN_LP100
NI02PREINST2023,CLOSING_CURVE_ID,20231231_NGN_LP100
