GOC_ID,INIT_PVFC_LRC,INIT_DA_LRC,INIT_PVFC_LIC,INIT_DA_LIC,INIT_RA_LRC,INIT_RA_LIC,INIT_CSM,INIT_LC,INIT_LOSSRECO,INIT_ACQUISITION_CF_STOCK,INIT_PVFC_LRC_CUMULATIVE_OCI,INIT_PVFC_LIC_CUMULATIVE_OCI,INIT_RA_LRC_CUMULATIVE_OCI,INIT_RA_LIC_CUMULATIVE_OCI,INIT_CROSS_SUB,INIT_CSM_RELEASE_RATIO_ADJ,INIT_CSM_RELEASE_RATIO_ADD_FEE_EFFECT
NI02OAIPLAN2021,57746587.13918513,0,0,0,4000174.625208532,0,0.0,2797362.883819816,0,0,0,0,0,0,0,0,1
NI02OAIPLAN2022,0.0,0,0,0,9592466.459538922,0,0.0,0.0,0,0,0,0,0,0,0,0,1
NI02PCTLIFE2021,1148430.4591059927,0,0,0,268711.7695332473,0,394368.4817103359,0.0,0,0,0,0,0,0,0,0,1
NI02PCTLIFE2022,0.0,0,0,0,4796.766728245192,0,110202.31892384827,0.0,0,0,0,0,0,0,0,0,1
