GOC_ID,INIT_PVFC_LRC,INIT_DA_LRC,INIT_PVFC_LIC,INIT_DA_LIC,INIT_RA_LRC,INIT_RA_LIC,INIT_CSM,INIT_LC,INIT_LOSSRECO,INIT_ACQUISITION_CF_STOCK,INIT_PVFC_LRC_CUMULATIVE_OCI,INIT_PVFC_LIC_CUMULATIVE_OCI,INIT_RA_LRC_CUMULATIVE_OCI,INIT_RA_LIC_CUMULATIVE_OCI,INIT_CROSS_SUB,INIT_CSM_RELEASE_RATIO_ADJ,INIT_CSM_RELEASE_RATIO_ADD_FEE_EFFECT
NI02OREINST2021,-108749816.73577161,0,0,0,-10495727.089162292,0,0.0,15646343.174215082,2079099.906591785,0,0,0,0,0,0,0,1
NI02OREINST2022,0.0,0,0,0,-45581808.360376485,0,0.0,0.0,0.0,0,0,0,0,0,0,0,1
NI02PREINST2021,-8047775.369014221,0,0,0,-14893884.519332692,0,-63281993.615555465,0.0,-93351.94662823224,0,0,0,0,0,0,0,1
NI02PREINST2022,0.0,0,0,0,-2055575.6507237088,0,0.0,0.0,0.0,0,0,0,0,0,0,0,1
