GOC_ID,INIT_PVFC_LRC,INIT_DA_LRC,INIT_PVFC_LIC,INIT_DA_LIC,INIT_RA_LRC,INIT_RA_LIC,INIT_CSM,INIT_LC,INIT_LOSSRECO,INIT_ACQUISITION_CF_STOCK,INIT_PVFC_LRC_CUMULATIVE_OCI,INIT_PVFC_LIC_CUMULATIVE_OCI,INIT_RA_LRC_CUMULATIVE_OCI,INIT_RA_LIC_CUMULATIVE_OCI,INIT_CROSS_SUB,INIT_CSM_RELEASE_RATIO_ADJ,INIT_CSM_RELEASE_RATIO_ADD_FEE_EFFECT
NI02PREINST2021,18125550.4286116,0,0,0,8227513.1034892,0,10714961.2279016,0,0,0,4461768.34953357,0,0,0,0,0,1
NI02PREINST2022,-12711642.795513,0,0,0,197140.978263236,0,24220152.1983397,0,0,0,159812.589037486,0,0,0,0,0,1
NI02PREINST2023,-5260153.79454209,0,0,0,-35556271.3403085,0,2807564.83889311,0,0,0,180332.285398949,0,0,0,0,0,1
NI02PREINST2024,0.0,0,0,0,0.0,0,0.0,0,0,0,0.0,0,0,0,0,0,1
NI02OREINST2021,65126258.1297846,0,0,0,-5030566.3337195,0,0.0,0,0,0,2833220.68297806,0,0,0,0,0,1
NI02OREINST2022,353335526.592859,0,0,0,-11693969.8366644,0,0.0,0,0,0,934957.001464027,0,0,0,0,0,1
NI02OREINST2023,-248394116.047258,0,0,0,-21314818.3347393,0,5538936.55360967,0,0,0,-16092795.7124859,0,0,0,0,0,1
NI02OREINST2024,0.0,0,0,0,0.0,0,0.0,0,0,0,0.0,0,0,0,0,0,1
