GOC_ID,VARIABLE_NAME,1
NI02PCLBRTE2021,ACTUAL_PREMIUM_CF_PAST_SERVICE,0.0
NI02PCLBRTE2021,ACTUAL_PREMIUM_CF_FUTURE_SERVICE,0.0
NI02PCLBRTE2021,ACTUAL_ACQUISITION_CF_PAST_SERVICE,0.0
NI02PCLBRTE2021,ACTUAL_ACQUISITION_CF_FUTURE_SERVICE,0.0
NI02PCLBRTE2021,ACTUAL_INV_COMP_PAYABLE,-5924179.7098348215
NI02PCLBRTE2021,ACTUAL_CHANGE_FV_FINANCIAL_UNDERLYING_ITEMS,0.0
NI02PCLBRTE2021,ACTUAL_CHANGE_FV_TECHNICAL_UNDERLYING_ITEMS,0.0
NI02PCLBRTE2021,FIN_RISK_MITIGATION,0.0
NI02PCLBRTE2021,RE_RISK_MITIGATION,0.0
NI02PCLBRTE2021,ACTUAL_COVERAGE_UNIT,0.0
NI02PCLBRTE2021,THEORETICAL_PREMIUM_DERECOGNITION_LRC,0.0
NI02PCLBRTE2021,THEORETICAL_PREMIUM_DERECOGNITION_LIC,0.0
NI02PCLBRTE2021,THEORETICAL_PREMIUM_RECOGNITION,0.0
NI02PCLBRTE2021,DERECOGNITION_ASSET_ACQ_CF_BF_INIT_RECOG,0.0
NI02PCLBRTE2021,ACTUAL_COMMISSION_CF_PAST_SERVICE,0.0
NI02PCLBRTE2021,ACTUAL_COMMISSION_CF_FUTURE_SERVICE,0.0
NI02PCLBRTE2021,RE_RISK_MITIGATION_PNL,0.0
NI02PCLBRTE2021,ACTUAL_PREMIUM_CF_CURRENT_SERVICE,0.0
NI02PCLBRTE2021,ACTUAL_ACQUISITION_CF_CURRENT_SERVICE,0.0
NI02PCLBRTE2021,ACTUAL_COMMISSION_CF_CURRENT_SERVICE,0.0
NI02PCLBRTE2021,DERECOGNITION_ASSET_OTHER_CF_BF_INIT_RECOG,0.0
NI02PCLBRTE2022,ACTUAL_PREMIUM_CF_PAST_SERVICE,0.0
NI02PCLBRTE2022,ACTUAL_PREMIUM_CF_FUTURE_SERVICE,7474588.929999999
NI02PCLBRTE2022,ACTUAL_ACQUISITION_CF_PAST_SERVICE,0.0
NI02PCLBRTE2022,ACTUAL_ACQUISITION_CF_FUTURE_SERVICE,86500000.0
NI02PCLBRTE2022,ACTUAL_INV_COMP_PAYABLE,-888728.741452487
NI02PCLBRTE2022,ACTUAL_CHANGE_FV_FINANCIAL_UNDERLYING_ITEMS,0.0
NI02PCLBRTE2022,ACTUAL_CHANGE_FV_TECHNICAL_UNDERLYING_ITEMS,0.0
NI02PCLBRTE2022,FIN_RISK_MITIGATION,0.0
NI02PCLBRTE2022,RE_RISK_MITIGATION,0.0
NI02PCLBRTE2022,ACTUAL_COVERAGE_UNIT,86500000.0
NI02PCLBRTE2022,THEORETICAL_PREMIUM_DERECOGNITION_LRC,0.0
NI02PCLBRTE2022,THEORETICAL_PREMIUM_DERECOGNITION_LIC,0.0
NI02PCLBRTE2022,THEORETICAL_PREMIUM_RECOGNITION,0.0
NI02PCLBRTE2022,DERECOGNITION_ASSET_ACQ_CF_BF_INIT_RECOG,0.0
NI02PCLBRTE2022,ACTUAL_COMMISSION_CF_PAST_SERVICE,0.0
NI02PCLBRTE2022,ACTUAL_COMMISSION_CF_FUTURE_SERVICE,0.0
NI02PCLBRTE2022,RE_RISK_MITIGATION_PNL,0.0
NI02PCLBRTE2022,ACTUAL_PREMIUM_CF_CURRENT_SERVICE,0.0
NI02PCLBRTE2022,ACTUAL_ACQUISITION_CF_CURRENT_SERVICE,0.0
NI02PCLBRTE2022,ACTUAL_COMMISSION_CF_CURRENT_SERVICE,0.0
NI02PCLBRTE2022,DERECOGNITION_ASSET_OTHER_CF_BF_INIT_RECOG,0.0
NI02OAIPLAN2021,ACTUAL_PREMIUM_CF_PAST_SERVICE,0.0
NI02OAIPLAN2021,ACTUAL_PREMIUM_CF_FUTURE_SERVICE,0.0
NI02OAIPLAN2021,ACTUAL_ACQUISITION_CF_PAST_SERVICE,0.0
NI02OAIPLAN2021,ACTUAL_ACQUISITION_CF_FUTURE_SERVICE,0.0
NI02OAIPLAN2021,ACTUAL_INV_COMP_PAYABLE,0.0
NI02OAIPLAN2021,ACTUAL_CHANGE_FV_FINANCIAL_UNDERLYING_ITEMS,0.0
NI02OAIPLAN2021,ACTUAL_CHANGE_FV_TECHNICAL_UNDERLYING_ITEMS,0.0
NI02OAIPLAN2021,FIN_RISK_MITIGATION,0.0
NI02OAIPLAN2021,RE_RISK_MITIGATION,0.0
NI02OAIPLAN2021,ACTUAL_COVERAGE_UNIT,0.0
NI02OAIPLAN2021,THEORETICAL_PREMIUM_DERECOGNITION_LRC,0.0
NI02OAIPLAN2021,THEORETICAL_PREMIUM_DERECOGNITION_LIC,0.0
NI02OAIPLAN2021,THEORETICAL_PREMIUM_RECOGNITION,0.0
NI02OAIPLAN2021,DERECOGNITION_ASSET_ACQ_CF_BF_INIT_RECOG,0.0
NI02OAIPLAN2021,ACTUAL_COMMISSION_CF_PAST_SERVICE,0.0
NI02OAIPLAN2021,ACTUAL_COMMISSION_CF_FUTURE_SERVICE,0.0
NI02OAIPLAN2021,RE_RISK_MITIGATION_PNL,0.0
NI02OAIPLAN2021,ACTUAL_PREMIUM_CF_CURRENT_SERVICE,0.0
NI02OAIPLAN2021,ACTUAL_ACQUISITION_CF_CURRENT_SERVICE,0.0
NI02OAIPLAN2021,ACTUAL_COMMISSION_CF_CURRENT_SERVICE,0.0
NI02OAIPLAN2021,DERECOGNITION_ASSET_OTHER_CF_BF_INIT_RECOG,0.0
NI02OAIPLAN2022,ACTUAL_PREMIUM_CF_PAST_SERVICE,0.0
NI02OAIPLAN2022,ACTUAL_PREMIUM_CF_FUTURE_SERVICE,85238220.62
NI02OAIPLAN2022,ACTUAL_ACQUISITION_CF_PAST_SERVICE,0.0
NI02OAIPLAN2022,ACTUAL_ACQUISITION_CF_FUTURE_SERVICE,0.0
NI02OAIPLAN2022,ACTUAL_INV_COMP_PAYABLE,0.0
NI02OAIPLAN2022,ACTUAL_CHANGE_FV_FINANCIAL_UNDERLYING_ITEMS,0.0
NI02OAIPLAN2022,ACTUAL_CHANGE_FV_TECHNICAL_UNDERLYING_ITEMS,0.0
NI02OAIPLAN2022,FIN_RISK_MITIGATION,0.0
NI02OAIPLAN2022,RE_RISK_MITIGATION,0.0
NI02OAIPLAN2022,ACTUAL_COVERAGE_UNIT,14722633431.0
NI02OAIPLAN2022,THEORETICAL_PREMIUM_DERECOGNITION_LRC,0.0
NI02OAIPLAN2022,THEORETICAL_PREMIUM_DERECOGNITION_LIC,0.0
NI02OAIPLAN2022,THEORETICAL_PREMIUM_RECOGNITION,0.0
NI02OAIPLAN2022,DERECOGNITION_ASSET_ACQ_CF_BF_INIT_RECOG,0.0
NI02OAIPLAN2022,ACTUAL_COMMISSION_CF_PAST_SERVICE,0.0
NI02OAIPLAN2022,ACTUAL_COMMISSION_CF_FUTURE_SERVICE,0.0
NI02OAIPLAN2022,RE_RISK_MITIGATION_PNL,0.0
NI02OAIPLAN2022,ACTUAL_PREMIUM_CF_CURRENT_SERVICE,0.0
NI02OAIPLAN2022,ACTUAL_ACQUISITION_CF_CURRENT_SERVICE,0.0
NI02OAIPLAN2022,ACTUAL_COMMISSION_CF_CURRENT_SERVICE,0.0
NI02OAIPLAN2022,DERECOGNITION_ASSET_OTHER_CF_BF_INIT_RECOG,0.0
NI02PANNUIT2021,ACTUAL_PREMIUM_CF_PAST_SERVICE,0.0
NI02PANNUIT2021,ACTUAL_PREMIUM_CF_FUTURE_SERVICE,0.0
NI02PANNUIT2021,ACTUAL_ACQUISITION_CF_PAST_SERVICE,0.0
NI02PANNUIT2021,ACTUAL_ACQUISITION_CF_FUTURE_SERVICE,0.0
NI02PANNUIT2021,ACTUAL_INV_COMP_PAYABLE,-265190274.33333352
NI02PANNUIT2021,ACTUAL_CHANGE_FV_FINANCIAL_UNDERLYING_ITEMS,0.0
NI02PANNUIT2021,ACTUAL_CHANGE_FV_TECHNICAL_UNDERLYING_ITEMS,0.0
NI02PANNUIT2021,FIN_RISK_MITIGATION,0.0
NI02PANNUIT2021,RE_RISK_MITIGATION,0.0
NI02PANNUIT2021,ACTUAL_COVERAGE_UNIT,14722633431.0
NI02PANNUIT2021,THEORETICAL_PREMIUM_DERECOGNITION_LRC,0.0
NI02PANNUIT2021,THEORETICAL_PREMIUM_DERECOGNITION_LIC,0.0
NI02PANNUIT2021,THEORETICAL_PREMIUM_RECOGNITION,0.0
NI02PANNUIT2021,DERECOGNITION_ASSET_ACQ_CF_BF_INIT_RECOG,0.0
NI02PANNUIT2021,ACTUAL_COMMISSION_CF_PAST_SERVICE,0.0
NI02PANNUIT2021,ACTUAL_COMMISSION_CF_FUTURE_SERVICE,0.0
NI02PANNUIT2021,RE_RISK_MITIGATION_PNL,0.0
NI02PANNUIT2021,ACTUAL_PREMIUM_CF_CURRENT_SERVICE,0.0
NI02PANNUIT2021,ACTUAL_ACQUISITION_CF_CURRENT_SERVICE,0.0
NI02PANNUIT2021,ACTUAL_COMMISSION_CF_CURRENT_SERVICE,0.0
NI02PANNUIT2021,DERECOGNITION_ASSET_OTHER_CF_BF_INIT_RECOG,0.0
NI02PBNLIFE2021,ACTUAL_PREMIUM_CF_PAST_SERVICE,0.0
NI02PBNLIFE2021,ACTUAL_PREMIUM_CF_FUTURE_SERVICE,0.0
NI02PBNLIFE2021,ACTUAL_ACQUISITION_CF_PAST_SERVICE,0.0
NI02PBNLIFE2021,ACTUAL_ACQUISITION_CF_FUTURE_SERVICE,0.0
NI02PBNLIFE2021,ACTUAL_INV_COMP_PAYABLE,0.0
NI02PBNLIFE2021,ACTUAL_CHANGE_FV_FINANCIAL_UNDERLYING_ITEMS,0.0
NI02PBNLIFE2021,ACTUAL_CHANGE_FV_TECHNICAL_UNDERLYING_ITEMS,0.0
NI02PBNLIFE2021,FIN_RISK_MITIGATION,0.0
NI02PBNLIFE2021,RE_RISK_MITIGATION,0.0
NI02PBNLIFE2021,ACTUAL_COVERAGE_UNIT,0.0
NI02PBNLIFE2021,THEORETICAL_PREMIUM_DERECOGNITION_LRC,0.0
NI02PBNLIFE2021,THEORETICAL_PREMIUM_DERECOGNITION_LIC,0.0
NI02PBNLIFE2021,THEORETICAL_PREMIUM_RECOGNITION,0.0
NI02PBNLIFE2021,DERECOGNITION_ASSET_ACQ_CF_BF_INIT_RECOG,0.0
NI02PBNLIFE2021,ACTUAL_COMMISSION_CF_PAST_SERVICE,0.0
NI02PBNLIFE2021,ACTUAL_COMMISSION_CF_FUTURE_SERVICE,0.0
NI02PBNLIFE2021,RE_RISK_MITIGATION_PNL,0.0
NI02PBNLIFE2021,ACTUAL_PREMIUM_CF_CURRENT_SERVICE,0.0
NI02PBNLIFE2021,ACTUAL_ACQUISITION_CF_CURRENT_SERVICE,0.0
NI02PBNLIFE2021,ACTUAL_COMMISSION_CF_CURRENT_SERVICE,0.0
NI02PBNLIFE2021,DERECOGNITION_ASSET_OTHER_CF_BF_INIT_RECOG,0.0
NI02PBNLIFE2022,ACTUAL_PREMIUM_CF_PAST_SERVICE,0.0
NI02PBNLIFE2022,ACTUAL_PREMIUM_CF_FUTURE_SERVICE,398112230.1369997
NI02PBNLIFE2022,ACTUAL_ACQUISITION_CF_PAST_SERVICE,0.0
NI02PBNLIFE2022,ACTUAL_ACQUISITION_CF_FUTURE_SERVICE,7664710000.0
NI02PBNLIFE2022,ACTUAL_INV_COMP_PAYABLE,0.0
NI02PBNLIFE2022,ACTUAL_CHANGE_FV_FINANCIAL_UNDERLYING_ITEMS,0.0
NI02PBNLIFE2022,ACTUAL_CHANGE_FV_TECHNICAL_UNDERLYING_ITEMS,0.0
NI02PBNLIFE2022,FIN_RISK_MITIGATION,0.0
NI02PBNLIFE2022,RE_RISK_MITIGATION,0.0
NI02PBNLIFE2022,ACTUAL_COVERAGE_UNIT,7664710000.0
NI02PBNLIFE2022,THEORETICAL_PREMIUM_DERECOGNITION_LRC,0.0
NI02PBNLIFE2022,THEORETICAL_PREMIUM_DERECOGNITION_LIC,0.0
NI02PBNLIFE2022,THEORETICAL_PREMIUM_RECOGNITION,0.0
NI02PBNLIFE2022,DERECOGNITION_ASSET_ACQ_CF_BF_INIT_RECOG,0.0
NI02PBNLIFE2022,ACTUAL_COMMISSION_CF_PAST_SERVICE,0.0
NI02PBNLIFE2022,ACTUAL_COMMISSION_CF_FUTURE_SERVICE,0.0
NI02PBNLIFE2022,RE_RISK_MITIGATION_PNL,0.0
NI02PBNLIFE2022,ACTUAL_PREMIUM_CF_CURRENT_SERVICE,0.0
NI02PBNLIFE2022,ACTUAL_ACQUISITION_CF_CURRENT_SERVICE,0.0
NI02PBNLIFE2022,ACTUAL_COMMISSION_CF_CURRENT_SERVICE,0.0
NI02PBNLIFE2022,DERECOGNITION_ASSET_OTHER_CF_BF_INIT_RECOG,0.0
NI02PCTLIFE2021,ACTUAL_PREMIUM_CF_PAST_SERVICE,0.0
NI02PCTLIFE2021,ACTUAL_PREMIUM_CF_FUTURE_SERVICE,0.0
NI02PCTLIFE2021,ACTUAL_ACQUISITION_CF_PAST_SERVICE,0.0
NI02PCTLIFE2021,ACTUAL_ACQUISITION_CF_FUTURE_SERVICE,0.0
NI02PCTLIFE2021,ACTUAL_INV_COMP_PAYABLE,-1808710.7369015648
NI02PCTLIFE2021,ACTUAL_CHANGE_FV_FINANCIAL_UNDERLYING_ITEMS,0.0
NI02PCTLIFE2021,ACTUAL_CHANGE_FV_TECHNICAL_UNDERLYING_ITEMS,0.0
NI02PCTLIFE2021,FIN_RISK_MITIGATION,0.0
NI02PCTLIFE2021,RE_RISK_MITIGATION,0.0
NI02PCTLIFE2021,ACTUAL_COVERAGE_UNIT,0.0
NI02PCTLIFE2021,THEORETICAL_PREMIUM_DERECOGNITION_LRC,0.0
NI02PCTLIFE2021,THEORETICAL_PREMIUM_DERECOGNITION_LIC,0.0
NI02PCTLIFE2021,THEORETICAL_PREMIUM_RECOGNITION,0.0
NI02PCTLIFE2021,DERECOGNITION_ASSET_ACQ_CF_BF_INIT_RECOG,0.0
NI02PCTLIFE2021,ACTUAL_COMMISSION_CF_PAST_SERVICE,0.0
NI02PCTLIFE2021,ACTUAL_COMMISSION_CF_FUTURE_SERVICE,0.0
NI02PCTLIFE2021,RE_RISK_MITIGATION_PNL,0.0
NI02PCTLIFE2021,ACTUAL_PREMIUM_CF_CURRENT_SERVICE,0.0
NI02PCTLIFE2021,ACTUAL_ACQUISITION_CF_CURRENT_SERVICE,0.0
NI02PCTLIFE2021,ACTUAL_COMMISSION_CF_CURRENT_SERVICE,0.0
NI02PCTLIFE2021,DERECOGNITION_ASSET_OTHER_CF_BF_INIT_RECOG,0.0
NI02PCTLIFE2022,ACTUAL_PREMIUM_CF_PAST_SERVICE,0.0
NI02PCTLIFE2022,ACTUAL_PREMIUM_CF_FUTURE_SERVICE,5318437.380000001
NI02PCTLIFE2022,ACTUAL_ACQUISITION_CF_PAST_SERVICE,0.0
NI02PCTLIFE2022,ACTUAL_ACQUISITION_CF_FUTURE_SERVICE,204000000.0
NI02PCTLIFE2022,ACTUAL_INV_COMP_PAYABLE,-102689.0
NI02PCTLIFE2022,ACTUAL_CHANGE_FV_FINANCIAL_UNDERLYING_ITEMS,0.0
NI02PCTLIFE2022,ACTUAL_CHANGE_FV_TECHNICAL_UNDERLYING_ITEMS,0.0
NI02PCTLIFE2022,FIN_RISK_MITIGATION,0.0
NI02PCTLIFE2022,RE_RISK_MITIGATION,0.0
NI02PCTLIFE2022,ACTUAL_COVERAGE_UNIT,204000000.0
NI02PCTLIFE2022,THEORETICAL_PREMIUM_DERECOGNITION_LRC,0.0
NI02PCTLIFE2022,THEORETICAL_PREMIUM_DERECOGNITION_LIC,0.0
NI02PCTLIFE2022,THEORETICAL_PREMIUM_RECOGNITION,0.0
NI02PCTLIFE2022,DERECOGNITION_ASSET_ACQ_CF_BF_INIT_RECOG,0.0
NI02PCTLIFE2022,ACTUAL_COMMISSION_CF_PAST_SERVICE,0.0
NI02PCTLIFE2022,ACTUAL_COMMISSION_CF_FUTURE_SERVICE,0.0
NI02PCTLIFE2022,RE_RISK_MITIGATION_PNL,0.0
NI02PCTLIFE2022,ACTUAL_PREMIUM_CF_CURRENT_SERVICE,0.0
NI02PCTLIFE2022,ACTUAL_ACQUISITION_CF_CURRENT_SERVICE,0.0
NI02PCTLIFE2022,ACTUAL_COMMISSION_CF_CURRENT_SERVICE,0.0
NI02PCTLIFE2022,DERECOGNITION_ASSET_OTHER_CF_BF_INIT_RECOG,0.0
NI02OCRLIFE2021,ACTUAL_PREMIUM_CF_PAST_SERVICE,0.0
NI02OCRLIFE2021,ACTUAL_PREMIUM_CF_FUTURE_SERVICE,0.0
NI02OCRLIFE2021,ACTUAL_ACQUISITION_CF_PAST_SERVICE,0.0
NI02OCRLIFE2021,ACTUAL_ACQUISITION_CF_FUTURE_SERVICE,0.0
NI02OCRLIFE2021,ACTUAL_INV_COMP_PAYABLE,0.0
NI02OCRLIFE2021,ACTUAL_CHANGE_FV_FINANCIAL_UNDERLYING_ITEMS,0.0
NI02OCRLIFE2021,ACTUAL_CHANGE_FV_TECHNICAL_UNDERLYING_ITEMS,0.0
NI02OCRLIFE2021,FIN_RISK_MITIGATION,0.0
NI02OCRLIFE2021,RE_RISK_MITIGATION,0.0
NI02OCRLIFE2021,ACTUAL_COVERAGE_UNIT,0.0
NI02OCRLIFE2021,THEORETICAL_PREMIUM_DERECOGNITION_LRC,0.0
NI02OCRLIFE2021,THEORETICAL_PREMIUM_DERECOGNITION_LIC,0.0
NI02OCRLIFE2021,THEORETICAL_PREMIUM_RECOGNITION,0.0
NI02OCRLIFE2021,DERECOGNITION_ASSET_ACQ_CF_BF_INIT_RECOG,0.0
NI02OCRLIFE2021,ACTUAL_COMMISSION_CF_PAST_SERVICE,0.0
NI02OCRLIFE2021,ACTUAL_COMMISSION_CF_FUTURE_SERVICE,0.0
NI02OCRLIFE2021,RE_RISK_MITIGATION_PNL,0.0
NI02OCRLIFE2021,ACTUAL_PREMIUM_CF_CURRENT_SERVICE,0.0
NI02OCRLIFE2021,ACTUAL_ACQUISITION_CF_CURRENT_SERVICE,0.0
NI02OCRLIFE2021,ACTUAL_COMMISSION_CF_CURRENT_SERVICE,0.0
NI02OCRLIFE2021,DERECOGNITION_ASSET_OTHER_CF_BF_INIT_RECOG,0.0
NI02OCRLIFE2022,ACTUAL_PREMIUM_CF_PAST_SERVICE,0.0
NI02OCRLIFE2022,ACTUAL_PREMIUM_CF_FUTURE_SERVICE,1099443909.2519999
NI02OCRLIFE2022,ACTUAL_ACQUISITION_CF_PAST_SERVICE,0.0
NI02OCRLIFE2022,ACTUAL_ACQUISITION_CF_FUTURE_SERVICE,40405223956.0
NI02OCRLIFE2022,ACTUAL_INV_COMP_PAYABLE,0.0
NI02OCRLIFE2022,ACTUAL_CHANGE_FV_FINANCIAL_UNDERLYING_ITEMS,0.0
NI02OCRLIFE2022,ACTUAL_CHANGE_FV_TECHNICAL_UNDERLYING_ITEMS,0.0
NI02OCRLIFE2022,FIN_RISK_MITIGATION,0.0
NI02OCRLIFE2022,RE_RISK_MITIGATION,0.0
NI02OCRLIFE2022,ACTUAL_COVERAGE_UNIT,40405223956.0
NI02OCRLIFE2022,THEORETICAL_PREMIUM_DERECOGNITION_LRC,0.0
NI02OCRLIFE2022,THEORETICAL_PREMIUM_DERECOGNITION_LIC,0.0
NI02OCRLIFE2022,THEORETICAL_PREMIUM_RECOGNITION,0.0
NI02OCRLIFE2022,DERECOGNITION_ASSET_ACQ_CF_BF_INIT_RECOG,0.0
NI02OCRLIFE2022,ACTUAL_COMMISSION_CF_PAST_SERVICE,0.0
NI02OCRLIFE2022,ACTUAL_COMMISSION_CF_FUTURE_SERVICE,0.0
NI02OCRLIFE2022,RE_RISK_MITIGATION_PNL,0.0
NI02OCRLIFE2022,ACTUAL_PREMIUM_CF_CURRENT_SERVICE,0.0
NI02OCRLIFE2022,ACTUAL_ACQUISITION_CF_CURRENT_SERVICE,0.0
NI02OCRLIFE2022,ACTUAL_COMMISSION_CF_CURRENT_SERVICE,0.0
NI02OCRLIFE2022,DERECOGNITION_ASSET_OTHER_CF_BF_INIT_RECOG,0.0
NI02OEDPLAN2021,ACTUAL_PREMIUM_CF_PAST_SERVICE,0.0
NI02OEDPLAN2021,ACTUAL_PREMIUM_CF_FUTURE_SERVICE,0.0
NI02OEDPLAN2021,ACTUAL_ACQUISITION_CF_PAST_SERVICE,0.0
NI02OEDPLAN2021,ACTUAL_ACQUISITION_CF_FUTURE_SERVICE,0.0
NI02OEDPLAN2021,ACTUAL_INV_COMP_PAYABLE,0.0
NI02OEDPLAN2021,ACTUAL_CHANGE_FV_FINANCIAL_UNDERLYING_ITEMS,0.0
NI02OEDPLAN2021,ACTUAL_CHANGE_FV_TECHNICAL_UNDERLYING_ITEMS,0.0
NI02OEDPLAN2021,FIN_RISK_MITIGATION,0.0
NI02OEDPLAN2021,RE_RISK_MITIGATION,0.0
NI02OEDPLAN2021,ACTUAL_COVERAGE_UNIT,0.0
NI02OEDPLAN2021,THEORETICAL_PREMIUM_DERECOGNITION_LRC,0.0
NI02OEDPLAN2021,THEORETICAL_PREMIUM_DERECOGNITION_LIC,0.0
NI02OEDPLAN2021,THEORETICAL_PREMIUM_RECOGNITION,0.0
NI02OEDPLAN2021,DERECOGNITION_ASSET_ACQ_CF_BF_INIT_RECOG,0.0
NI02OEDPLAN2021,ACTUAL_COMMISSION_CF_PAST_SERVICE,0.0
NI02OEDPLAN2021,ACTUAL_COMMISSION_CF_FUTURE_SERVICE,0.0
NI02OEDPLAN2021,RE_RISK_MITIGATION_PNL,0.0
NI02OEDPLAN2021,ACTUAL_PREMIUM_CF_CURRENT_SERVICE,0.0
NI02OEDPLAN2021,ACTUAL_ACQUISITION_CF_CURRENT_SERVICE,0.0
NI02OEDPLAN2021,ACTUAL_COMMISSION_CF_CURRENT_SERVICE,0.0
NI02OEDPLAN2021,DERECOGNITION_ASSET_OTHER_CF_BF_INIT_RECOG,0.0
NI02OEDPLAN2022,ACTUAL_PREMIUM_CF_PAST_SERVICE,0.0
NI02OEDPLAN2022,ACTUAL_PREMIUM_CF_FUTURE_SERVICE,25476306.23053129
NI02OEDPLAN2022,ACTUAL_ACQUISITION_CF_PAST_SERVICE,0.0
NI02OEDPLAN2022,ACTUAL_ACQUISITION_CF_FUTURE_SERVICE,0.0
NI02OEDPLAN2022,ACTUAL_INV_COMP_PAYABLE,0.0
NI02OEDPLAN2022,ACTUAL_CHANGE_FV_FINANCIAL_UNDERLYING_ITEMS,0.0
NI02OEDPLAN2022,ACTUAL_CHANGE_FV_TECHNICAL_UNDERLYING_ITEMS,0.0
NI02OEDPLAN2022,FIN_RISK_MITIGATION,0.0
NI02OEDPLAN2022,RE_RISK_MITIGATION,0.0
NI02OEDPLAN2022,ACTUAL_COVERAGE_UNIT,13436316382.16934
NI02OEDPLAN2022,THEORETICAL_PREMIUM_DERECOGNITION_LRC,0.0
NI02OEDPLAN2022,THEORETICAL_PREMIUM_DERECOGNITION_LIC,0.0
NI02OEDPLAN2022,THEORETICAL_PREMIUM_RECOGNITION,0.0
NI02OEDPLAN2022,DERECOGNITION_ASSET_ACQ_CF_BF_INIT_RECOG,0.0
NI02OEDPLAN2022,ACTUAL_COMMISSION_CF_PAST_SERVICE,0.0
NI02OEDPLAN2022,ACTUAL_COMMISSION_CF_FUTURE_SERVICE,0.0
NI02OEDPLAN2022,RE_RISK_MITIGATION_PNL,0.0
NI02OEDPLAN2022,ACTUAL_PREMIUM_CF_CURRENT_SERVICE,0.0
NI02OEDPLAN2022,ACTUAL_ACQUISITION_CF_CURRENT_SERVICE,0.0
NI02OEDPLAN2022,ACTUAL_COMMISSION_CF_CURRENT_SERVICE,0.0
NI02OEDPLAN2022,DERECOGNITION_ASSET_OTHER_CF_BF_INIT_RECOG,0.0
NI02PEDPLAN2022,ACTUAL_PREMIUM_CF_PAST_SERVICE,0.0
NI02PEDPLAN2022,ACTUAL_PREMIUM_CF_FUTURE_SERVICE,81010.70704189033
NI02PEDPLAN2022,ACTUAL_ACQUISITION_CF_PAST_SERVICE,0.0
NI02PEDPLAN2022,ACTUAL_ACQUISITION_CF_FUTURE_SERVICE,0.0
NI02PEDPLAN2022,ACTUAL_INV_COMP_PAYABLE,0.0
NI02PEDPLAN2022,ACTUAL_CHANGE_FV_FINANCIAL_UNDERLYING_ITEMS,0.0
NI02PEDPLAN2022,ACTUAL_CHANGE_FV_TECHNICAL_UNDERLYING_ITEMS,0.0
NI02PEDPLAN2022,FIN_RISK_MITIGATION,0.0
NI02PEDPLAN2022,RE_RISK_MITIGATION,0.0
NI02PEDPLAN2022,ACTUAL_COVERAGE_UNIT,42725404.55074333
NI02PEDPLAN2022,THEORETICAL_PREMIUM_DERECOGNITION_LRC,0.0
NI02PEDPLAN2022,THEORETICAL_PREMIUM_DERECOGNITION_LIC,0.0
NI02PEDPLAN2022,THEORETICAL_PREMIUM_RECOGNITION,0.0
NI02PEDPLAN2022,DERECOGNITION_ASSET_ACQ_CF_BF_INIT_RECOG,0.0
NI02PEDPLAN2022,ACTUAL_COMMISSION_CF_PAST_SERVICE,0.0
NI02PEDPLAN2022,ACTUAL_COMMISSION_CF_FUTURE_SERVICE,0.0
NI02PEDPLAN2022,RE_RISK_MITIGATION_PNL,0.0
NI02PEDPLAN2022,ACTUAL_PREMIUM_CF_CURRENT_SERVICE,0.0
NI02PEDPLAN2022,ACTUAL_ACQUISITION_CF_CURRENT_SERVICE,0.0
NI02PEDPLAN2022,ACTUAL_COMMISSION_CF_CURRENT_SERVICE,0.0
NI02PEDPLAN2022,DERECOGNITION_ASSET_OTHER_CF_BF_INIT_RECOG,0.0
NI02PEDUPOL2021,ACTUAL_PREMIUM_CF_PAST_SERVICE,0.0
NI02PEDUPOL2021,ACTUAL_PREMIUM_CF_FUTURE_SERVICE,0.0
NI02PEDUPOL2021,ACTUAL_ACQUISITION_CF_PAST_SERVICE,0.0
NI02PEDUPOL2021,ACTUAL_ACQUISITION_CF_FUTURE_SERVICE,0.0
NI02PEDUPOL2021,ACTUAL_INV_COMP_PAYABLE,0.0
NI02PEDUPOL2021,ACTUAL_CHANGE_FV_FINANCIAL_UNDERLYING_ITEMS,0.0
NI02PEDUPOL2021,ACTUAL_CHANGE_FV_TECHNICAL_UNDERLYING_ITEMS,0.0
NI02PEDUPOL2021,FIN_RISK_MITIGATION,0.0
NI02PEDUPOL2021,RE_RISK_MITIGATION,0.0
NI02PEDUPOL2021,ACTUAL_COVERAGE_UNIT,0.0
NI02PEDUPOL2021,THEORETICAL_PREMIUM_DERECOGNITION_LRC,0.0
NI02PEDUPOL2021,THEORETICAL_PREMIUM_DERECOGNITION_LIC,0.0
NI02PEDUPOL2021,THEORETICAL_PREMIUM_RECOGNITION,0.0
NI02PEDUPOL2021,DERECOGNITION_ASSET_ACQ_CF_BF_INIT_RECOG,0.0
NI02PEDUPOL2021,ACTUAL_COMMISSION_CF_PAST_SERVICE,0.0
NI02PEDUPOL2021,ACTUAL_COMMISSION_CF_FUTURE_SERVICE,0.0
NI02PEDUPOL2021,RE_RISK_MITIGATION_PNL,0.0
NI02PEDUPOL2021,ACTUAL_PREMIUM_CF_CURRENT_SERVICE,0.0
NI02PEDUPOL2021,ACTUAL_ACQUISITION_CF_CURRENT_SERVICE,0.0
NI02PEDUPOL2021,ACTUAL_COMMISSION_CF_CURRENT_SERVICE,0.0
NI02PEDUPOL2021,DERECOGNITION_ASSET_OTHER_CF_BF_INIT_RECOG,0.0
NI02OEDUPOL2022,ACTUAL_PREMIUM_CF_PAST_SERVICE,0.0
NI02OEDUPOL2022,ACTUAL_PREMIUM_CF_FUTURE_SERVICE,1189446.151664492
NI02OEDUPOL2022,ACTUAL_ACQUISITION_CF_PAST_SERVICE,0.0
NI02OEDUPOL2022,ACTUAL_ACQUISITION_CF_FUTURE_SERVICE,540291.4466535818
NI02OEDUPOL2022,ACTUAL_INV_COMP_PAYABLE,0.0
NI02OEDUPOL2022,ACTUAL_CHANGE_FV_FINANCIAL_UNDERLYING_ITEMS,0.0
NI02OEDUPOL2022,ACTUAL_CHANGE_FV_TECHNICAL_UNDERLYING_ITEMS,0.0
NI02OEDUPOL2022,FIN_RISK_MITIGATION,0.0
NI02OEDUPOL2022,RE_RISK_MITIGATION,0.0
NI02OEDUPOL2022,ACTUAL_COVERAGE_UNIT,1852774068.5003064
NI02OEDUPOL2022,THEORETICAL_PREMIUM_DERECOGNITION_LRC,0.0
NI02OEDUPOL2022,THEORETICAL_PREMIUM_DERECOGNITION_LIC,0.0
NI02OEDUPOL2022,THEORETICAL_PREMIUM_RECOGNITION,0.0
NI02OEDUPOL2022,DERECOGNITION_ASSET_ACQ_CF_BF_INIT_RECOG,0.0
NI02OEDUPOL2022,ACTUAL_COMMISSION_CF_PAST_SERVICE,0.0
NI02OEDUPOL2022,ACTUAL_COMMISSION_CF_FUTURE_SERVICE,0.0
NI02OEDUPOL2022,RE_RISK_MITIGATION_PNL,0.0
NI02OEDUPOL2022,ACTUAL_PREMIUM_CF_CURRENT_SERVICE,0.0
NI02OEDUPOL2022,ACTUAL_ACQUISITION_CF_CURRENT_SERVICE,0.0
NI02OEDUPOL2022,ACTUAL_COMMISSION_CF_CURRENT_SERVICE,0.0
NI02OEDUPOL2022,DERECOGNITION_ASSET_OTHER_CF_BF_INIT_RECOG,0.0
NI02PEDUPOL2022,ACTUAL_PREMIUM_CF_PAST_SERVICE,0.0
NI02PEDUPOL2022,ACTUAL_PREMIUM_CF_FUTURE_SERVICE,2328398.9183355058
NI02PEDUPOL2022,ACTUAL_ACQUISITION_CF_PAST_SERVICE,0.0
NI02PEDUPOL2022,ACTUAL_ACQUISITION_CF_FUTURE_SERVICE,1057646.887346418
NI02PEDUPOL2022,ACTUAL_INV_COMP_PAYABLE,0.0
NI02PEDUPOL2022,ACTUAL_CHANGE_FV_FINANCIAL_UNDERLYING_ITEMS,0.0
NI02PEDUPOL2022,ACTUAL_CHANGE_FV_TECHNICAL_UNDERLYING_ITEMS,0.0
NI02PEDUPOL2022,FIN_RISK_MITIGATION,0.0
NI02PEDUPOL2022,RE_RISK_MITIGATION,0.0
NI02PEDUPOL2022,ACTUAL_COVERAGE_UNIT,3626895703.4996905
NI02PEDUPOL2022,THEORETICAL_PREMIUM_DERECOGNITION_LRC,0.0
NI02PEDUPOL2022,THEORETICAL_PREMIUM_DERECOGNITION_LIC,0.0
NI02PEDUPOL2022,THEORETICAL_PREMIUM_RECOGNITION,0.0
NI02PEDUPOL2022,DERECOGNITION_ASSET_ACQ_CF_BF_INIT_RECOG,0.0
NI02PEDUPOL2022,ACTUAL_COMMISSION_CF_PAST_SERVICE,0.0
NI02PEDUPOL2022,ACTUAL_COMMISSION_CF_FUTURE_SERVICE,0.0
NI02PEDUPOL2022,RE_RISK_MITIGATION_PNL,0.0
NI02PEDUPOL2022,ACTUAL_PREMIUM_CF_CURRENT_SERVICE,0.0
NI02PEDUPOL2022,ACTUAL_ACQUISITION_CF_CURRENT_SERVICE,0.0
NI02PEDUPOL2022,ACTUAL_COMMISSION_CF_CURRENT_SERVICE,0.0
NI02PEDUPOL2022,DERECOGNITION_ASSET_OTHER_CF_BF_INIT_RECOG,0.0
NI02PEIPLAN2021,ACTUAL_PREMIUM_CF_PAST_SERVICE,0.0
NI02PEIPLAN2021,ACTUAL_PREMIUM_CF_FUTURE_SERVICE,70714.64
NI02PEIPLAN2021,ACTUAL_ACQUISITION_CF_PAST_SERVICE,0.0
NI02PEIPLAN2021,ACTUAL_ACQUISITION_CF_FUTURE_SERVICE,0.0
NI02PEIPLAN2021,ACTUAL_INV_COMP_PAYABLE,0.0
NI02PEIPLAN2021,ACTUAL_CHANGE_FV_FINANCIAL_UNDERLYING_ITEMS,0.0
NI02PEIPLAN2021,ACTUAL_CHANGE_FV_TECHNICAL_UNDERLYING_ITEMS,0.0
NI02PEIPLAN2021,FIN_RISK_MITIGATION,0.0
NI02PEIPLAN2021,RE_RISK_MITIGATION,0.0
NI02PEIPLAN2021,ACTUAL_COVERAGE_UNIT,14865483.0
NI02PEIPLAN2021,THEORETICAL_PREMIUM_DERECOGNITION_LRC,0.0
NI02PEIPLAN2021,THEORETICAL_PREMIUM_DERECOGNITION_LIC,0.0
NI02PEIPLAN2021,THEORETICAL_PREMIUM_RECOGNITION,0.0
NI02PEIPLAN2021,DERECOGNITION_ASSET_ACQ_CF_BF_INIT_RECOG,0.0
NI02PEIPLAN2021,ACTUAL_COMMISSION_CF_PAST_SERVICE,0.0
NI02PEIPLAN2021,ACTUAL_COMMISSION_CF_FUTURE_SERVICE,0.0
NI02PEIPLAN2021,RE_RISK_MITIGATION_PNL,0.0
NI02PEIPLAN2021,ACTUAL_PREMIUM_CF_CURRENT_SERVICE,0.0
NI02PEIPLAN2021,ACTUAL_ACQUISITION_CF_CURRENT_SERVICE,0.0
NI02PEIPLAN2021,ACTUAL_COMMISSION_CF_CURRENT_SERVICE,0.0
NI02PEIPLAN2021,DERECOGNITION_ASSET_OTHER_CF_BF_INIT_RECOG,0.0
NI02OLIFESV2021,ACTUAL_PREMIUM_CF_PAST_SERVICE,0.0
NI02OLIFESV2021,ACTUAL_PREMIUM_CF_FUTURE_SERVICE,0.0
NI02OLIFESV2021,ACTUAL_ACQUISITION_CF_PAST_SERVICE,0.0
NI02OLIFESV2021,ACTUAL_ACQUISITION_CF_FUTURE_SERVICE,0.0
NI02OLIFESV2021,ACTUAL_INV_COMP_PAYABLE,0.0
NI02OLIFESV2021,ACTUAL_CHANGE_FV_FINANCIAL_UNDERLYING_ITEMS,0.0
NI02OLIFESV2021,ACTUAL_CHANGE_FV_TECHNICAL_UNDERLYING_ITEMS,0.0
NI02OLIFESV2021,FIN_RISK_MITIGATION,0.0
NI02OLIFESV2021,RE_RISK_MITIGATION,0.0
NI02OLIFESV2021,ACTUAL_COVERAGE_UNIT,0.0
NI02OLIFESV2021,THEORETICAL_PREMIUM_DERECOGNITION_LRC,0.0
NI02OLIFESV2021,THEORETICAL_PREMIUM_DERECOGNITION_LIC,0.0
NI02OLIFESV2021,THEORETICAL_PREMIUM_RECOGNITION,0.0
NI02OLIFESV2021,DERECOGNITION_ASSET_ACQ_CF_BF_INIT_RECOG,0.0
NI02OLIFESV2021,ACTUAL_COMMISSION_CF_PAST_SERVICE,0.0
NI02OLIFESV2021,ACTUAL_COMMISSION_CF_FUTURE_SERVICE,0.0
NI02OLIFESV2021,RE_RISK_MITIGATION_PNL,0.0
NI02OLIFESV2021,ACTUAL_PREMIUM_CF_CURRENT_SERVICE,0.0
NI02OLIFESV2021,ACTUAL_ACQUISITION_CF_CURRENT_SERVICE,0.0
NI02OLIFESV2021,ACTUAL_COMMISSION_CF_CURRENT_SERVICE,0.0
NI02OLIFESV2021,DERECOGNITION_ASSET_OTHER_CF_BF_INIT_RECOG,0.0
NI02OLIFESV2022,ACTUAL_PREMIUM_CF_PAST_SERVICE,0.0
NI02OLIFESV2022,ACTUAL_PREMIUM_CF_FUTURE_SERVICE,1972957.7739999997
NI02OLIFESV2022,ACTUAL_ACQUISITION_CF_PAST_SERVICE,0.0
NI02OLIFESV2022,ACTUAL_ACQUISITION_CF_FUTURE_SERVICE,3050500000.0
NI02OLIFESV2022,ACTUAL_INV_COMP_PAYABLE,0.0
NI02OLIFESV2022,ACTUAL_CHANGE_FV_FINANCIAL_UNDERLYING_ITEMS,0.0
NI02OLIFESV2022,ACTUAL_CHANGE_FV_TECHNICAL_UNDERLYING_ITEMS,0.0
NI02OLIFESV2022,FIN_RISK_MITIGATION,0.0
NI02OLIFESV2022,RE_RISK_MITIGATION,0.0
NI02OLIFESV2022,ACTUAL_COVERAGE_UNIT,3050500000.0
NI02OLIFESV2022,THEORETICAL_PREMIUM_DERECOGNITION_LRC,0.0
NI02OLIFESV2022,THEORETICAL_PREMIUM_DERECOGNITION_LIC,0.0
NI02OLIFESV2022,THEORETICAL_PREMIUM_RECOGNITION,0.0
NI02OLIFESV2022,DERECOGNITION_ASSET_ACQ_CF_BF_INIT_RECOG,0.0
NI02OLIFESV2022,ACTUAL_COMMISSION_CF_PAST_SERVICE,0.0
NI02OLIFESV2022,ACTUAL_COMMISSION_CF_FUTURE_SERVICE,0.0
NI02OLIFESV2022,RE_RISK_MITIGATION_PNL,0.0
NI02OLIFESV2022,ACTUAL_PREMIUM_CF_CURRENT_SERVICE,0.0
NI02OLIFESV2022,ACTUAL_ACQUISITION_CF_CURRENT_SERVICE,0.0
NI02OLIFESV2022,ACTUAL_COMMISSION_CF_CURRENT_SERVICE,0.0
NI02OLIFESV2022,DERECOGNITION_ASSET_OTHER_CF_BF_INIT_RECOG,0.0
NI02PMFUNDS2021,ACTUAL_PREMIUM_CF_PAST_SERVICE,0.0
NI02PMFUNDS2021,ACTUAL_PREMIUM_CF_FUTURE_SERVICE,11180808.719999995
NI02PMFUNDS2021,ACTUAL_ACQUISITION_CF_PAST_SERVICE,0.0
NI02PMFUNDS2021,ACTUAL_ACQUISITION_CF_FUTURE_SERVICE,0.0
NI02PMFUNDS2021,ACTUAL_INV_COMP_PAYABLE,0.0
NI02PMFUNDS2021,ACTUAL_CHANGE_FV_FINANCIAL_UNDERLYING_ITEMS,0.0
NI02PMFUNDS2021,ACTUAL_CHANGE_FV_TECHNICAL_UNDERLYING_ITEMS,0.0
NI02PMFUNDS2021,FIN_RISK_MITIGATION,0.0
NI02PMFUNDS2021,RE_RISK_MITIGATION,0.0
NI02PMFUNDS2021,ACTUAL_COVERAGE_UNIT,78775114891.0
NI02PMFUNDS2021,THEORETICAL_PREMIUM_DERECOGNITION_LRC,0.0
NI02PMFUNDS2021,THEORETICAL_PREMIUM_DERECOGNITION_LIC,0.0
NI02PMFUNDS2021,THEORETICAL_PREMIUM_RECOGNITION,0.0
NI02PMFUNDS2021,DERECOGNITION_ASSET_ACQ_CF_BF_INIT_RECOG,0.0
NI02PMFUNDS2021,ACTUAL_COMMISSION_CF_PAST_SERVICE,0.0
NI02PMFUNDS2021,ACTUAL_COMMISSION_CF_FUTURE_SERVICE,0.0
NI02PMFUNDS2021,RE_RISK_MITIGATION_PNL,0.0
NI02PMFUNDS2021,ACTUAL_PREMIUM_CF_CURRENT_SERVICE,0.0
NI02PMFUNDS2021,ACTUAL_ACQUISITION_CF_CURRENT_SERVICE,0.0
NI02PMFUNDS2021,ACTUAL_COMMISSION_CF_CURRENT_SERVICE,0.0
NI02PMFUNDS2021,DERECOGNITION_ASSET_OTHER_CF_BF_INIT_RECOG,0.0
NI02OMLPLAN2021,ACTUAL_PREMIUM_CF_PAST_SERVICE,0.0
NI02OMLPLAN2021,ACTUAL_PREMIUM_CF_FUTURE_SERVICE,0.0
NI02OMLPLAN2021,ACTUAL_ACQUISITION_CF_PAST_SERVICE,0.0
NI02OMLPLAN2021,ACTUAL_ACQUISITION_CF_FUTURE_SERVICE,0.0
NI02OMLPLAN2021,ACTUAL_INV_COMP_PAYABLE,0.0
NI02OMLPLAN2021,ACTUAL_CHANGE_FV_FINANCIAL_UNDERLYING_ITEMS,0.0
NI02OMLPLAN2021,ACTUAL_CHANGE_FV_TECHNICAL_UNDERLYING_ITEMS,0.0
NI02OMLPLAN2021,FIN_RISK_MITIGATION,0.0
NI02OMLPLAN2021,RE_RISK_MITIGATION,0.0
NI02OMLPLAN2021,ACTUAL_COVERAGE_UNIT,0.0
NI02OMLPLAN2021,THEORETICAL_PREMIUM_DERECOGNITION_LRC,0.0
NI02OMLPLAN2021,THEORETICAL_PREMIUM_DERECOGNITION_LIC,0.0
NI02OMLPLAN2021,THEORETICAL_PREMIUM_RECOGNITION,0.0
NI02OMLPLAN2021,DERECOGNITION_ASSET_ACQ_CF_BF_INIT_RECOG,0.0
NI02OMLPLAN2021,ACTUAL_COMMISSION_CF_PAST_SERVICE,0.0
NI02OMLPLAN2021,ACTUAL_COMMISSION_CF_FUTURE_SERVICE,0.0
NI02OMLPLAN2021,RE_RISK_MITIGATION_PNL,0.0
NI02OMLPLAN2021,ACTUAL_PREMIUM_CF_CURRENT_SERVICE,0.0
NI02OMLPLAN2021,ACTUAL_ACQUISITION_CF_CURRENT_SERVICE,0.0
NI02OMLPLAN2021,ACTUAL_COMMISSION_CF_CURRENT_SERVICE,0.0
NI02OMLPLAN2021,DERECOGNITION_ASSET_OTHER_CF_BF_INIT_RECOG,0.0
NI02OMLPLAN2022,ACTUAL_PREMIUM_CF_PAST_SERVICE,0.0
NI02OMLPLAN2022,ACTUAL_PREMIUM_CF_FUTURE_SERVICE,48392236.86000005
NI02OMLPLAN2022,ACTUAL_ACQUISITION_CF_PAST_SERVICE,0.0
NI02OMLPLAN2022,ACTUAL_ACQUISITION_CF_FUTURE_SERVICE,842420000.0
NI02OMLPLAN2022,ACTUAL_INV_COMP_PAYABLE,0.0
NI02OMLPLAN2022,ACTUAL_CHANGE_FV_FINANCIAL_UNDERLYING_ITEMS,0.0
NI02OMLPLAN2022,ACTUAL_CHANGE_FV_TECHNICAL_UNDERLYING_ITEMS,0.0
NI02OMLPLAN2022,FIN_RISK_MITIGATION,0.0
NI02OMLPLAN2022,RE_RISK_MITIGATION,0.0
NI02OMLPLAN2022,ACTUAL_COVERAGE_UNIT,842420000.0
NI02OMLPLAN2022,THEORETICAL_PREMIUM_DERECOGNITION_LRC,0.0
NI02OMLPLAN2022,THEORETICAL_PREMIUM_DERECOGNITION_LIC,0.0
NI02OMLPLAN2022,THEORETICAL_PREMIUM_RECOGNITION,0.0
NI02OMLPLAN2022,DERECOGNITION_ASSET_ACQ_CF_BF_INIT_RECOG,0.0
NI02OMLPLAN2022,ACTUAL_COMMISSION_CF_PAST_SERVICE,0.0
NI02OMLPLAN2022,ACTUAL_COMMISSION_CF_FUTURE_SERVICE,0.0
NI02OMLPLAN2022,RE_RISK_MITIGATION_PNL,0.0
NI02OMLPLAN2022,ACTUAL_PREMIUM_CF_CURRENT_SERVICE,0.0
NI02OMLPLAN2022,ACTUAL_ACQUISITION_CF_CURRENT_SERVICE,0.0
NI02OMLPLAN2022,ACTUAL_COMMISSION_CF_CURRENT_SERVICE,0.0
NI02OMLPLAN2022,DERECOGNITION_ASSET_OTHER_CF_BF_INIT_RECOG,0.0
NI02OMORTGE2021,ACTUAL_PREMIUM_CF_PAST_SERVICE,0.0
NI02OMORTGE2021,ACTUAL_PREMIUM_CF_FUTURE_SERVICE,0.0
NI02OMORTGE2021,ACTUAL_ACQUISITION_CF_PAST_SERVICE,0.0
NI02OMORTGE2021,ACTUAL_ACQUISITION_CF_FUTURE_SERVICE,0.0
NI02OMORTGE2021,ACTUAL_INV_COMP_PAYABLE,0.0
NI02OMORTGE2021,ACTUAL_CHANGE_FV_FINANCIAL_UNDERLYING_ITEMS,0.0
NI02OMORTGE2021,ACTUAL_CHANGE_FV_TECHNICAL_UNDERLYING_ITEMS,0.0
NI02OMORTGE2021,FIN_RISK_MITIGATION,0.0
NI02OMORTGE2021,RE_RISK_MITIGATION,0.0
NI02OMORTGE2021,ACTUAL_COVERAGE_UNIT,0.0
NI02OMORTGE2021,THEORETICAL_PREMIUM_DERECOGNITION_LRC,0.0
NI02OMORTGE2021,THEORETICAL_PREMIUM_DERECOGNITION_LIC,0.0
NI02OMORTGE2021,THEORETICAL_PREMIUM_RECOGNITION,0.0
NI02OMORTGE2021,DERECOGNITION_ASSET_ACQ_CF_BF_INIT_RECOG,0.0
NI02OMORTGE2021,ACTUAL_COMMISSION_CF_PAST_SERVICE,0.0
NI02OMORTGE2021,ACTUAL_COMMISSION_CF_FUTURE_SERVICE,0.0
NI02OMORTGE2021,RE_RISK_MITIGATION_PNL,0.0
NI02OMORTGE2021,ACTUAL_PREMIUM_CF_CURRENT_SERVICE,0.0
NI02OMORTGE2021,ACTUAL_ACQUISITION_CF_CURRENT_SERVICE,0.0
NI02OMORTGE2021,ACTUAL_COMMISSION_CF_CURRENT_SERVICE,0.0
NI02OMORTGE2021,DERECOGNITION_ASSET_OTHER_CF_BF_INIT_RECOG,0.0
NI02PMORTGE2022,ACTUAL_PREMIUM_CF_PAST_SERVICE,0.0
NI02PMORTGE2022,ACTUAL_PREMIUM_CF_FUTURE_SERVICE,32209140.14
NI02PMORTGE2022,ACTUAL_ACQUISITION_CF_PAST_SERVICE,0.0
NI02PMORTGE2022,ACTUAL_ACQUISITION_CF_FUTURE_SERVICE,7561072931.0
NI02PMORTGE2022,ACTUAL_INV_COMP_PAYABLE,0.0
NI02PMORTGE2022,ACTUAL_CHANGE_FV_FINANCIAL_UNDERLYING_ITEMS,0.0
NI02PMORTGE2022,ACTUAL_CHANGE_FV_TECHNICAL_UNDERLYING_ITEMS,0.0
NI02PMORTGE2022,FIN_RISK_MITIGATION,0.0
NI02PMORTGE2022,RE_RISK_MITIGATION,0.0
NI02PMORTGE2022,ACTUAL_COVERAGE_UNIT,7561072931.0
NI02PMORTGE2022,THEORETICAL_PREMIUM_DERECOGNITION_LRC,0.0
NI02PMORTGE2022,THEORETICAL_PREMIUM_DERECOGNITION_LIC,0.0
NI02PMORTGE2022,THEORETICAL_PREMIUM_RECOGNITION,0.0
NI02PMORTGE2022,DERECOGNITION_ASSET_ACQ_CF_BF_INIT_RECOG,0.0
NI02PMORTGE2022,ACTUAL_COMMISSION_CF_PAST_SERVICE,0.0
NI02PMORTGE2022,ACTUAL_COMMISSION_CF_FUTURE_SERVICE,0.0
NI02PMORTGE2022,RE_RISK_MITIGATION_PNL,0.0
NI02PMORTGE2022,ACTUAL_PREMIUM_CF_CURRENT_SERVICE,0.0
NI02PMORTGE2022,ACTUAL_ACQUISITION_CF_CURRENT_SERVICE,0.0
NI02PMORTGE2022,ACTUAL_COMMISSION_CF_CURRENT_SERVICE,0.0
NI02PMORTGE2022,DERECOGNITION_ASSET_OTHER_CF_BF_INIT_RECOG,0.0
NI02PSMRTRE2021,ACTUAL_PREMIUM_CF_PAST_SERVICE,0.0
NI02PSMRTRE2021,ACTUAL_PREMIUM_CF_FUTURE_SERVICE,0.0
NI02PSMRTRE2021,ACTUAL_ACQUISITION_CF_PAST_SERVICE,0.0
NI02PSMRTRE2021,ACTUAL_ACQUISITION_CF_FUTURE_SERVICE,0.0
NI02PSMRTRE2021,ACTUAL_INV_COMP_PAYABLE,0.0
NI02PSMRTRE2021,ACTUAL_CHANGE_FV_FINANCIAL_UNDERLYING_ITEMS,0.0
NI02PSMRTRE2021,ACTUAL_CHANGE_FV_TECHNICAL_UNDERLYING_ITEMS,0.0
NI02PSMRTRE2021,FIN_RISK_MITIGATION,0.0
NI02PSMRTRE2021,RE_RISK_MITIGATION,0.0
NI02PSMRTRE2021,ACTUAL_COVERAGE_UNIT,1000000.0
NI02PSMRTRE2021,THEORETICAL_PREMIUM_DERECOGNITION_LRC,0.0
NI02PSMRTRE2021,THEORETICAL_PREMIUM_DERECOGNITION_LIC,0.0
NI02PSMRTRE2021,THEORETICAL_PREMIUM_RECOGNITION,0.0
NI02PSMRTRE2021,DERECOGNITION_ASSET_ACQ_CF_BF_INIT_RECOG,0.0
NI02PSMRTRE2021,ACTUAL_COMMISSION_CF_PAST_SERVICE,0.0
NI02PSMRTRE2021,ACTUAL_COMMISSION_CF_FUTURE_SERVICE,0.0
NI02PSMRTRE2021,RE_RISK_MITIGATION_PNL,0.0
NI02PSMRTRE2021,ACTUAL_PREMIUM_CF_CURRENT_SERVICE,0.0
NI02PSMRTRE2021,ACTUAL_ACQUISITION_CF_CURRENT_SERVICE,0.0
NI02PSMRTRE2021,ACTUAL_COMMISSION_CF_CURRENT_SERVICE,0.0
NI02PSMRTRE2021,DERECOGNITION_ASSET_OTHER_CF_BF_INIT_RECOG,0.0
NI02OTMLIFE2021,ACTUAL_PREMIUM_CF_PAST_SERVICE,0.0
NI02OTMLIFE2021,ACTUAL_PREMIUM_CF_FUTURE_SERVICE,0.0
NI02OTMLIFE2021,ACTUAL_ACQUISITION_CF_PAST_SERVICE,0.0
NI02OTMLIFE2021,ACTUAL_ACQUISITION_CF_FUTURE_SERVICE,0.0
NI02OTMLIFE2021,ACTUAL_INV_COMP_PAYABLE,0.0
NI02OTMLIFE2021,ACTUAL_CHANGE_FV_FINANCIAL_UNDERLYING_ITEMS,0.0
NI02OTMLIFE2021,ACTUAL_CHANGE_FV_TECHNICAL_UNDERLYING_ITEMS,0.0
NI02OTMLIFE2021,FIN_RISK_MITIGATION,0.0
NI02OTMLIFE2021,RE_RISK_MITIGATION,0.0
NI02OTMLIFE2021,ACTUAL_COVERAGE_UNIT,0.0
NI02OTMLIFE2021,THEORETICAL_PREMIUM_DERECOGNITION_LRC,0.0
NI02OTMLIFE2021,THEORETICAL_PREMIUM_DERECOGNITION_LIC,0.0
NI02OTMLIFE2021,THEORETICAL_PREMIUM_RECOGNITION,0.0
NI02OTMLIFE2021,DERECOGNITION_ASSET_ACQ_CF_BF_INIT_RECOG,0.0
NI02OTMLIFE2021,ACTUAL_COMMISSION_CF_PAST_SERVICE,0.0
NI02OTMLIFE2021,ACTUAL_COMMISSION_CF_FUTURE_SERVICE,0.0
NI02OTMLIFE2021,RE_RISK_MITIGATION_PNL,0.0
NI02OTMLIFE2021,ACTUAL_PREMIUM_CF_CURRENT_SERVICE,0.0
NI02OTMLIFE2021,ACTUAL_ACQUISITION_CF_CURRENT_SERVICE,0.0
NI02OTMLIFE2021,ACTUAL_COMMISSION_CF_CURRENT_SERVICE,0.0
NI02OTMLIFE2021,DERECOGNITION_ASSET_OTHER_CF_BF_INIT_RECOG,0.0
NI02PTMLIFE2022,ACTUAL_PREMIUM_CF_PAST_SERVICE,0.0
NI02PTMLIFE2022,ACTUAL_PREMIUM_CF_FUTURE_SERVICE,48717402.204
NI02PTMLIFE2022,ACTUAL_ACQUISITION_CF_PAST_SERVICE,0.0
NI02PTMLIFE2022,ACTUAL_ACQUISITION_CF_FUTURE_SERVICE,10184902.161
NI02PTMLIFE2022,ACTUAL_INV_COMP_PAYABLE,0.0
NI02PTMLIFE2022,ACTUAL_CHANGE_FV_FINANCIAL_UNDERLYING_ITEMS,0.0
NI02PTMLIFE2022,ACTUAL_CHANGE_FV_TECHNICAL_UNDERLYING_ITEMS,0.0
NI02PTMLIFE2022,FIN_RISK_MITIGATION,0.0
NI02PTMLIFE2022,RE_RISK_MITIGATION,0.0
NI02PTMLIFE2022,ACTUAL_COVERAGE_UNIT,6387017915.0
NI02PTMLIFE2022,THEORETICAL_PREMIUM_DERECOGNITION_LRC,0.0
NI02PTMLIFE2022,THEORETICAL_PREMIUM_DERECOGNITION_LIC,0.0
NI02PTMLIFE2022,THEORETICAL_PREMIUM_RECOGNITION,0.0
NI02PTMLIFE2022,DERECOGNITION_ASSET_ACQ_CF_BF_INIT_RECOG,0.0
NI02PTMLIFE2022,ACTUAL_COMMISSION_CF_PAST_SERVICE,0.0
NI02PTMLIFE2022,ACTUAL_COMMISSION_CF_FUTURE_SERVICE,0.0
NI02PTMLIFE2022,RE_RISK_MITIGATION_PNL,0.0
NI02PTMLIFE2022,ACTUAL_PREMIUM_CF_CURRENT_SERVICE,0.0
NI02PTMLIFE2022,ACTUAL_ACQUISITION_CF_CURRENT_SERVICE,0.0
NI02PTMLIFE2022,ACTUAL_COMMISSION_CF_CURRENT_SERVICE,0.0
NI02PTMLIFE2022,DERECOGNITION_ASSET_OTHER_CF_BF_INIT_RECOG,0.0
NI02PWHLIFE2021,ACTUAL_PREMIUM_CF_PAST_SERVICE,0.0
NI02PWHLIFE2021,ACTUAL_PREMIUM_CF_FUTURE_SERVICE,68153468.53000005
NI02PWHLIFE2021,ACTUAL_ACQUISITION_CF_PAST_SERVICE,0.0
NI02PWHLIFE2021,ACTUAL_ACQUISITION_CF_FUTURE_SERVICE,0.0
NI02PWHLIFE2021,ACTUAL_INV_COMP_PAYABLE,-5990399.07971599
NI02PWHLIFE2021,ACTUAL_CHANGE_FV_FINANCIAL_UNDERLYING_ITEMS,0.0
NI02PWHLIFE2021,ACTUAL_CHANGE_FV_TECHNICAL_UNDERLYING_ITEMS,0.0
NI02PWHLIFE2021,FIN_RISK_MITIGATION,0.0
NI02PWHLIFE2021,RE_RISK_MITIGATION,0.0
NI02PWHLIFE2021,ACTUAL_COVERAGE_UNIT,4022263453.0
NI02PWHLIFE2021,THEORETICAL_PREMIUM_DERECOGNITION_LRC,0.0
NI02PWHLIFE2021,THEORETICAL_PREMIUM_DERECOGNITION_LIC,0.0
NI02PWHLIFE2021,THEORETICAL_PREMIUM_RECOGNITION,0.0
NI02PWHLIFE2021,DERECOGNITION_ASSET_ACQ_CF_BF_INIT_RECOG,0.0
NI02PWHLIFE2021,ACTUAL_COMMISSION_CF_PAST_SERVICE,0.0
NI02PWHLIFE2021,ACTUAL_COMMISSION_CF_FUTURE_SERVICE,0.0
NI02PWHLIFE2021,RE_RISK_MITIGATION_PNL,0.0
NI02PWHLIFE2021,ACTUAL_PREMIUM_CF_CURRENT_SERVICE,0.0
NI02PWHLIFE2021,ACTUAL_ACQUISITION_CF_CURRENT_SERVICE,0.0
NI02PWHLIFE2021,ACTUAL_COMMISSION_CF_CURRENT_SERVICE,0.0
NI02PWHLIFE2021,DERECOGNITION_ASSET_OTHER_CF_BF_INIT_RECOG,0.0
NI02OREINST2021,ACTUAL_PREMIUM_CF_PAST_SERVICE,0.0
NI02OREINST2021,ACTUAL_PREMIUM_CF_FUTURE_SERVICE,0.0
NI02OREINST2021,ACTUAL_ACQUISITION_CF_PAST_SERVICE,0.0
NI02OREINST2021,ACTUAL_ACQUISITION_CF_FUTURE_SERVICE,0.0
NI02OREINST2021,ACTUAL_INV_COMP_PAYABLE,0.0
NI02OREINST2021,ACTUAL_CHANGE_FV_FINANCIAL_UNDERLYING_ITEMS,0.0
NI02OREINST2021,ACTUAL_CHANGE_FV_TECHNICAL_UNDERLYING_ITEMS,0.0
NI02OREINST2021,FIN_RISK_MITIGATION,0.0
NI02OREINST2021,RE_RISK_MITIGATION,0.0
NI02OREINST2021,ACTUAL_COVERAGE_UNIT,0.0
NI02OREINST2021,THEORETICAL_PREMIUM_DERECOGNITION_LRC,0.0
NI02OREINST2021,THEORETICAL_PREMIUM_DERECOGNITION_LIC,0.0
NI02OREINST2021,THEORETICAL_PREMIUM_RECOGNITION,0.0
NI02OREINST2021,DERECOGNITION_ASSET_ACQ_CF_BF_INIT_RECOG,0.0
NI02OREINST2021,ACTUAL_COMMISSION_CF_PAST_SERVICE,0.0
NI02OREINST2021,ACTUAL_COMMISSION_CF_FUTURE_SERVICE,0.0
NI02OREINST2021,RE_RISK_MITIGATION_PNL,0.0
NI02OREINST2021,ACTUAL_PREMIUM_CF_CURRENT_SERVICE,0.0
NI02OREINST2021,ACTUAL_ACQUISITION_CF_CURRENT_SERVICE,0.0
NI02OREINST2021,ACTUAL_COMMISSION_CF_CURRENT_SERVICE,0.0
NI02OREINST2021,DERECOGNITION_ASSET_OTHER_CF_BF_INIT_RECOG,0.0
NI02OREINST2022,ACTUAL_PREMIUM_CF_PAST_SERVICE,0.0
NI02OREINST2022,ACTUAL_PREMIUM_CF_FUTURE_SERVICE,8562071.826786213
NI02OREINST2022,ACTUAL_ACQUISITION_CF_PAST_SERVICE,0.0
NI02OREINST2022,ACTUAL_ACQUISITION_CF_FUTURE_SERVICE,2996725.1379785296
NI02OREINST2022,ACTUAL_INV_COMP_PAYABLE,4706415.087991271
NI02OREINST2022,ACTUAL_CHANGE_FV_FINANCIAL_UNDERLYING_ITEMS,0.0
NI02OREINST2022,ACTUAL_CHANGE_FV_TECHNICAL_UNDERLYING_ITEMS,0.0
NI02OREINST2022,FIN_RISK_MITIGATION,0.0
NI02OREINST2022,RE_RISK_MITIGATION,0.0
NI02OREINST2022,ACTUAL_COVERAGE_UNIT,0.0
NI02OREINST2022,THEORETICAL_PREMIUM_DERECOGNITION_LRC,0.0
NI02OREINST2022,THEORETICAL_PREMIUM_DERECOGNITION_LIC,0.0
NI02OREINST2022,THEORETICAL_PREMIUM_RECOGNITION,0.0
NI02OREINST2022,DERECOGNITION_ASSET_ACQ_CF_BF_INIT_RECOG,0.0
NI02OREINST2022,ACTUAL_COMMISSION_CF_PAST_SERVICE,0.0
NI02OREINST2022,ACTUAL_COMMISSION_CF_FUTURE_SERVICE,0.0
NI02OREINST2022,RE_RISK_MITIGATION_PNL,0.0
NI02OREINST2022,ACTUAL_PREMIUM_CF_CURRENT_SERVICE,0.0
NI02OREINST2022,ACTUAL_ACQUISITION_CF_CURRENT_SERVICE,0.0
NI02OREINST2022,ACTUAL_COMMISSION_CF_CURRENT_SERVICE,0.0
NI02OREINST2022,DERECOGNITION_ASSET_OTHER_CF_BF_INIT_RECOG,0.0
NI02PREINST2021,ACTUAL_PREMIUM_CF_PAST_SERVICE,0.0
NI02PREINST2021,ACTUAL_PREMIUM_CF_FUTURE_SERVICE,0.0
NI02PREINST2021,ACTUAL_ACQUISITION_CF_PAST_SERVICE,0.0
NI02PREINST2021,ACTUAL_ACQUISITION_CF_FUTURE_SERVICE,0.0
NI02PREINST2021,ACTUAL_INV_COMP_PAYABLE,3116084.706454947
NI02PREINST2021,ACTUAL_CHANGE_FV_FINANCIAL_UNDERLYING_ITEMS,0.0
NI02PREINST2021,ACTUAL_CHANGE_FV_TECHNICAL_UNDERLYING_ITEMS,0.0
NI02PREINST2021,FIN_RISK_MITIGATION,0.0
NI02PREINST2021,RE_RISK_MITIGATION,0.0
NI02PREINST2021,ACTUAL_COVERAGE_UNIT,0.0
NI02PREINST2021,THEORETICAL_PREMIUM_DERECOGNITION_LRC,0.0
NI02PREINST2021,THEORETICAL_PREMIUM_DERECOGNITION_LIC,0.0
NI02PREINST2021,THEORETICAL_PREMIUM_RECOGNITION,0.0
NI02PREINST2021,DERECOGNITION_ASSET_ACQ_CF_BF_INIT_RECOG,0.0
NI02PREINST2021,ACTUAL_COMMISSION_CF_PAST_SERVICE,0.0
NI02PREINST2021,ACTUAL_COMMISSION_CF_FUTURE_SERVICE,0.0
NI02PREINST2021,RE_RISK_MITIGATION_PNL,0.0
NI02PREINST2021,ACTUAL_PREMIUM_CF_CURRENT_SERVICE,0.0
NI02PREINST2021,ACTUAL_ACQUISITION_CF_CURRENT_SERVICE,0.0
NI02PREINST2021,ACTUAL_COMMISSION_CF_CURRENT_SERVICE,0.0
NI02PREINST2021,DERECOGNITION_ASSET_OTHER_CF_BF_INIT_RECOG,0.0
NI02PREINST2022,ACTUAL_PREMIUM_CF_PAST_SERVICE,0.0
NI02PREINST2022,ACTUAL_PREMIUM_CF_FUTURE_SERVICE,633616.0632137894
NI02PREINST2022,ACTUAL_ACQUISITION_CF_PAST_SERVICE,0.0
NI02PREINST2022,ACTUAL_ACQUISITION_CF_FUTURE_SERVICE,221765.62202147086
NI02PREINST2022,ACTUAL_INV_COMP_PAYABLE,4745540.421324605
NI02PREINST2022,ACTUAL_CHANGE_FV_FINANCIAL_UNDERLYING_ITEMS,0.0
NI02PREINST2022,ACTUAL_CHANGE_FV_TECHNICAL_UNDERLYING_ITEMS,0.0
NI02PREINST2022,FIN_RISK_MITIGATION,0.0
NI02PREINST2022,RE_RISK_MITIGATION,0.0
NI02PREINST2022,ACTUAL_COVERAGE_UNIT,0.0
NI02PREINST2022,THEORETICAL_PREMIUM_DERECOGNITION_LRC,0.0
NI02PREINST2022,THEORETICAL_PREMIUM_DERECOGNITION_LIC,0.0
NI02PREINST2022,THEORETICAL_PREMIUM_RECOGNITION,0.0
NI02PREINST2022,DERECOGNITION_ASSET_ACQ_CF_BF_INIT_RECOG,0.0
NI02PREINST2022,ACTUAL_COMMISSION_CF_PAST_SERVICE,0.0
NI02PREINST2022,ACTUAL_COMMISSION_CF_FUTURE_SERVICE,0.0
NI02PREINST2022,RE_RISK_MITIGATION_PNL,0.0
NI02PREINST2022,ACTUAL_PREMIUM_CF_CURRENT_SERVICE,0.0
NI02PREINST2022,ACTUAL_ACQUISITION_CF_CURRENT_SERVICE,0.0
NI02PREINST2022,ACTUAL_COMMISSION_CF_CURRENT_SERVICE,0.0
NI02PREINST2022,DERECOGNITION_ASSET_OTHER_CF_BF_INIT_RECOG,0.0
