GOC_ID,VARIABLE_NAME,1
NI02OAIPLAN2021,ACTUAL_PREMIUM_CF_PAST_SERVICE,0.0
NI02OAIPLAN2021,ACTUAL_PREMIUM_CF_FUTURE_SERVICE,0.0
NI02OAIPLAN2021,ACTUAL_ACQUISITION_CF_PAST_SERVICE,0.0
NI02OAIPLAN2021,ACTUAL_ACQUISITION_CF_FUTURE_SERVICE,0.0
NI02OAIPLAN2021,ACTUAL_INV_COMP_PAYABLE,0.0
NI02OAIPLAN2021,ACTUAL_CHANGE_FV_FINANCIAL_UNDERLYING_ITEMS,0.0
NI02OAIPLAN2021,ACTUAL_CHANGE_FV_TECHNICAL_UNDERLYING_ITEMS,0.0
NI02OAIPLAN2021,FIN_RISK_MITIGATION,0.0
NI02OAIPLAN2021,RE_RISK_MITIGATION,0.0
NI02OAIPLAN2021,ACTUAL_COVERAGE_UNIT,0.0
NI02OAIPLAN2021,THEORETICAL_PREMIUM_DERECOGNITION_LRC,0.0
NI02OAIPLAN2021,THEORETICAL_PREMIUM_DERECOGNITION_LIC,0.0
NI02OAIPLAN2021,THEORETICAL_PREMIUM_RECOGNITION,0.0
NI02OAIPLAN2021,DERECOGNITION_ASSET_ACQ_CF_BF_INIT_RECOG,0.0
NI02OAIPLAN2021,ACTUAL_COMMISSION_CF_PAST_SERVICE,0.0
NI02OAIPLAN2021,ACTUAL_COMMISSION_CF_FUTURE_SERVICE,0.0
NI02OAIPLAN2021,RE_RISK_MITIGATION_PNL,0.0
NI02OAIPLAN2021,ACTUAL_PREMIUM_CF_CURRENT_SERVICE,0.0
NI02OAIPLAN2021,ACTUAL_ACQUISITION_CF_CURRENT_SERVICE,74017425.85999995
NI02OAIPLAN2021,ACTUAL_COMMISSION_CF_CURRENT_SERVICE,0.0
NI02OAIPLAN2021,DERECOGNITION_ASSET_OTHER_CF_BF_INIT_RECOG,0.0
NI02OAIPLAN2022,ACTUAL_PREMIUM_CF_PAST_SERVICE,0.0
NI02OAIPLAN2022,ACTUAL_PREMIUM_CF_FUTURE_SERVICE,0.0
NI02OAIPLAN2022,ACTUAL_ACQUISITION_CF_PAST_SERVICE,0.0
NI02OAIPLAN2022,ACTUAL_ACQUISITION_CF_FUTURE_SERVICE,0.0
NI02OAIPLAN2022,ACTUAL_INV_COMP_PAYABLE,0.0
NI02OAIPLAN2022,ACTUAL_CHANGE_FV_FINANCIAL_UNDERLYING_ITEMS,0.0
NI02OAIPLAN2022,ACTUAL_CHANGE_FV_TECHNICAL_UNDERLYING_ITEMS,0.0
NI02OAIPLAN2022,FIN_RISK_MITIGATION,0.0
NI02OAIPLAN2022,RE_RISK_MITIGATION,0.0
NI02OAIPLAN2022,ACTUAL_COVERAGE_UNIT,0.0
NI02OAIPLAN2022,THEORETICAL_PREMIUM_DERECOGNITION_LRC,0.0
NI02OAIPLAN2022,THEORETICAL_PREMIUM_DERECOGNITION_LIC,0.0
NI02OAIPLAN2022,THEORETICAL_PREMIUM_RECOGNITION,0.0
NI02OAIPLAN2022,DERECOGNITION_ASSET_ACQ_CF_BF_INIT_RECOG,0.0
NI02OAIPLAN2022,ACTUAL_COMMISSION_CF_PAST_SERVICE,0.0
NI02OAIPLAN2022,ACTUAL_COMMISSION_CF_FUTURE_SERVICE,0.0
NI02OAIPLAN2022,RE_RISK_MITIGATION_PNL,0.0
NI02OAIPLAN2022,ACTUAL_PREMIUM_CF_CURRENT_SERVICE,86690452.17399998
NI02OAIPLAN2022,ACTUAL_ACQUISITION_CF_CURRENT_SERVICE,0.0
NI02OAIPLAN2022,ACTUAL_COMMISSION_CF_CURRENT_SERVICE,0.0
NI02OAIPLAN2022,DERECOGNITION_ASSET_OTHER_CF_BF_INIT_RECOG,0.0
NI02PCLBRTE2021,ACTUAL_PREMIUM_CF_PAST_SERVICE,0.0
NI02PCLBRTE2021,ACTUAL_PREMIUM_CF_FUTURE_SERVICE,0.0
NI02PCLBRTE2021,ACTUAL_ACQUISITION_CF_PAST_SERVICE,0.0
NI02PCLBRTE2021,ACTUAL_ACQUISITION_CF_FUTURE_SERVICE,0.0
NI02PCLBRTE2021,ACTUAL_INV_COMP_PAYABLE,5924179.7098348215
NI02PCLBRTE2021,ACTUAL_CHANGE_FV_FINANCIAL_UNDERLYING_ITEMS,0.0
NI02PCLBRTE2021,ACTUAL_CHANGE_FV_TECHNICAL_UNDERLYING_ITEMS,0.0
NI02PCLBRTE2021,FIN_RISK_MITIGATION,0.0
NI02PCLBRTE2021,RE_RISK_MITIGATION,0.0
NI02PCLBRTE2021,ACTUAL_COVERAGE_UNIT,0.0
NI02PCLBRTE2021,THEORETICAL_PREMIUM_DERECOGNITION_LRC,0.0
NI02PCLBRTE2021,THEORETICAL_PREMIUM_DERECOGNITION_LIC,0.0
NI02PCLBRTE2021,THEORETICAL_PREMIUM_RECOGNITION,0.0
NI02PCLBRTE2021,DERECOGNITION_ASSET_ACQ_CF_BF_INIT_RECOG,0.0
NI02PCLBRTE2021,ACTUAL_COMMISSION_CF_PAST_SERVICE,0.0
NI02PCLBRTE2021,ACTUAL_COMMISSION_CF_FUTURE_SERVICE,0.0
NI02PCLBRTE2021,RE_RISK_MITIGATION_PNL,0.0
NI02PCLBRTE2021,ACTUAL_PREMIUM_CF_CURRENT_SERVICE,0.0
NI02PCLBRTE2021,ACTUAL_ACQUISITION_CF_CURRENT_SERVICE,710778893.2479999
NI02PCLBRTE2021,ACTUAL_COMMISSION_CF_CURRENT_SERVICE,0.0
NI02PCLBRTE2021,DERECOGNITION_ASSET_OTHER_CF_BF_INIT_RECOG,0.0
NI02OCLBRTE2022,ACTUAL_PREMIUM_CF_PAST_SERVICE,0.0
NI02OCLBRTE2022,ACTUAL_PREMIUM_CF_FUTURE_SERVICE,0.0
NI02OCLBRTE2022,ACTUAL_ACQUISITION_CF_PAST_SERVICE,0.0
NI02OCLBRTE2022,ACTUAL_ACQUISITION_CF_FUTURE_SERVICE,0.0
NI02OCLBRTE2022,ACTUAL_INV_COMP_PAYABLE,0.0
NI02OCLBRTE2022,ACTUAL_CHANGE_FV_FINANCIAL_UNDERLYING_ITEMS,0.0
NI02OCLBRTE2022,ACTUAL_CHANGE_FV_TECHNICAL_UNDERLYING_ITEMS,0.0
NI02OCLBRTE2022,FIN_RISK_MITIGATION,0.0
NI02OCLBRTE2022,RE_RISK_MITIGATION,0.0
NI02OCLBRTE2022,ACTUAL_COVERAGE_UNIT,0.0
NI02OCLBRTE2022,THEORETICAL_PREMIUM_DERECOGNITION_LRC,0.0
NI02OCLBRTE2022,THEORETICAL_PREMIUM_DERECOGNITION_LIC,0.0
NI02OCLBRTE2022,THEORETICAL_PREMIUM_RECOGNITION,0.0
NI02OCLBRTE2022,DERECOGNITION_ASSET_ACQ_CF_BF_INIT_RECOG,0.0
NI02OCLBRTE2022,ACTUAL_COMMISSION_CF_PAST_SERVICE,0.0
NI02OCLBRTE2022,ACTUAL_COMMISSION_CF_FUTURE_SERVICE,0.0
NI02OCLBRTE2022,RE_RISK_MITIGATION_PNL,0.0
NI02OCLBRTE2022,ACTUAL_PREMIUM_CF_CURRENT_SERVICE,1210060.78
NI02OCLBRTE2022,ACTUAL_ACQUISITION_CF_CURRENT_SERVICE,0.0
NI02OCLBRTE2022,ACTUAL_COMMISSION_CF_CURRENT_SERVICE,0.0
NI02OCLBRTE2022,DERECOGNITION_ASSET_OTHER_CF_BF_INIT_RECOG,0.0
NI02PCLBRTE2022,ACTUAL_PREMIUM_CF_PAST_SERVICE,0.0
NI02PCLBRTE2022,ACTUAL_PREMIUM_CF_FUTURE_SERVICE,0.0
NI02PCLBRTE2022,ACTUAL_ACQUISITION_CF_PAST_SERVICE,0.0
NI02PCLBRTE2022,ACTUAL_ACQUISITION_CF_FUTURE_SERVICE,0.0
NI02PCLBRTE2022,ACTUAL_INV_COMP_PAYABLE,0.0
NI02PCLBRTE2022,ACTUAL_CHANGE_FV_FINANCIAL_UNDERLYING_ITEMS,0.0
NI02PCLBRTE2022,ACTUAL_CHANGE_FV_TECHNICAL_UNDERLYING_ITEMS,0.0
NI02PCLBRTE2022,FIN_RISK_MITIGATION,0.0
NI02PCLBRTE2022,RE_RISK_MITIGATION,0.0
NI02PCLBRTE2022,ACTUAL_COVERAGE_UNIT,0.0
NI02PCLBRTE2022,THEORETICAL_PREMIUM_DERECOGNITION_LRC,0.0
NI02PCLBRTE2022,THEORETICAL_PREMIUM_DERECOGNITION_LIC,0.0
NI02PCLBRTE2022,THEORETICAL_PREMIUM_RECOGNITION,0.0
NI02PCLBRTE2022,DERECOGNITION_ASSET_ACQ_CF_BF_INIT_RECOG,0.0
NI02PCLBRTE2022,ACTUAL_COMMISSION_CF_PAST_SERVICE,0.0
NI02PCLBRTE2022,ACTUAL_COMMISSION_CF_FUTURE_SERVICE,0.0
NI02PCLBRTE2022,RE_RISK_MITIGATION_PNL,0.0
NI02PCLBRTE2022,ACTUAL_PREMIUM_CF_CURRENT_SERVICE,0.0
NI02PCLBRTE2022,ACTUAL_ACQUISITION_CF_CURRENT_SERVICE,0.0
NI02PCLBRTE2022,ACTUAL_COMMISSION_CF_CURRENT_SERVICE,0.0
NI02PCLBRTE2022,DERECOGNITION_ASSET_OTHER_CF_BF_INIT_RECOG,0.0
NI02OEDPLAN2021,ACTUAL_PREMIUM_CF_PAST_SERVICE,0.0
NI02OEDPLAN2021,ACTUAL_PREMIUM_CF_FUTURE_SERVICE,0.0
NI02OEDPLAN2021,ACTUAL_ACQUISITION_CF_PAST_SERVICE,0.0
NI02OEDPLAN2021,ACTUAL_ACQUISITION_CF_FUTURE_SERVICE,0.0
NI02OEDPLAN2021,ACTUAL_INV_COMP_PAYABLE,0.0
NI02OEDPLAN2021,ACTUAL_CHANGE_FV_FINANCIAL_UNDERLYING_ITEMS,0.0
NI02OEDPLAN2021,ACTUAL_CHANGE_FV_TECHNICAL_UNDERLYING_ITEMS,0.0
NI02OEDPLAN2021,FIN_RISK_MITIGATION,0.0
NI02OEDPLAN2021,RE_RISK_MITIGATION,0.0
NI02OEDPLAN2021,ACTUAL_COVERAGE_UNIT,0.0
NI02OEDPLAN2021,THEORETICAL_PREMIUM_DERECOGNITION_LRC,0.0
NI02OEDPLAN2021,THEORETICAL_PREMIUM_DERECOGNITION_LIC,0.0
NI02OEDPLAN2021,THEORETICAL_PREMIUM_RECOGNITION,0.0
NI02OEDPLAN2021,DERECOGNITION_ASSET_ACQ_CF_BF_INIT_RECOG,0.0
NI02OEDPLAN2021,ACTUAL_COMMISSION_CF_PAST_SERVICE,0.0
NI02OEDPLAN2021,ACTUAL_COMMISSION_CF_FUTURE_SERVICE,0.0
NI02OEDPLAN2021,RE_RISK_MITIGATION_PNL,0.0
NI02OEDPLAN2021,ACTUAL_PREMIUM_CF_CURRENT_SERVICE,0.0
NI02OEDPLAN2021,ACTUAL_ACQUISITION_CF_CURRENT_SERVICE,412544195.4699999
NI02OEDPLAN2021,ACTUAL_COMMISSION_CF_CURRENT_SERVICE,0.0
NI02OEDPLAN2021,DERECOGNITION_ASSET_OTHER_CF_BF_INIT_RECOG,0.0
NI02OEDPLAN2022,ACTUAL_PREMIUM_CF_PAST_SERVICE,0.0
NI02OEDPLAN2022,ACTUAL_PREMIUM_CF_FUTURE_SERVICE,0.0
NI02OEDPLAN2022,ACTUAL_ACQUISITION_CF_PAST_SERVICE,0.0
NI02OEDPLAN2022,ACTUAL_ACQUISITION_CF_FUTURE_SERVICE,0.0
NI02OEDPLAN2022,ACTUAL_INV_COMP_PAYABLE,0.0
NI02OEDPLAN2022,ACTUAL_CHANGE_FV_FINANCIAL_UNDERLYING_ITEMS,0.0
NI02OEDPLAN2022,ACTUAL_CHANGE_FV_TECHNICAL_UNDERLYING_ITEMS,0.0
NI02OEDPLAN2022,FIN_RISK_MITIGATION,0.0
NI02OEDPLAN2022,RE_RISK_MITIGATION,0.0
NI02OEDPLAN2022,ACTUAL_COVERAGE_UNIT,0.0
NI02OEDPLAN2022,THEORETICAL_PREMIUM_DERECOGNITION_LRC,0.0
NI02OEDPLAN2022,THEORETICAL_PREMIUM_DERECOGNITION_LIC,0.0
NI02OEDPLAN2022,THEORETICAL_PREMIUM_RECOGNITION,0.0
NI02OEDPLAN2022,DERECOGNITION_ASSET_ACQ_CF_BF_INIT_RECOG,0.0
NI02OEDPLAN2022,ACTUAL_COMMISSION_CF_PAST_SERVICE,0.0
NI02OEDPLAN2022,ACTUAL_COMMISSION_CF_FUTURE_SERVICE,0.0
NI02OEDPLAN2022,RE_RISK_MITIGATION_PNL,0.0
NI02OEDPLAN2022,ACTUAL_PREMIUM_CF_CURRENT_SERVICE,79802781.484
NI02OEDPLAN2022,ACTUAL_ACQUISITION_CF_CURRENT_SERVICE,0.0
NI02OEDPLAN2022,ACTUAL_COMMISSION_CF_CURRENT_SERVICE,0.0
NI02OEDPLAN2022,DERECOGNITION_ASSET_OTHER_CF_BF_INIT_RECOG,0.0
NI02PEDPLAN2022,ACTUAL_PREMIUM_CF_PAST_SERVICE,0.0
NI02PEDPLAN2022,ACTUAL_PREMIUM_CF_FUTURE_SERVICE,0.0
NI02PEDPLAN2022,ACTUAL_ACQUISITION_CF_PAST_SERVICE,0.0
NI02PEDPLAN2022,ACTUAL_ACQUISITION_CF_FUTURE_SERVICE,0.0
NI02PEDPLAN2022,ACTUAL_INV_COMP_PAYABLE,0.0
NI02PEDPLAN2022,ACTUAL_CHANGE_FV_FINANCIAL_UNDERLYING_ITEMS,0.0
NI02PEDPLAN2022,ACTUAL_CHANGE_FV_TECHNICAL_UNDERLYING_ITEMS,0.0
NI02PEDPLAN2022,FIN_RISK_MITIGATION,0.0
NI02PEDPLAN2022,RE_RISK_MITIGATION,0.0
NI02PEDPLAN2022,ACTUAL_COVERAGE_UNIT,0.0
NI02PEDPLAN2022,THEORETICAL_PREMIUM_DERECOGNITION_LRC,0.0
NI02PEDPLAN2022,THEORETICAL_PREMIUM_DERECOGNITION_LIC,0.0
NI02PEDPLAN2022,THEORETICAL_PREMIUM_RECOGNITION,0.0
NI02PEDPLAN2022,DERECOGNITION_ASSET_ACQ_CF_BF_INIT_RECOG,0.0
NI02PEDPLAN2022,ACTUAL_COMMISSION_CF_PAST_SERVICE,0.0
NI02PEDPLAN2022,ACTUAL_COMMISSION_CF_FUTURE_SERVICE,0.0
NI02PEDPLAN2022,RE_RISK_MITIGATION_PNL,0.0
NI02PEDPLAN2022,ACTUAL_PREMIUM_CF_CURRENT_SERVICE,0.0
NI02PEDPLAN2022,ACTUAL_ACQUISITION_CF_CURRENT_SERVICE,0.0
NI02PEDPLAN2022,ACTUAL_COMMISSION_CF_CURRENT_SERVICE,0.0
NI02PEDPLAN2022,DERECOGNITION_ASSET_OTHER_CF_BF_INIT_RECOG,0.0
NI02PEDUPOL2021,ACTUAL_PREMIUM_CF_PAST_SERVICE,0.0
NI02PEDUPOL2021,ACTUAL_PREMIUM_CF_FUTURE_SERVICE,0.0
NI02PEDUPOL2021,ACTUAL_ACQUISITION_CF_PAST_SERVICE,0.0
NI02PEDUPOL2021,ACTUAL_ACQUISITION_CF_FUTURE_SERVICE,0.0
NI02PEDUPOL2021,ACTUAL_INV_COMP_PAYABLE,0.0
NI02PEDUPOL2021,ACTUAL_CHANGE_FV_FINANCIAL_UNDERLYING_ITEMS,0.0
NI02PEDUPOL2021,ACTUAL_CHANGE_FV_TECHNICAL_UNDERLYING_ITEMS,0.0
NI02PEDUPOL2021,FIN_RISK_MITIGATION,0.0
NI02PEDUPOL2021,RE_RISK_MITIGATION,0.0
NI02PEDUPOL2021,ACTUAL_COVERAGE_UNIT,0.0
NI02PEDUPOL2021,THEORETICAL_PREMIUM_DERECOGNITION_LRC,0.0
NI02PEDUPOL2021,THEORETICAL_PREMIUM_DERECOGNITION_LIC,0.0
NI02PEDUPOL2021,THEORETICAL_PREMIUM_RECOGNITION,0.0
NI02PEDUPOL2021,DERECOGNITION_ASSET_ACQ_CF_BF_INIT_RECOG,0.0
NI02PEDUPOL2021,ACTUAL_COMMISSION_CF_PAST_SERVICE,0.0
NI02PEDUPOL2021,ACTUAL_COMMISSION_CF_FUTURE_SERVICE,0.0
NI02PEDUPOL2021,RE_RISK_MITIGATION_PNL,0.0
NI02PEDUPOL2021,ACTUAL_PREMIUM_CF_CURRENT_SERVICE,0.0
NI02PEDUPOL2021,ACTUAL_ACQUISITION_CF_CURRENT_SERVICE,0.0
NI02PEDUPOL2021,ACTUAL_COMMISSION_CF_CURRENT_SERVICE,0.0
NI02PEDUPOL2021,DERECOGNITION_ASSET_OTHER_CF_BF_INIT_RECOG,0.0
NI02OEDUPOL2022,ACTUAL_PREMIUM_CF_PAST_SERVICE,0.0
NI02OEDUPOL2022,ACTUAL_PREMIUM_CF_FUTURE_SERVICE,0.0
NI02OEDUPOL2022,ACTUAL_ACQUISITION_CF_PAST_SERVICE,0.0
NI02OEDUPOL2022,ACTUAL_ACQUISITION_CF_FUTURE_SERVICE,0.0
NI02OEDUPOL2022,ACTUAL_INV_COMP_PAYABLE,0.0
NI02OEDUPOL2022,ACTUAL_CHANGE_FV_FINANCIAL_UNDERLYING_ITEMS,0.0
NI02OEDUPOL2022,ACTUAL_CHANGE_FV_TECHNICAL_UNDERLYING_ITEMS,0.0
NI02OEDUPOL2022,FIN_RISK_MITIGATION,0.0
NI02OEDUPOL2022,RE_RISK_MITIGATION,0.0
NI02OEDUPOL2022,ACTUAL_COVERAGE_UNIT,0.0
NI02OEDUPOL2022,THEORETICAL_PREMIUM_DERECOGNITION_LRC,0.0
NI02OEDUPOL2022,THEORETICAL_PREMIUM_DERECOGNITION_LIC,0.0
NI02OEDUPOL2022,THEORETICAL_PREMIUM_RECOGNITION,0.0
NI02OEDUPOL2022,DERECOGNITION_ASSET_ACQ_CF_BF_INIT_RECOG,0.0
NI02OEDUPOL2022,ACTUAL_COMMISSION_CF_PAST_SERVICE,0.0
NI02OEDUPOL2022,ACTUAL_COMMISSION_CF_FUTURE_SERVICE,0.0
NI02OEDUPOL2022,RE_RISK_MITIGATION_PNL,0.0
NI02OEDUPOL2022,ACTUAL_PREMIUM_CF_CURRENT_SERVICE,37500.0
NI02OEDUPOL2022,ACTUAL_ACQUISITION_CF_CURRENT_SERVICE,0.0
NI02OEDUPOL2022,ACTUAL_COMMISSION_CF_CURRENT_SERVICE,0.0
NI02OEDUPOL2022,DERECOGNITION_ASSET_OTHER_CF_BF_INIT_RECOG,0.0
NI02PEDUPOL2022,ACTUAL_PREMIUM_CF_PAST_SERVICE,0.0
NI02PEDUPOL2022,ACTUAL_PREMIUM_CF_FUTURE_SERVICE,0.0
NI02PEDUPOL2022,ACTUAL_ACQUISITION_CF_PAST_SERVICE,0.0
NI02PEDUPOL2022,ACTUAL_ACQUISITION_CF_FUTURE_SERVICE,0.0
NI02PEDUPOL2022,ACTUAL_INV_COMP_PAYABLE,0.0
NI02PEDUPOL2022,ACTUAL_CHANGE_FV_FINANCIAL_UNDERLYING_ITEMS,0.0
NI02PEDUPOL2022,ACTUAL_CHANGE_FV_TECHNICAL_UNDERLYING_ITEMS,0.0
NI02PEDUPOL2022,FIN_RISK_MITIGATION,0.0
NI02PEDUPOL2022,RE_RISK_MITIGATION,0.0
NI02PEDUPOL2022,ACTUAL_COVERAGE_UNIT,0.0
NI02PEDUPOL2022,THEORETICAL_PREMIUM_DERECOGNITION_LRC,0.0
NI02PEDUPOL2022,THEORETICAL_PREMIUM_DERECOGNITION_LIC,0.0
NI02PEDUPOL2022,THEORETICAL_PREMIUM_RECOGNITION,0.0
NI02PEDUPOL2022,DERECOGNITION_ASSET_ACQ_CF_BF_INIT_RECOG,0.0
NI02PEDUPOL2022,ACTUAL_COMMISSION_CF_PAST_SERVICE,0.0
NI02PEDUPOL2022,ACTUAL_COMMISSION_CF_FUTURE_SERVICE,0.0
NI02PEDUPOL2022,RE_RISK_MITIGATION_PNL,0.0
NI02PEDUPOL2022,ACTUAL_PREMIUM_CF_CURRENT_SERVICE,0.0
NI02PEDUPOL2022,ACTUAL_ACQUISITION_CF_CURRENT_SERVICE,0.0
NI02PEDUPOL2022,ACTUAL_COMMISSION_CF_CURRENT_SERVICE,0.0
NI02PEDUPOL2022,DERECOGNITION_ASSET_OTHER_CF_BF_INIT_RECOG,0.0
NI02OLIFESV2021,ACTUAL_PREMIUM_CF_PAST_SERVICE,0.0
NI02OLIFESV2021,ACTUAL_PREMIUM_CF_FUTURE_SERVICE,0.0
NI02OLIFESV2021,ACTUAL_ACQUISITION_CF_PAST_SERVICE,0.0
NI02OLIFESV2021,ACTUAL_ACQUISITION_CF_FUTURE_SERVICE,0.0
NI02OLIFESV2021,ACTUAL_INV_COMP_PAYABLE,-8431938.555666693
NI02OLIFESV2021,ACTUAL_CHANGE_FV_FINANCIAL_UNDERLYING_ITEMS,0.0
NI02OLIFESV2021,ACTUAL_CHANGE_FV_TECHNICAL_UNDERLYING_ITEMS,0.0
NI02OLIFESV2021,FIN_RISK_MITIGATION,0.0
NI02OLIFESV2021,RE_RISK_MITIGATION,0.0
NI02OLIFESV2021,ACTUAL_COVERAGE_UNIT,0.0
NI02OLIFESV2021,THEORETICAL_PREMIUM_DERECOGNITION_LRC,0.0
NI02OLIFESV2021,THEORETICAL_PREMIUM_DERECOGNITION_LIC,0.0
NI02OLIFESV2021,THEORETICAL_PREMIUM_RECOGNITION,0.0
NI02OLIFESV2021,DERECOGNITION_ASSET_ACQ_CF_BF_INIT_RECOG,0.0
NI02OLIFESV2021,ACTUAL_COMMISSION_CF_PAST_SERVICE,0.0
NI02OLIFESV2021,ACTUAL_COMMISSION_CF_FUTURE_SERVICE,0.0
NI02OLIFESV2021,RE_RISK_MITIGATION_PNL,0.0
NI02OLIFESV2021,ACTUAL_PREMIUM_CF_CURRENT_SERVICE,0.0
NI02OLIFESV2021,ACTUAL_ACQUISITION_CF_CURRENT_SERVICE,855725634.242
NI02OLIFESV2021,ACTUAL_COMMISSION_CF_CURRENT_SERVICE,0.0
NI02OLIFESV2021,DERECOGNITION_ASSET_OTHER_CF_BF_INIT_RECOG,0.0
NI02OLIFESV2022,ACTUAL_PREMIUM_CF_PAST_SERVICE,0.0
NI02OLIFESV2022,ACTUAL_PREMIUM_CF_FUTURE_SERVICE,0.0
NI02OLIFESV2022,ACTUAL_ACQUISITION_CF_PAST_SERVICE,0.0
NI02OLIFESV2022,ACTUAL_ACQUISITION_CF_FUTURE_SERVICE,0.0
NI02OLIFESV2022,ACTUAL_INV_COMP_PAYABLE,0.0
NI02OLIFESV2022,ACTUAL_CHANGE_FV_FINANCIAL_UNDERLYING_ITEMS,0.0
NI02OLIFESV2022,ACTUAL_CHANGE_FV_TECHNICAL_UNDERLYING_ITEMS,0.0
NI02OLIFESV2022,FIN_RISK_MITIGATION,0.0
NI02OLIFESV2022,RE_RISK_MITIGATION,0.0
NI02OLIFESV2022,ACTUAL_COVERAGE_UNIT,0.0
NI02OLIFESV2022,THEORETICAL_PREMIUM_DERECOGNITION_LRC,0.0
NI02OLIFESV2022,THEORETICAL_PREMIUM_DERECOGNITION_LIC,0.0
NI02OLIFESV2022,THEORETICAL_PREMIUM_RECOGNITION,0.0
NI02OLIFESV2022,DERECOGNITION_ASSET_ACQ_CF_BF_INIT_RECOG,0.0
NI02OLIFESV2022,ACTUAL_COMMISSION_CF_PAST_SERVICE,0.0
NI02OLIFESV2022,ACTUAL_COMMISSION_CF_FUTURE_SERVICE,0.0
NI02OLIFESV2022,RE_RISK_MITIGATION_PNL,0.0
NI02OLIFESV2022,ACTUAL_PREMIUM_CF_CURRENT_SERVICE,3129105763.8599997
NI02OLIFESV2022,ACTUAL_ACQUISITION_CF_CURRENT_SERVICE,0.0
NI02OLIFESV2022,ACTUAL_COMMISSION_CF_CURRENT_SERVICE,0.0
NI02OLIFESV2022,DERECOGNITION_ASSET_OTHER_CF_BF_INIT_RECOG,0.0
NI02OMORTGE2021,ACTUAL_PREMIUM_CF_PAST_SERVICE,0.0
NI02OMORTGE2021,ACTUAL_PREMIUM_CF_FUTURE_SERVICE,0.0
NI02OMORTGE2021,ACTUAL_ACQUISITION_CF_PAST_SERVICE,0.0
NI02OMORTGE2021,ACTUAL_ACQUISITION_CF_FUTURE_SERVICE,0.0
NI02OMORTGE2021,ACTUAL_INV_COMP_PAYABLE,0.0
NI02OMORTGE2021,ACTUAL_CHANGE_FV_FINANCIAL_UNDERLYING_ITEMS,0.0
NI02OMORTGE2021,ACTUAL_CHANGE_FV_TECHNICAL_UNDERLYING_ITEMS,0.0
NI02OMORTGE2021,FIN_RISK_MITIGATION,0.0
NI02OMORTGE2021,RE_RISK_MITIGATION,0.0
NI02OMORTGE2021,ACTUAL_COVERAGE_UNIT,0.0
NI02OMORTGE2021,THEORETICAL_PREMIUM_DERECOGNITION_LRC,0.0
NI02OMORTGE2021,THEORETICAL_PREMIUM_DERECOGNITION_LIC,0.0
NI02OMORTGE2021,THEORETICAL_PREMIUM_RECOGNITION,0.0
NI02OMORTGE2021,DERECOGNITION_ASSET_ACQ_CF_BF_INIT_RECOG,0.0
NI02OMORTGE2021,ACTUAL_COMMISSION_CF_PAST_SERVICE,0.0
NI02OMORTGE2021,ACTUAL_COMMISSION_CF_FUTURE_SERVICE,0.0
NI02OMORTGE2021,RE_RISK_MITIGATION_PNL,0.0
NI02OMORTGE2021,ACTUAL_PREMIUM_CF_CURRENT_SERVICE,0.0
NI02OMORTGE2021,ACTUAL_ACQUISITION_CF_CURRENT_SERVICE,1676794.031
NI02OMORTGE2021,ACTUAL_COMMISSION_CF_CURRENT_SERVICE,0.0
NI02OMORTGE2021,DERECOGNITION_ASSET_OTHER_CF_BF_INIT_RECOG,0.0
NI02PMORTGE2022,ACTUAL_PREMIUM_CF_PAST_SERVICE,0.0
NI02PMORTGE2022,ACTUAL_PREMIUM_CF_FUTURE_SERVICE,0.0
NI02PMORTGE2022,ACTUAL_ACQUISITION_CF_PAST_SERVICE,0.0
NI02PMORTGE2022,ACTUAL_ACQUISITION_CF_FUTURE_SERVICE,0.0
NI02PMORTGE2022,ACTUAL_INV_COMP_PAYABLE,0.0
NI02PMORTGE2022,ACTUAL_CHANGE_FV_FINANCIAL_UNDERLYING_ITEMS,0.0
NI02PMORTGE2022,ACTUAL_CHANGE_FV_TECHNICAL_UNDERLYING_ITEMS,0.0
NI02PMORTGE2022,FIN_RISK_MITIGATION,0.0
NI02PMORTGE2022,RE_RISK_MITIGATION,0.0
NI02PMORTGE2022,ACTUAL_COVERAGE_UNIT,0.0
NI02PMORTGE2022,THEORETICAL_PREMIUM_DERECOGNITION_LRC,0.0
NI02PMORTGE2022,THEORETICAL_PREMIUM_DERECOGNITION_LIC,0.0
NI02PMORTGE2022,THEORETICAL_PREMIUM_RECOGNITION,0.0
NI02PMORTGE2022,DERECOGNITION_ASSET_ACQ_CF_BF_INIT_RECOG,0.0
NI02PMORTGE2022,ACTUAL_COMMISSION_CF_PAST_SERVICE,0.0
NI02PMORTGE2022,ACTUAL_COMMISSION_CF_FUTURE_SERVICE,0.0
NI02PMORTGE2022,RE_RISK_MITIGATION_PNL,0.0
NI02PMORTGE2022,ACTUAL_PREMIUM_CF_CURRENT_SERVICE,30919846.112000007
NI02PMORTGE2022,ACTUAL_ACQUISITION_CF_CURRENT_SERVICE,0.0
NI02PMORTGE2022,ACTUAL_COMMISSION_CF_CURRENT_SERVICE,0.0
NI02PMORTGE2022,DERECOGNITION_ASSET_OTHER_CF_BF_INIT_RECOG,0.0
NI02PSMRTRE2021,ACTUAL_PREMIUM_CF_PAST_SERVICE,0.0
NI02PSMRTRE2021,ACTUAL_PREMIUM_CF_FUTURE_SERVICE,0.0
NI02PSMRTRE2021,ACTUAL_ACQUISITION_CF_PAST_SERVICE,0.0
NI02PSMRTRE2021,ACTUAL_ACQUISITION_CF_FUTURE_SERVICE,0.0
NI02PSMRTRE2021,ACTUAL_INV_COMP_PAYABLE,0.0
NI02PSMRTRE2021,ACTUAL_CHANGE_FV_FINANCIAL_UNDERLYING_ITEMS,0.0
NI02PSMRTRE2021,ACTUAL_CHANGE_FV_TECHNICAL_UNDERLYING_ITEMS,0.0
NI02PSMRTRE2021,FIN_RISK_MITIGATION,0.0
NI02PSMRTRE2021,RE_RISK_MITIGATION,0.0
NI02PSMRTRE2021,ACTUAL_COVERAGE_UNIT,0.0
NI02PSMRTRE2021,THEORETICAL_PREMIUM_DERECOGNITION_LRC,0.0
NI02PSMRTRE2021,THEORETICAL_PREMIUM_DERECOGNITION_LIC,0.0
NI02PSMRTRE2021,THEORETICAL_PREMIUM_RECOGNITION,0.0
NI02PSMRTRE2021,DERECOGNITION_ASSET_ACQ_CF_BF_INIT_RECOG,0.0
NI02PSMRTRE2021,ACTUAL_COMMISSION_CF_PAST_SERVICE,0.0
NI02PSMRTRE2021,ACTUAL_COMMISSION_CF_FUTURE_SERVICE,0.0
NI02PSMRTRE2021,RE_RISK_MITIGATION_PNL,0.0
NI02PSMRTRE2021,ACTUAL_PREMIUM_CF_CURRENT_SERVICE,0.0
NI02PSMRTRE2021,ACTUAL_ACQUISITION_CF_CURRENT_SERVICE,0.0
NI02PSMRTRE2021,ACTUAL_COMMISSION_CF_CURRENT_SERVICE,0.0
NI02PSMRTRE2021,DERECOGNITION_ASSET_OTHER_CF_BF_INIT_RECOG,0.0
NI02PWHLIFE2021,ACTUAL_PREMIUM_CF_PAST_SERVICE,0.0
NI02PWHLIFE2021,ACTUAL_PREMIUM_CF_FUTURE_SERVICE,0.0
NI02PWHLIFE2021,ACTUAL_ACQUISITION_CF_PAST_SERVICE,0.0
NI02PWHLIFE2021,ACTUAL_ACQUISITION_CF_FUTURE_SERVICE,0.0
NI02PWHLIFE2021,ACTUAL_INV_COMP_PAYABLE,5990399.07971599
NI02PWHLIFE2021,ACTUAL_CHANGE_FV_FINANCIAL_UNDERLYING_ITEMS,0.0
NI02PWHLIFE2021,ACTUAL_CHANGE_FV_TECHNICAL_UNDERLYING_ITEMS,0.0
NI02PWHLIFE2021,FIN_RISK_MITIGATION,0.0
NI02PWHLIFE2021,RE_RISK_MITIGATION,0.0
NI02PWHLIFE2021,ACTUAL_COVERAGE_UNIT,0.0
NI02PWHLIFE2021,THEORETICAL_PREMIUM_DERECOGNITION_LRC,0.0
NI02PWHLIFE2021,THEORETICAL_PREMIUM_DERECOGNITION_LIC,0.0
NI02PWHLIFE2021,THEORETICAL_PREMIUM_RECOGNITION,0.0
NI02PWHLIFE2021,DERECOGNITION_ASSET_ACQ_CF_BF_INIT_RECOG,0.0
NI02PWHLIFE2021,ACTUAL_COMMISSION_CF_PAST_SERVICE,0.0
NI02PWHLIFE2021,ACTUAL_COMMISSION_CF_FUTURE_SERVICE,0.0
NI02PWHLIFE2021,RE_RISK_MITIGATION_PNL,0.0
NI02PWHLIFE2021,ACTUAL_PREMIUM_CF_CURRENT_SERVICE,0.0
NI02PWHLIFE2021,ACTUAL_ACQUISITION_CF_CURRENT_SERVICE,0.0
NI02PWHLIFE2021,ACTUAL_COMMISSION_CF_CURRENT_SERVICE,0.0
NI02PWHLIFE2021,DERECOGNITION_ASSET_OTHER_CF_BF_INIT_RECOG,0.0
NI02OCRLIFE2021,ACTUAL_PREMIUM_CF_PAST_SERVICE,0.0
NI02OCRLIFE2021,ACTUAL_PREMIUM_CF_FUTURE_SERVICE,0.0
NI02OCRLIFE2021,ACTUAL_ACQUISITION_CF_PAST_SERVICE,0.0
NI02OCRLIFE2021,ACTUAL_ACQUISITION_CF_FUTURE_SERVICE,0.0
NI02OCRLIFE2021,ACTUAL_INV_COMP_PAYABLE,0.0
NI02OCRLIFE2021,ACTUAL_CHANGE_FV_FINANCIAL_UNDERLYING_ITEMS,0.0
NI02OCRLIFE2021,ACTUAL_CHANGE_FV_TECHNICAL_UNDERLYING_ITEMS,0.0
NI02OCRLIFE2021,FIN_RISK_MITIGATION,0.0
NI02OCRLIFE2021,RE_RISK_MITIGATION,0.0
NI02OCRLIFE2021,ACTUAL_COVERAGE_UNIT,0.0
NI02OCRLIFE2021,THEORETICAL_PREMIUM_DERECOGNITION_LRC,0.0
NI02OCRLIFE2021,THEORETICAL_PREMIUM_DERECOGNITION_LIC,0.0
NI02OCRLIFE2021,THEORETICAL_PREMIUM_RECOGNITION,0.0
NI02OCRLIFE2021,DERECOGNITION_ASSET_ACQ_CF_BF_INIT_RECOG,0.0
NI02OCRLIFE2021,ACTUAL_COMMISSION_CF_PAST_SERVICE,0.0
NI02OCRLIFE2021,ACTUAL_COMMISSION_CF_FUTURE_SERVICE,0.0
NI02OCRLIFE2021,RE_RISK_MITIGATION_PNL,0.0
NI02OCRLIFE2021,ACTUAL_PREMIUM_CF_CURRENT_SERVICE,0.0
NI02OCRLIFE2021,ACTUAL_ACQUISITION_CF_CURRENT_SERVICE,710778893.2479999
NI02OCRLIFE2021,ACTUAL_COMMISSION_CF_CURRENT_SERVICE,0.0
NI02OCRLIFE2021,DERECOGNITION_ASSET_OTHER_CF_BF_INIT_RECOG,0.0
NI02OCRLIFE2022,ACTUAL_PREMIUM_CF_PAST_SERVICE,0.0
NI02OCRLIFE2022,ACTUAL_PREMIUM_CF_FUTURE_SERVICE,0.0
NI02OCRLIFE2022,ACTUAL_ACQUISITION_CF_PAST_SERVICE,0.0
NI02OCRLIFE2022,ACTUAL_ACQUISITION_CF_FUTURE_SERVICE,0.0
NI02OCRLIFE2022,ACTUAL_INV_COMP_PAYABLE,0.0
NI02OCRLIFE2022,ACTUAL_CHANGE_FV_FINANCIAL_UNDERLYING_ITEMS,0.0
NI02OCRLIFE2022,ACTUAL_CHANGE_FV_TECHNICAL_UNDERLYING_ITEMS,0.0
NI02OCRLIFE2022,FIN_RISK_MITIGATION,0.0
NI02OCRLIFE2022,RE_RISK_MITIGATION,0.0
NI02OCRLIFE2022,ACTUAL_COVERAGE_UNIT,0.0
NI02OCRLIFE2022,THEORETICAL_PREMIUM_DERECOGNITION_LRC,0.0
NI02OCRLIFE2022,THEORETICAL_PREMIUM_DERECOGNITION_LIC,0.0
NI02OCRLIFE2022,THEORETICAL_PREMIUM_RECOGNITION,0.0
NI02OCRLIFE2022,DERECOGNITION_ASSET_ACQ_CF_BF_INIT_RECOG,0.0
NI02OCRLIFE2022,ACTUAL_COMMISSION_CF_PAST_SERVICE,0.0
NI02OCRLIFE2022,ACTUAL_COMMISSION_CF_FUTURE_SERVICE,0.0
NI02OCRLIFE2022,RE_RISK_MITIGATION_PNL,0.0
NI02OCRLIFE2022,ACTUAL_PREMIUM_CF_CURRENT_SERVICE,203287442.282
NI02OCRLIFE2022,ACTUAL_ACQUISITION_CF_CURRENT_SERVICE,0.0
NI02OCRLIFE2022,ACTUAL_COMMISSION_CF_CURRENT_SERVICE,0.0
NI02OCRLIFE2022,DERECOGNITION_ASSET_OTHER_CF_BF_INIT_RECOG,0.0
