GOC_ID,VARIABLE_NAME,1
NI02PREINST2021,ACTUAL_PREMIUM_CF_PAST_SERVICE,0.0
NI02PREINST2021,ACTUAL_PREMIUM_CF_FUTURE_SERVICE,0.0
NI02PREINST2021,ACTUAL_ACQUISITION_CF_PAST_SERVICE,0.0
NI02PREINST2021,ACTUAL_ACQUISITION_CF_FUTURE_SERVICE,0.0
NI02PREINST2021,ACTUAL_INV_COMP_PAYABLE,-915943.3089774845
NI02PREINST2021,ACTUAL_CHANGE_FV_FINANCIAL_UNDERLYING_ITEMS,0.0
NI02PREINST2021,ACTUAL_CHANGE_FV_TECHNICAL_UNDERLYING_ITEMS,0.0
NI02PREINST2021,FIN_RISK_MITIGATION,0.0
NI02PREINST2021,RE_RISK_MITIGATION,0.0
NI02PREINST2021,ACTUAL_COVERAGE_UNIT,0.0
NI02PREINST2021,THEORETICAL_PREMIUM_DERECOGNITION_LRC,0.0
NI02PREINST2021,THEORETICAL_PREMIUM_DERECOGNITION_LIC,0.0
NI02PREINST2021,THEORETICAL_PREMIUM_RECOGNITION,0.0
NI02PREINST2021,DERECOGNITION_ASSET_ACQ_CF_BF_INIT_RECOG,0.0
NI02PREINST2021,ACTUAL_COMMISSION_CF_PAST_SERVICE,0.0
NI02PREINST2021,ACTUAL_COMMISSION_CF_FUTURE_SERVICE,0.0
NI02PREINST2021,RE_RISK_MITIGATION_PNL,0.0
NI02PREINST2021,ACTUAL_PREMIUM_CF_CURRENT_SERVICE,0.0
NI02PREINST2021,ACTUAL_ACQUISITION_CF_CURRENT_SERVICE,0.0
NI02PREINST2021,ACTUAL_COMMISSION_CF_CURRENT_SERVICE,0.0
NI02PREINST2021,DERECOGNITION_ASSET_OTHER_CF_BF_INIT_RECOG,0.0
NI02PREINST2022,ACTUAL_PREMIUM_CF_PAST_SERVICE,0.0
NI02PREINST2022,ACTUAL_PREMIUM_CF_FUTURE_SERVICE,0.0
NI02PREINST2022,ACTUAL_ACQUISITION_CF_PAST_SERVICE,0.0
NI02PREINST2022,ACTUAL_ACQUISITION_CF_FUTURE_SERVICE,0.0
NI02PREINST2022,ACTUAL_INV_COMP_PAYABLE,0.0
NI02PREINST2022,ACTUAL_CHANGE_FV_FINANCIAL_UNDERLYING_ITEMS,0.0
NI02PREINST2022,ACTUAL_CHANGE_FV_TECHNICAL_UNDERLYING_ITEMS,0.0
NI02PREINST2022,FIN_RISK_MITIGATION,0.0
NI02PREINST2022,RE_RISK_MITIGATION,0.0
NI02PREINST2022,ACTUAL_COVERAGE_UNIT,0.0
NI02PREINST2022,THEORETICAL_PREMIUM_DERECOGNITION_LRC,0.0
NI02PREINST2022,THEORETICAL_PREMIUM_DERECOGNITION_LIC,0.0
NI02PREINST2022,THEORETICAL_PREMIUM_RECOGNITION,0.0
NI02PREINST2022,DERECOGNITION_ASSET_ACQ_CF_BF_INIT_RECOG,0.0
NI02PREINST2022,ACTUAL_COMMISSION_CF_PAST_SERVICE,0.0
NI02PREINST2022,ACTUAL_COMMISSION_CF_FUTURE_SERVICE,0.0
NI02PREINST2022,RE_RISK_MITIGATION_PNL,0.0
NI02PREINST2022,ACTUAL_PREMIUM_CF_CURRENT_SERVICE,0.0
NI02PREINST2022,ACTUAL_ACQUISITION_CF_CURRENT_SERVICE,0.0
NI02PREINST2022,ACTUAL_COMMISSION_CF_CURRENT_SERVICE,0.0
NI02PREINST2022,DERECOGNITION_ASSET_OTHER_CF_BF_INIT_RECOG,0.0
NI02PREINST2023,ACTUAL_PREMIUM_CF_PAST_SERVICE,0.0
NI02PREINST2023,ACTUAL_PREMIUM_CF_FUTURE_SERVICE,0.0
NI02PREINST2023,ACTUAL_ACQUISITION_CF_PAST_SERVICE,0.0
NI02PREINST2023,ACTUAL_ACQUISITION_CF_FUTURE_SERVICE,0.0
NI02PREINST2023,ACTUAL_INV_COMP_PAYABLE,0.0
NI02PREINST2023,ACTUAL_CHANGE_FV_FINANCIAL_UNDERLYING_ITEMS,0.0
NI02PREINST2023,ACTUAL_CHANGE_FV_TECHNICAL_UNDERLYING_ITEMS,0.0
NI02PREINST2023,FIN_RISK_MITIGATION,0.0
NI02PREINST2023,RE_RISK_MITIGATION,0.0
NI02PREINST2023,ACTUAL_COVERAGE_UNIT,0.0
NI02PREINST2023,THEORETICAL_PREMIUM_DERECOGNITION_LRC,0.0
NI02PREINST2023,THEORETICAL_PREMIUM_DERECOGNITION_LIC,0.0
NI02PREINST2023,THEORETICAL_PREMIUM_RECOGNITION,0.0
NI02PREINST2023,DERECOGNITION_ASSET_ACQ_CF_BF_INIT_RECOG,0.0
NI02PREINST2023,ACTUAL_COMMISSION_CF_PAST_SERVICE,0.0
NI02PREINST2023,ACTUAL_COMMISSION_CF_FUTURE_SERVICE,0.0
NI02PREINST2023,RE_RISK_MITIGATION_PNL,0.0
NI02PREINST2023,ACTUAL_PREMIUM_CF_CURRENT_SERVICE,0.0
NI02PREINST2023,ACTUAL_ACQUISITION_CF_CURRENT_SERVICE,0.0
NI02PREINST2023,ACTUAL_COMMISSION_CF_CURRENT_SERVICE,0.0
NI02PREINST2023,DERECOGNITION_ASSET_OTHER_CF_BF_INIT_RECOG,0.0
NI02PREINST2024,ACTUAL_PREMIUM_CF_PAST_SERVICE,0.0
NI02PREINST2024,ACTUAL_PREMIUM_CF_FUTURE_SERVICE,20180.16
NI02PREINST2024,ACTUAL_ACQUISITION_CF_PAST_SERVICE,0.0
NI02PREINST2024,ACTUAL_ACQUISITION_CF_FUTURE_SERVICE,6558.65
NI02PREINST2024,ACTUAL_INV_COMP_PAYABLE,0.0
NI02PREINST2024,ACTUAL_CHANGE_FV_FINANCIAL_UNDERLYING_ITEMS,0.0
NI02PREINST2024,ACTUAL_CHANGE_FV_TECHNICAL_UNDERLYING_ITEMS,0.0
NI02PREINST2024,FIN_RISK_MITIGATION,0.0
NI02PREINST2024,RE_RISK_MITIGATION,0.0
NI02PREINST2024,ACTUAL_COVERAGE_UNIT,0.0
NI02PREINST2024,THEORETICAL_PREMIUM_DERECOGNITION_LRC,0.0
NI02PREINST2024,THEORETICAL_PREMIUM_DERECOGNITION_LIC,0.0
NI02PREINST2024,THEORETICAL_PREMIUM_RECOGNITION,0.0
NI02PREINST2024,DERECOGNITION_ASSET_ACQ_CF_BF_INIT_RECOG,0.0
NI02PREINST2024,ACTUAL_COMMISSION_CF_PAST_SERVICE,0.0
NI02PREINST2024,ACTUAL_COMMISSION_CF_FUTURE_SERVICE,0.0
NI02PREINST2024,RE_RISK_MITIGATION_PNL,0.0
NI02PREINST2024,ACTUAL_PREMIUM_CF_CURRENT_SERVICE,0.0
NI02PREINST2024,ACTUAL_ACQUISITION_CF_CURRENT_SERVICE,0.0
NI02PREINST2024,ACTUAL_COMMISSION_CF_CURRENT_SERVICE,0.0
NI02PREINST2024,DERECOGNITION_ASSET_OTHER_CF_BF_INIT_RECOG,0.0
NI02OREINST2021,ACTUAL_PREMIUM_CF_PAST_SERVICE,0.0
NI02OREINST2021,ACTUAL_PREMIUM_CF_FUTURE_SERVICE,0.0
NI02OREINST2021,ACTUAL_ACQUISITION_CF_PAST_SERVICE,0.0
NI02OREINST2021,ACTUAL_ACQUISITION_CF_FUTURE_SERVICE,0.0
NI02OREINST2021,ACTUAL_INV_COMP_PAYABLE,0.0
NI02OREINST2021,ACTUAL_CHANGE_FV_FINANCIAL_UNDERLYING_ITEMS,0.0
NI02OREINST2021,ACTUAL_CHANGE_FV_TECHNICAL_UNDERLYING_ITEMS,0.0
NI02OREINST2021,FIN_RISK_MITIGATION,0.0
NI02OREINST2021,RE_RISK_MITIGATION,0.0
NI02OREINST2021,ACTUAL_COVERAGE_UNIT,0.0
NI02OREINST2021,THEORETICAL_PREMIUM_DERECOGNITION_LRC,0.0
NI02OREINST2021,THEORETICAL_PREMIUM_DERECOGNITION_LIC,0.0
NI02OREINST2021,THEORETICAL_PREMIUM_RECOGNITION,0.0
NI02OREINST2021,DERECOGNITION_ASSET_ACQ_CF_BF_INIT_RECOG,0.0
NI02OREINST2021,ACTUAL_COMMISSION_CF_PAST_SERVICE,0.0
NI02OREINST2021,ACTUAL_COMMISSION_CF_FUTURE_SERVICE,0.0
NI02OREINST2021,RE_RISK_MITIGATION_PNL,0.0
NI02OREINST2021,ACTUAL_PREMIUM_CF_CURRENT_SERVICE,0.0
NI02OREINST2021,ACTUAL_ACQUISITION_CF_CURRENT_SERVICE,0.0
NI02OREINST2021,ACTUAL_COMMISSION_CF_CURRENT_SERVICE,0.0
NI02OREINST2021,DERECOGNITION_ASSET_OTHER_CF_BF_INIT_RECOG,0.0
NI02OREINST2022,ACTUAL_PREMIUM_CF_PAST_SERVICE,0.0
NI02OREINST2022,ACTUAL_PREMIUM_CF_FUTURE_SERVICE,0.0
NI02OREINST2022,ACTUAL_ACQUISITION_CF_PAST_SERVICE,0.0
NI02OREINST2022,ACTUAL_ACQUISITION_CF_FUTURE_SERVICE,0.0
NI02OREINST2022,ACTUAL_INV_COMP_PAYABLE,0.0
NI02OREINST2022,ACTUAL_CHANGE_FV_FINANCIAL_UNDERLYING_ITEMS,0.0
NI02OREINST2022,ACTUAL_CHANGE_FV_TECHNICAL_UNDERLYING_ITEMS,0.0
NI02OREINST2022,FIN_RISK_MITIGATION,0.0
NI02OREINST2022,RE_RISK_MITIGATION,0.0
NI02OREINST2022,ACTUAL_COVERAGE_UNIT,0.0
NI02OREINST2022,THEORETICAL_PREMIUM_DERECOGNITION_LRC,0.0
NI02OREINST2022,THEORETICAL_PREMIUM_DERECOGNITION_LIC,0.0
NI02OREINST2022,THEORETICAL_PREMIUM_RECOGNITION,0.0
NI02OREINST2022,DERECOGNITION_ASSET_ACQ_CF_BF_INIT_RECOG,0.0
NI02OREINST2022,ACTUAL_COMMISSION_CF_PAST_SERVICE,0.0
NI02OREINST2022,ACTUAL_COMMISSION_CF_FUTURE_SERVICE,0.0
NI02OREINST2022,RE_RISK_MITIGATION_PNL,0.0
NI02OREINST2022,ACTUAL_PREMIUM_CF_CURRENT_SERVICE,0.0
NI02OREINST2022,ACTUAL_ACQUISITION_CF_CURRENT_SERVICE,0.0
NI02OREINST2022,ACTUAL_COMMISSION_CF_CURRENT_SERVICE,0.0
NI02OREINST2022,DERECOGNITION_ASSET_OTHER_CF_BF_INIT_RECOG,0.0
NI02OREINST2023,ACTUAL_PREMIUM_CF_PAST_SERVICE,0.0
NI02OREINST2023,ACTUAL_PREMIUM_CF_FUTURE_SERVICE,0.0
NI02OREINST2023,ACTUAL_ACQUISITION_CF_PAST_SERVICE,0.0
NI02OREINST2023,ACTUAL_ACQUISITION_CF_FUTURE_SERVICE,0.0
NI02OREINST2023,ACTUAL_INV_COMP_PAYABLE,0.0
NI02OREINST2023,ACTUAL_CHANGE_FV_FINANCIAL_UNDERLYING_ITEMS,0.0
NI02OREINST2023,ACTUAL_CHANGE_FV_TECHNICAL_UNDERLYING_ITEMS,0.0
NI02OREINST2023,FIN_RISK_MITIGATION,0.0
NI02OREINST2023,RE_RISK_MITIGATION,0.0
NI02OREINST2023,ACTUAL_COVERAGE_UNIT,0.0
NI02OREINST2023,THEORETICAL_PREMIUM_DERECOGNITION_LRC,0.0
NI02OREINST2023,THEORETICAL_PREMIUM_DERECOGNITION_LIC,0.0
NI02OREINST2023,THEORETICAL_PREMIUM_RECOGNITION,0.0
NI02OREINST2023,DERECOGNITION_ASSET_ACQ_CF_BF_INIT_RECOG,0.0
NI02OREINST2023,ACTUAL_COMMISSION_CF_PAST_SERVICE,0.0
NI02OREINST2023,ACTUAL_COMMISSION_CF_FUTURE_SERVICE,0.0
NI02OREINST2023,RE_RISK_MITIGATION_PNL,0.0
NI02OREINST2023,ACTUAL_PREMIUM_CF_CURRENT_SERVICE,0.0
NI02OREINST2023,ACTUAL_ACQUISITION_CF_CURRENT_SERVICE,0.0
NI02OREINST2023,ACTUAL_COMMISSION_CF_CURRENT_SERVICE,0.0
NI02OREINST2023,DERECOGNITION_ASSET_OTHER_CF_BF_INIT_RECOG,0.0
NI02OREINST2024,ACTUAL_PREMIUM_CF_PAST_SERVICE,0.0
NI02OREINST2024,ACTUAL_PREMIUM_CF_FUTURE_SERVICE,22321318.93
NI02OREINST2024,ACTUAL_ACQUISITION_CF_PAST_SERVICE,0.0
NI02OREINST2024,ACTUAL_ACQUISITION_CF_FUTURE_SERVICE,7254533.71
NI02OREINST2024,ACTUAL_INV_COMP_PAYABLE,0.0
NI02OREINST2024,ACTUAL_CHANGE_FV_FINANCIAL_UNDERLYING_ITEMS,0.0
NI02OREINST2024,ACTUAL_CHANGE_FV_TECHNICAL_UNDERLYING_ITEMS,0.0
NI02OREINST2024,FIN_RISK_MITIGATION,0.0
NI02OREINST2024,RE_RISK_MITIGATION,0.0
NI02OREINST2024,ACTUAL_COVERAGE_UNIT,0.0
NI02OREINST2024,THEORETICAL_PREMIUM_DERECOGNITION_LRC,0.0
NI02OREINST2024,THEORETICAL_PREMIUM_DERECOGNITION_LIC,0.0
NI02OREINST2024,THEORETICAL_PREMIUM_RECOGNITION,0.0
NI02OREINST2024,DERECOGNITION_ASSET_ACQ_CF_BF_INIT_RECOG,0.0
NI02OREINST2024,ACTUAL_COMMISSION_CF_PAST_SERVICE,0.0
NI02OREINST2024,ACTUAL_COMMISSION_CF_FUTURE_SERVICE,0.0
NI02OREINST2024,RE_RISK_MITIGATION_PNL,0.0
NI02OREINST2024,ACTUAL_PREMIUM_CF_CURRENT_SERVICE,0.0
NI02OREINST2024,ACTUAL_ACQUISITION_CF_CURRENT_SERVICE,0.0
NI02OREINST2024,ACTUAL_COMMISSION_CF_CURRENT_SERVICE,0.0
NI02OREINST2024,DERECOGNITION_ASSET_OTHER_CF_BF_INIT_RECOG,0.0
