GOC_ID,VARIABLE_NAME,1
NI02PMFUNDS2021,ACTUAL_PREMIUM_CF_PAST_SERVICE,0.0
NI02PMFUNDS2021,ACTUAL_PREMIUM_CF_FUTURE_SERVICE,0.0
NI02PMFUNDS2021,ACTUAL_ACQUISITION_CF_PAST_SERVICE,0.0
NI02PMFUNDS2021,ACTUAL_ACQUISITION_CF_FUTURE_SERVICE,0.0
NI02PMFUNDS2021,ACTUAL_INV_COMP_PAYABLE,0.0
NI02PMFUNDS2021,ACTUAL_CHANGE_FV_FINANCIAL_UNDERLYING_ITEMS,0.0
NI02PMFUNDS2021,ACTUAL_CHANGE_FV_TECHNICAL_UNDERLYING_ITEMS,0.0
NI02PMFUNDS2021,FIN_RISK_MITIGATION,0.0
NI02PMFUNDS2021,RE_RISK_MITIGATION,0.0
NI02PMFUNDS2021,ACTUAL_COVERAGE_UNIT,0.0
NI02PMFUNDS2021,THEORETICAL_PREMIUM_DERECOGNITION_LRC,0.0
NI02PMFUNDS2021,THEORETICAL_PREMIUM_DERECOGNITION_LIC,0.0
NI02PMFUNDS2021,THEORETICAL_PREMIUM_RECOGNITION,0.0
NI02PMFUNDS2021,DERECOGNITION_ASSET_ACQ_CF_BF_INIT_RECOG,0.0
NI02PMFUNDS2021,ACTUAL_COMMISSION_CF_PAST_SERVICE,0.0
NI02PMFUNDS2021,ACTUAL_COMMISSION_CF_FUTURE_SERVICE,0.0
NI02PMFUNDS2021,RE_RISK_MITIGATION_PNL,0.0
NI02PMFUNDS2021,ACTUAL_PREMIUM_CF_CURRENT_SERVICE,0.0
NI02PMFUNDS2021,ACTUAL_ACQUISITION_CF_CURRENT_SERVICE,0.0
NI02PMFUNDS2021,ACTUAL_COMMISSION_CF_CURRENT_SERVICE,0.0
NI02PMFUNDS2021,DERECOGNITION_ASSET_OTHER_CF_BF_INIT_RECOG,0.0
NI02OMFUNDS2023,ACTUAL_PREMIUM_CF_PAST_SERVICE,0.0
NI02OMFUNDS2023,ACTUAL_PREMIUM_CF_FUTURE_SERVICE,0.0
NI02OMFUNDS2023,ACTUAL_ACQUISITION_CF_PAST_SERVICE,0.0
NI02OMFUNDS2023,ACTUAL_ACQUISITION_CF_FUTURE_SERVICE,0.0
NI02OMFUNDS2023,ACTUAL_INV_COMP_PAYABLE,0.0
NI02OMFUNDS2023,ACTUAL_CHANGE_FV_FINANCIAL_UNDERLYING_ITEMS,0.0
NI02OMFUNDS2023,ACTUAL_CHANGE_FV_TECHNICAL_UNDERLYING_ITEMS,0.0
NI02OMFUNDS2023,FIN_RISK_MITIGATION,0.0
NI02OMFUNDS2023,RE_RISK_MITIGATION,0.0
NI02OMFUNDS2023,ACTUAL_COVERAGE_UNIT,0.0
NI02OMFUNDS2023,THEORETICAL_PREMIUM_DERECOGNITION_LRC,0.0
NI02OMFUNDS2023,THEORETICAL_PREMIUM_DERECOGNITION_LIC,0.0
NI02OMFUNDS2023,THEORETICAL_PREMIUM_RECOGNITION,0.0
NI02OMFUNDS2023,DERECOGNITION_ASSET_ACQ_CF_BF_INIT_RECOG,0.0
NI02OMFUNDS2023,ACTUAL_COMMISSION_CF_PAST_SERVICE,0.0
NI02OMFUNDS2023,ACTUAL_COMMISSION_CF_FUTURE_SERVICE,0.0
NI02OMFUNDS2023,RE_RISK_MITIGATION_PNL,0.0
NI02OMFUNDS2023,ACTUAL_PREMIUM_CF_CURRENT_SERVICE,0.0
NI02OMFUNDS2023,ACTUAL_ACQUISITION_CF_CURRENT_SERVICE,0.0
NI02OMFUNDS2023,ACTUAL_COMMISSION_CF_CURRENT_SERVICE,0.0
NI02OMFUNDS2023,DERECOGNITION_ASSET_OTHER_CF_BF_INIT_RECOG,0.0
NI02OMLPLAN2021,ACTUAL_PREMIUM_CF_PAST_SERVICE,0.0
NI02OMLPLAN2021,ACTUAL_PREMIUM_CF_FUTURE_SERVICE,0.0
NI02OMLPLAN2021,ACTUAL_ACQUISITION_CF_PAST_SERVICE,0.0
NI02OMLPLAN2021,ACTUAL_ACQUISITION_CF_FUTURE_SERVICE,0.0
NI02OMLPLAN2021,ACTUAL_INV_COMP_PAYABLE,0.0
NI02OMLPLAN2021,ACTUAL_CHANGE_FV_FINANCIAL_UNDERLYING_ITEMS,0.0
NI02OMLPLAN2021,ACTUAL_CHANGE_FV_TECHNICAL_UNDERLYING_ITEMS,0.0
NI02OMLPLAN2021,FIN_RISK_MITIGATION,0.0
NI02OMLPLAN2021,RE_RISK_MITIGATION,0.0
NI02OMLPLAN2021,ACTUAL_COVERAGE_UNIT,0.0
NI02OMLPLAN2021,THEORETICAL_PREMIUM_DERECOGNITION_LRC,0.0
NI02OMLPLAN2021,THEORETICAL_PREMIUM_DERECOGNITION_LIC,0.0
NI02OMLPLAN2021,THEORETICAL_PREMIUM_RECOGNITION,0.0
NI02OMLPLAN2021,DERECOGNITION_ASSET_ACQ_CF_BF_INIT_RECOG,0.0
NI02OMLPLAN2021,ACTUAL_COMMISSION_CF_PAST_SERVICE,0.0
NI02OMLPLAN2021,ACTUAL_COMMISSION_CF_FUTURE_SERVICE,0.0
NI02OMLPLAN2021,RE_RISK_MITIGATION_PNL,0.0
NI02OMLPLAN2021,ACTUAL_PREMIUM_CF_CURRENT_SERVICE,0.0
NI02OMLPLAN2021,ACTUAL_ACQUISITION_CF_CURRENT_SERVICE,0.0
NI02OMLPLAN2021,ACTUAL_COMMISSION_CF_CURRENT_SERVICE,0.0
NI02OMLPLAN2021,DERECOGNITION_ASSET_OTHER_CF_BF_INIT_RECOG,0.0
NI02OMLPLAN2022,ACTUAL_PREMIUM_CF_PAST_SERVICE,0.0
NI02OMLPLAN2022,ACTUAL_PREMIUM_CF_FUTURE_SERVICE,0.0
NI02OMLPLAN2022,ACTUAL_ACQUISITION_CF_PAST_SERVICE,0.0
NI02OMLPLAN2022,ACTUAL_ACQUISITION_CF_FUTURE_SERVICE,0.0
NI02OMLPLAN2022,ACTUAL_INV_COMP_PAYABLE,0.0
NI02OMLPLAN2022,ACTUAL_CHANGE_FV_FINANCIAL_UNDERLYING_ITEMS,0.0
NI02OMLPLAN2022,ACTUAL_CHANGE_FV_TECHNICAL_UNDERLYING_ITEMS,0.0
NI02OMLPLAN2022,FIN_RISK_MITIGATION,0.0
NI02OMLPLAN2022,RE_RISK_MITIGATION,0.0
NI02OMLPLAN2022,ACTUAL_COVERAGE_UNIT,0.0
NI02OMLPLAN2022,THEORETICAL_PREMIUM_DERECOGNITION_LRC,0.0
NI02OMLPLAN2022,THEORETICAL_PREMIUM_DERECOGNITION_LIC,0.0
NI02OMLPLAN2022,THEORETICAL_PREMIUM_RECOGNITION,0.0
NI02OMLPLAN2022,DERECOGNITION_ASSET_ACQ_CF_BF_INIT_RECOG,0.0
NI02OMLPLAN2022,ACTUAL_COMMISSION_CF_PAST_SERVICE,0.0
NI02OMLPLAN2022,ACTUAL_COMMISSION_CF_FUTURE_SERVICE,0.0
NI02OMLPLAN2022,RE_RISK_MITIGATION_PNL,0.0
NI02OMLPLAN2022,ACTUAL_PREMIUM_CF_CURRENT_SERVICE,0.0
NI02OMLPLAN2022,ACTUAL_ACQUISITION_CF_CURRENT_SERVICE,0.0
NI02OMLPLAN2022,ACTUAL_COMMISSION_CF_CURRENT_SERVICE,0.0
NI02OMLPLAN2022,DERECOGNITION_ASSET_OTHER_CF_BF_INIT_RECOG,0.0
NI02OMLPLAN2023,ACTUAL_PREMIUM_CF_PAST_SERVICE,0.0
NI02OMLPLAN2023,ACTUAL_PREMIUM_CF_FUTURE_SERVICE,0.0
NI02OMLPLAN2023,ACTUAL_ACQUISITION_CF_PAST_SERVICE,0.0
NI02OMLPLAN2023,ACTUAL_ACQUISITION_CF_FUTURE_SERVICE,0.0
NI02OMLPLAN2023,ACTUAL_INV_COMP_PAYABLE,0.0
NI02OMLPLAN2023,ACTUAL_CHANGE_FV_FINANCIAL_UNDERLYING_ITEMS,0.0
NI02OMLPLAN2023,ACTUAL_CHANGE_FV_TECHNICAL_UNDERLYING_ITEMS,0.0
NI02OMLPLAN2023,FIN_RISK_MITIGATION,0.0
NI02OMLPLAN2023,RE_RISK_MITIGATION,0.0
NI02OMLPLAN2023,ACTUAL_COVERAGE_UNIT,0.0
NI02OMLPLAN2023,THEORETICAL_PREMIUM_DERECOGNITION_LRC,0.0
NI02OMLPLAN2023,THEORETICAL_PREMIUM_DERECOGNITION_LIC,0.0
NI02OMLPLAN2023,THEORETICAL_PREMIUM_RECOGNITION,0.0
NI02OMLPLAN2023,DERECOGNITION_ASSET_ACQ_CF_BF_INIT_RECOG,0.0
NI02OMLPLAN2023,ACTUAL_COMMISSION_CF_PAST_SERVICE,0.0
NI02OMLPLAN2023,ACTUAL_COMMISSION_CF_FUTURE_SERVICE,0.0
NI02OMLPLAN2023,RE_RISK_MITIGATION_PNL,0.0
NI02OMLPLAN2023,ACTUAL_PREMIUM_CF_CURRENT_SERVICE,0.0
NI02OMLPLAN2023,ACTUAL_ACQUISITION_CF_CURRENT_SERVICE,0.0
NI02OMLPLAN2023,ACTUAL_COMMISSION_CF_CURRENT_SERVICE,0.0
NI02OMLPLAN2023,DERECOGNITION_ASSET_OTHER_CF_BF_INIT_RECOG,0.0
NI02OMLPLAN2024,ACTUAL_PREMIUM_CF_PAST_SERVICE,0.0
NI02OMLPLAN2024,ACTUAL_PREMIUM_CF_FUTURE_SERVICE,1742104.421
NI02OMLPLAN2024,ACTUAL_ACQUISITION_CF_PAST_SERVICE,0.0
NI02OMLPLAN2024,ACTUAL_ACQUISITION_CF_FUTURE_SERVICE,5101291.972999998
NI02OMLPLAN2024,ACTUAL_INV_COMP_PAYABLE,0.0
NI02OMLPLAN2024,ACTUAL_CHANGE_FV_FINANCIAL_UNDERLYING_ITEMS,0.0
NI02OMLPLAN2024,ACTUAL_CHANGE_FV_TECHNICAL_UNDERLYING_ITEMS,0.0
NI02OMLPLAN2024,FIN_RISK_MITIGATION,0.0
NI02OMLPLAN2024,RE_RISK_MITIGATION,0.0
NI02OMLPLAN2024,ACTUAL_COVERAGE_UNIT,0.0
NI02OMLPLAN2024,THEORETICAL_PREMIUM_DERECOGNITION_LRC,0.0
NI02OMLPLAN2024,THEORETICAL_PREMIUM_DERECOGNITION_LIC,0.0
NI02OMLPLAN2024,THEORETICAL_PREMIUM_RECOGNITION,0.0
NI02OMLPLAN2024,DERECOGNITION_ASSET_ACQ_CF_BF_INIT_RECOG,0.0
NI02OMLPLAN2024,ACTUAL_COMMISSION_CF_PAST_SERVICE,0.0
NI02OMLPLAN2024,ACTUAL_COMMISSION_CF_FUTURE_SERVICE,0.0
NI02OMLPLAN2024,RE_RISK_MITIGATION_PNL,0.0
NI02OMLPLAN2024,ACTUAL_PREMIUM_CF_CURRENT_SERVICE,0.0
NI02OMLPLAN2024,ACTUAL_ACQUISITION_CF_CURRENT_SERVICE,0.0
NI02OMLPLAN2024,ACTUAL_COMMISSION_CF_CURRENT_SERVICE,0.0
NI02OMLPLAN2024,DERECOGNITION_ASSET_OTHER_CF_BF_INIT_RECOG,0.0
NI02OMORTGE2021,ACTUAL_PREMIUM_CF_PAST_SERVICE,0.0
NI02OMORTGE2021,ACTUAL_PREMIUM_CF_FUTURE_SERVICE,0.0
NI02OMORTGE2021,ACTUAL_ACQUISITION_CF_PAST_SERVICE,0.0
NI02OMORTGE2021,ACTUAL_ACQUISITION_CF_FUTURE_SERVICE,0.0
NI02OMORTGE2021,ACTUAL_INV_COMP_PAYABLE,0.0
NI02OMORTGE2021,ACTUAL_CHANGE_FV_FINANCIAL_UNDERLYING_ITEMS,0.0
NI02OMORTGE2021,ACTUAL_CHANGE_FV_TECHNICAL_UNDERLYING_ITEMS,0.0
NI02OMORTGE2021,FIN_RISK_MITIGATION,0.0
NI02OMORTGE2021,RE_RISK_MITIGATION,0.0
NI02OMORTGE2021,ACTUAL_COVERAGE_UNIT,0.0
NI02OMORTGE2021,THEORETICAL_PREMIUM_DERECOGNITION_LRC,0.0
NI02OMORTGE2021,THEORETICAL_PREMIUM_DERECOGNITION_LIC,0.0
NI02OMORTGE2021,THEORETICAL_PREMIUM_RECOGNITION,0.0
NI02OMORTGE2021,DERECOGNITION_ASSET_ACQ_CF_BF_INIT_RECOG,0.0
NI02OMORTGE2021,ACTUAL_COMMISSION_CF_PAST_SERVICE,0.0
NI02OMORTGE2021,ACTUAL_COMMISSION_CF_FUTURE_SERVICE,0.0
NI02OMORTGE2021,RE_RISK_MITIGATION_PNL,0.0
NI02OMORTGE2021,ACTUAL_PREMIUM_CF_CURRENT_SERVICE,0.0
NI02OMORTGE2021,ACTUAL_ACQUISITION_CF_CURRENT_SERVICE,0.0
NI02OMORTGE2021,ACTUAL_COMMISSION_CF_CURRENT_SERVICE,0.0
NI02OMORTGE2021,DERECOGNITION_ASSET_OTHER_CF_BF_INIT_RECOG,0.0
NI02PMORTGE2022,ACTUAL_PREMIUM_CF_PAST_SERVICE,0.0
NI02PMORTGE2022,ACTUAL_PREMIUM_CF_FUTURE_SERVICE,0.0
NI02PMORTGE2022,ACTUAL_ACQUISITION_CF_PAST_SERVICE,0.0
NI02PMORTGE2022,ACTUAL_ACQUISITION_CF_FUTURE_SERVICE,0.0
NI02PMORTGE2022,ACTUAL_INV_COMP_PAYABLE,0.0
NI02PMORTGE2022,ACTUAL_CHANGE_FV_FINANCIAL_UNDERLYING_ITEMS,0.0
NI02PMORTGE2022,ACTUAL_CHANGE_FV_TECHNICAL_UNDERLYING_ITEMS,0.0
NI02PMORTGE2022,FIN_RISK_MITIGATION,0.0
NI02PMORTGE2022,RE_RISK_MITIGATION,0.0
NI02PMORTGE2022,ACTUAL_COVERAGE_UNIT,0.0
NI02PMORTGE2022,THEORETICAL_PREMIUM_DERECOGNITION_LRC,0.0
NI02PMORTGE2022,THEORETICAL_PREMIUM_DERECOGNITION_LIC,0.0
NI02PMORTGE2022,THEORETICAL_PREMIUM_RECOGNITION,0.0
NI02PMORTGE2022,DERECOGNITION_ASSET_ACQ_CF_BF_INIT_RECOG,0.0
NI02PMORTGE2022,ACTUAL_COMMISSION_CF_PAST_SERVICE,0.0
NI02PMORTGE2022,ACTUAL_COMMISSION_CF_FUTURE_SERVICE,0.0
NI02PMORTGE2022,RE_RISK_MITIGATION_PNL,0.0
NI02PMORTGE2022,ACTUAL_PREMIUM_CF_CURRENT_SERVICE,0.0
NI02PMORTGE2022,ACTUAL_ACQUISITION_CF_CURRENT_SERVICE,0.0
NI02PMORTGE2022,ACTUAL_COMMISSION_CF_CURRENT_SERVICE,0.0
NI02PMORTGE2022,DERECOGNITION_ASSET_OTHER_CF_BF_INIT_RECOG,0.0
NI02PMORTGE2023,ACTUAL_PREMIUM_CF_PAST_SERVICE,0.0
NI02PMORTGE2023,ACTUAL_PREMIUM_CF_FUTURE_SERVICE,0.0
NI02PMORTGE2023,ACTUAL_ACQUISITION_CF_PAST_SERVICE,0.0
NI02PMORTGE2023,ACTUAL_ACQUISITION_CF_FUTURE_SERVICE,0.0
NI02PMORTGE2023,ACTUAL_INV_COMP_PAYABLE,0.0
NI02PMORTGE2023,ACTUAL_CHANGE_FV_FINANCIAL_UNDERLYING_ITEMS,0.0
NI02PMORTGE2023,ACTUAL_CHANGE_FV_TECHNICAL_UNDERLYING_ITEMS,0.0
NI02PMORTGE2023,FIN_RISK_MITIGATION,0.0
NI02PMORTGE2023,RE_RISK_MITIGATION,0.0
NI02PMORTGE2023,ACTUAL_COVERAGE_UNIT,0.0
NI02PMORTGE2023,THEORETICAL_PREMIUM_DERECOGNITION_LRC,0.0
NI02PMORTGE2023,THEORETICAL_PREMIUM_DERECOGNITION_LIC,0.0
NI02PMORTGE2023,THEORETICAL_PREMIUM_RECOGNITION,0.0
NI02PMORTGE2023,DERECOGNITION_ASSET_ACQ_CF_BF_INIT_RECOG,0.0
NI02PMORTGE2023,ACTUAL_COMMISSION_CF_PAST_SERVICE,0.0
NI02PMORTGE2023,ACTUAL_COMMISSION_CF_FUTURE_SERVICE,0.0
NI02PMORTGE2023,RE_RISK_MITIGATION_PNL,0.0
NI02PMORTGE2023,ACTUAL_PREMIUM_CF_CURRENT_SERVICE,0.0
NI02PMORTGE2023,ACTUAL_ACQUISITION_CF_CURRENT_SERVICE,0.0
NI02PMORTGE2023,ACTUAL_COMMISSION_CF_CURRENT_SERVICE,0.0
NI02PMORTGE2023,DERECOGNITION_ASSET_OTHER_CF_BF_INIT_RECOG,0.0
NI02PMORTGE2024,ACTUAL_PREMIUM_CF_PAST_SERVICE,0.0
NI02PMORTGE2024,ACTUAL_PREMIUM_CF_FUTURE_SERVICE,0.0
NI02PMORTGE2024,ACTUAL_ACQUISITION_CF_PAST_SERVICE,0.0
NI02PMORTGE2024,ACTUAL_ACQUISITION_CF_FUTURE_SERVICE,0.0
NI02PMORTGE2024,ACTUAL_INV_COMP_PAYABLE,0.0
NI02PMORTGE2024,ACTUAL_CHANGE_FV_FINANCIAL_UNDERLYING_ITEMS,0.0
NI02PMORTGE2024,ACTUAL_CHANGE_FV_TECHNICAL_UNDERLYING_ITEMS,0.0
NI02PMORTGE2024,FIN_RISK_MITIGATION,0.0
NI02PMORTGE2024,RE_RISK_MITIGATION,0.0
NI02PMORTGE2024,ACTUAL_COVERAGE_UNIT,0.0
NI02PMORTGE2024,THEORETICAL_PREMIUM_DERECOGNITION_LRC,0.0
NI02PMORTGE2024,THEORETICAL_PREMIUM_DERECOGNITION_LIC,0.0
NI02PMORTGE2024,THEORETICAL_PREMIUM_RECOGNITION,0.0
NI02PMORTGE2024,DERECOGNITION_ASSET_ACQ_CF_BF_INIT_RECOG,0.0
NI02PMORTGE2024,ACTUAL_COMMISSION_CF_PAST_SERVICE,0.0
NI02PMORTGE2024,ACTUAL_COMMISSION_CF_FUTURE_SERVICE,0.0
NI02PMORTGE2024,RE_RISK_MITIGATION_PNL,0.0
NI02PMORTGE2024,ACTUAL_PREMIUM_CF_CURRENT_SERVICE,0.0
NI02PMORTGE2024,ACTUAL_ACQUISITION_CF_CURRENT_SERVICE,0.0
NI02PMORTGE2024,ACTUAL_COMMISSION_CF_CURRENT_SERVICE,0.0
NI02PMORTGE2024,DERECOGNITION_ASSET_OTHER_CF_BF_INIT_RECOG,0.0
NI02OMORTGE2025,ACTUAL_PREMIUM_CF_PAST_SERVICE,0.0
NI02OMORTGE2025,ACTUAL_PREMIUM_CF_FUTURE_SERVICE,0.0
NI02OMORTGE2025,ACTUAL_ACQUISITION_CF_PAST_SERVICE,0.0
NI02OMORTGE2025,ACTUAL_ACQUISITION_CF_FUTURE_SERVICE,3247715.275
NI02OMORTGE2025,ACTUAL_INV_COMP_PAYABLE,0.0
NI02OMORTGE2025,ACTUAL_CHANGE_FV_FINANCIAL_UNDERLYING_ITEMS,0.0
NI02OMORTGE2025,ACTUAL_CHANGE_FV_TECHNICAL_UNDERLYING_ITEMS,0.0
NI02OMORTGE2025,FIN_RISK_MITIGATION,0.0
NI02OMORTGE2025,RE_RISK_MITIGATION,0.0
NI02OMORTGE2025,ACTUAL_COVERAGE_UNIT,0.0
NI02OMORTGE2025,THEORETICAL_PREMIUM_DERECOGNITION_LRC,0.0
NI02OMORTGE2025,THEORETICAL_PREMIUM_DERECOGNITION_LIC,0.0
NI02OMORTGE2025,THEORETICAL_PREMIUM_RECOGNITION,0.0
NI02OMORTGE2025,DERECOGNITION_ASSET_ACQ_CF_BF_INIT_RECOG,0.0
NI02OMORTGE2025,ACTUAL_COMMISSION_CF_PAST_SERVICE,0.0
NI02OMORTGE2025,ACTUAL_COMMISSION_CF_FUTURE_SERVICE,0.0
NI02OMORTGE2025,RE_RISK_MITIGATION_PNL,0.0
NI02OMORTGE2025,ACTUAL_PREMIUM_CF_CURRENT_SERVICE,0.0
NI02OMORTGE2025,ACTUAL_ACQUISITION_CF_CURRENT_SERVICE,0.0
NI02OMORTGE2025,ACTUAL_COMMISSION_CF_CURRENT_SERVICE,0.0
NI02OMORTGE2025,DERECOGNITION_ASSET_OTHER_CF_BF_INIT_RECOG,0.0
NI02PRENDOW2024,ACTUAL_PREMIUM_CF_PAST_SERVICE,0.0
NI02PRENDOW2024,ACTUAL_PREMIUM_CF_FUTURE_SERVICE,0.0
NI02PRENDOW2024,ACTUAL_ACQUISITION_CF_PAST_SERVICE,0.0
NI02PRENDOW2024,ACTUAL_ACQUISITION_CF_FUTURE_SERVICE,0.0
NI02PRENDOW2024,ACTUAL_INV_COMP_PAYABLE,0.0
NI02PRENDOW2024,ACTUAL_CHANGE_FV_FINANCIAL_UNDERLYING_ITEMS,0.0
NI02PRENDOW2024,ACTUAL_CHANGE_FV_TECHNICAL_UNDERLYING_ITEMS,0.0
NI02PRENDOW2024,FIN_RISK_MITIGATION,0.0
NI02PRENDOW2024,RE_RISK_MITIGATION,0.0
NI02PRENDOW2024,ACTUAL_COVERAGE_UNIT,0.0
NI02PRENDOW2024,THEORETICAL_PREMIUM_DERECOGNITION_LRC,0.0
NI02PRENDOW2024,THEORETICAL_PREMIUM_DERECOGNITION_LIC,0.0
NI02PRENDOW2024,THEORETICAL_PREMIUM_RECOGNITION,0.0
NI02PRENDOW2024,DERECOGNITION_ASSET_ACQ_CF_BF_INIT_RECOG,0.0
NI02PRENDOW2024,ACTUAL_COMMISSION_CF_PAST_SERVICE,0.0
NI02PRENDOW2024,ACTUAL_COMMISSION_CF_FUTURE_SERVICE,0.0
NI02PRENDOW2024,RE_RISK_MITIGATION_PNL,0.0
NI02PRENDOW2024,ACTUAL_PREMIUM_CF_CURRENT_SERVICE,0.0
NI02PRENDOW2024,ACTUAL_ACQUISITION_CF_CURRENT_SERVICE,0.0
NI02PRENDOW2024,ACTUAL_COMMISSION_CF_CURRENT_SERVICE,0.0
NI02PRENDOW2024,DERECOGNITION_ASSET_OTHER_CF_BF_INIT_RECOG,0.0
NI02PRENDOW2025,ACTUAL_PREMIUM_CF_PAST_SERVICE,0.0
NI02PRENDOW2025,ACTUAL_PREMIUM_CF_FUTURE_SERVICE,0.0
NI02PRENDOW2025,ACTUAL_ACQUISITION_CF_PAST_SERVICE,0.0
NI02PRENDOW2025,ACTUAL_ACQUISITION_CF_FUTURE_SERVICE,0.0
NI02PRENDOW2025,ACTUAL_INV_COMP_PAYABLE,0.0
NI02PRENDOW2025,ACTUAL_CHANGE_FV_FINANCIAL_UNDERLYING_ITEMS,0.0
NI02PRENDOW2025,ACTUAL_CHANGE_FV_TECHNICAL_UNDERLYING_ITEMS,0.0
NI02PRENDOW2025,FIN_RISK_MITIGATION,0.0
NI02PRENDOW2025,RE_RISK_MITIGATION,0.0
NI02PRENDOW2025,ACTUAL_COVERAGE_UNIT,0.0
NI02PRENDOW2025,THEORETICAL_PREMIUM_DERECOGNITION_LRC,0.0
NI02PRENDOW2025,THEORETICAL_PREMIUM_DERECOGNITION_LIC,0.0
NI02PRENDOW2025,THEORETICAL_PREMIUM_RECOGNITION,0.0
NI02PRENDOW2025,DERECOGNITION_ASSET_ACQ_CF_BF_INIT_RECOG,0.0
NI02PRENDOW2025,ACTUAL_COMMISSION_CF_PAST_SERVICE,0.0
NI02PRENDOW2025,ACTUAL_COMMISSION_CF_FUTURE_SERVICE,0.0
NI02PRENDOW2025,RE_RISK_MITIGATION_PNL,0.0
NI02PRENDOW2025,ACTUAL_PREMIUM_CF_CURRENT_SERVICE,0.0
NI02PRENDOW2025,ACTUAL_ACQUISITION_CF_CURRENT_SERVICE,0.0
NI02PRENDOW2025,ACTUAL_COMMISSION_CF_CURRENT_SERVICE,0.0
NI02PRENDOW2025,DERECOGNITION_ASSET_OTHER_CF_BF_INIT_RECOG,0.0
NI02PSMRTRE2021,ACTUAL_PREMIUM_CF_PAST_SERVICE,0.0
NI02PSMRTRE2021,ACTUAL_PREMIUM_CF_FUTURE_SERVICE,0.0
NI02PSMRTRE2021,ACTUAL_ACQUISITION_CF_PAST_SERVICE,0.0
NI02PSMRTRE2021,ACTUAL_ACQUISITION_CF_FUTURE_SERVICE,0.0
NI02PSMRTRE2021,ACTUAL_INV_COMP_PAYABLE,0.0
NI02PSMRTRE2021,ACTUAL_CHANGE_FV_FINANCIAL_UNDERLYING_ITEMS,0.0
NI02PSMRTRE2021,ACTUAL_CHANGE_FV_TECHNICAL_UNDERLYING_ITEMS,0.0
NI02PSMRTRE2021,FIN_RISK_MITIGATION,0.0
NI02PSMRTRE2021,RE_RISK_MITIGATION,0.0
NI02PSMRTRE2021,ACTUAL_COVERAGE_UNIT,0.0
NI02PSMRTRE2021,THEORETICAL_PREMIUM_DERECOGNITION_LRC,0.0
NI02PSMRTRE2021,THEORETICAL_PREMIUM_DERECOGNITION_LIC,0.0
NI02PSMRTRE2021,THEORETICAL_PREMIUM_RECOGNITION,0.0
NI02PSMRTRE2021,DERECOGNITION_ASSET_ACQ_CF_BF_INIT_RECOG,0.0
NI02PSMRTRE2021,ACTUAL_COMMISSION_CF_PAST_SERVICE,0.0
NI02PSMRTRE2021,ACTUAL_COMMISSION_CF_FUTURE_SERVICE,0.0
NI02PSMRTRE2021,RE_RISK_MITIGATION_PNL,0.0
NI02PSMRTRE2021,ACTUAL_PREMIUM_CF_CURRENT_SERVICE,0.0
NI02PSMRTRE2021,ACTUAL_ACQUISITION_CF_CURRENT_SERVICE,0.0
NI02PSMRTRE2021,ACTUAL_COMMISSION_CF_CURRENT_SERVICE,0.0
NI02PSMRTRE2021,DERECOGNITION_ASSET_OTHER_CF_BF_INIT_RECOG,0.0
NI02OTMLIFE2021,ACTUAL_PREMIUM_CF_PAST_SERVICE,0.0
NI02OTMLIFE2021,ACTUAL_PREMIUM_CF_FUTURE_SERVICE,0.0
NI02OTMLIFE2021,ACTUAL_ACQUISITION_CF_PAST_SERVICE,0.0
NI02OTMLIFE2021,ACTUAL_ACQUISITION_CF_FUTURE_SERVICE,0.0
NI02OTMLIFE2021,ACTUAL_INV_COMP_PAYABLE,0.0
NI02OTMLIFE2021,ACTUAL_CHANGE_FV_FINANCIAL_UNDERLYING_ITEMS,0.0
NI02OTMLIFE2021,ACTUAL_CHANGE_FV_TECHNICAL_UNDERLYING_ITEMS,0.0
NI02OTMLIFE2021,FIN_RISK_MITIGATION,0.0
NI02OTMLIFE2021,RE_RISK_MITIGATION,0.0
NI02OTMLIFE2021,ACTUAL_COVERAGE_UNIT,0.0
NI02OTMLIFE2021,THEORETICAL_PREMIUM_DERECOGNITION_LRC,0.0
NI02OTMLIFE2021,THEORETICAL_PREMIUM_DERECOGNITION_LIC,0.0
NI02OTMLIFE2021,THEORETICAL_PREMIUM_RECOGNITION,0.0
NI02OTMLIFE2021,DERECOGNITION_ASSET_ACQ_CF_BF_INIT_RECOG,0.0
NI02OTMLIFE2021,ACTUAL_COMMISSION_CF_PAST_SERVICE,0.0
NI02OTMLIFE2021,ACTUAL_COMMISSION_CF_FUTURE_SERVICE,0.0
NI02OTMLIFE2021,RE_RISK_MITIGATION_PNL,0.0
NI02OTMLIFE2021,ACTUAL_PREMIUM_CF_CURRENT_SERVICE,0.0
NI02OTMLIFE2021,ACTUAL_ACQUISITION_CF_CURRENT_SERVICE,0.0
NI02OTMLIFE2021,ACTUAL_COMMISSION_CF_CURRENT_SERVICE,0.0
NI02OTMLIFE2021,DERECOGNITION_ASSET_OTHER_CF_BF_INIT_RECOG,0.0
NI02PTMLIFE2022,ACTUAL_PREMIUM_CF_PAST_SERVICE,0.0
NI02PTMLIFE2022,ACTUAL_PREMIUM_CF_FUTURE_SERVICE,0.0
NI02PTMLIFE2022,ACTUAL_ACQUISITION_CF_PAST_SERVICE,0.0
NI02PTMLIFE2022,ACTUAL_ACQUISITION_CF_FUTURE_SERVICE,0.0
NI02PTMLIFE2022,ACTUAL_INV_COMP_PAYABLE,0.0
NI02PTMLIFE2022,ACTUAL_CHANGE_FV_FINANCIAL_UNDERLYING_ITEMS,0.0
NI02PTMLIFE2022,ACTUAL_CHANGE_FV_TECHNICAL_UNDERLYING_ITEMS,0.0
NI02PTMLIFE2022,FIN_RISK_MITIGATION,0.0
NI02PTMLIFE2022,RE_RISK_MITIGATION,0.0
NI02PTMLIFE2022,ACTUAL_COVERAGE_UNIT,0.0
NI02PTMLIFE2022,THEORETICAL_PREMIUM_DERECOGNITION_LRC,0.0
NI02PTMLIFE2022,THEORETICAL_PREMIUM_DERECOGNITION_LIC,0.0
NI02PTMLIFE2022,THEORETICAL_PREMIUM_RECOGNITION,0.0
NI02PTMLIFE2022,DERECOGNITION_ASSET_ACQ_CF_BF_INIT_RECOG,0.0
NI02PTMLIFE2022,ACTUAL_COMMISSION_CF_PAST_SERVICE,0.0
NI02PTMLIFE2022,ACTUAL_COMMISSION_CF_FUTURE_SERVICE,0.0
NI02PTMLIFE2022,RE_RISK_MITIGATION_PNL,0.0
NI02PTMLIFE2022,ACTUAL_PREMIUM_CF_CURRENT_SERVICE,0.0
NI02PTMLIFE2022,ACTUAL_ACQUISITION_CF_CURRENT_SERVICE,0.0
NI02PTMLIFE2022,ACTUAL_COMMISSION_CF_CURRENT_SERVICE,0.0
NI02PTMLIFE2022,DERECOGNITION_ASSET_OTHER_CF_BF_INIT_RECOG,0.0
NI02PTMLIFE2023,ACTUAL_PREMIUM_CF_PAST_SERVICE,0.0
NI02PTMLIFE2023,ACTUAL_PREMIUM_CF_FUTURE_SERVICE,0.0
NI02PTMLIFE2023,ACTUAL_ACQUISITION_CF_PAST_SERVICE,0.0
NI02PTMLIFE2023,ACTUAL_ACQUISITION_CF_FUTURE_SERVICE,0.0
NI02PTMLIFE2023,ACTUAL_INV_COMP_PAYABLE,0.0
NI02PTMLIFE2023,ACTUAL_CHANGE_FV_FINANCIAL_UNDERLYING_ITEMS,0.0
NI02PTMLIFE2023,ACTUAL_CHANGE_FV_TECHNICAL_UNDERLYING_ITEMS,0.0
NI02PTMLIFE2023,FIN_RISK_MITIGATION,0.0
NI02PTMLIFE2023,RE_RISK_MITIGATION,0.0
NI02PTMLIFE2023,ACTUAL_COVERAGE_UNIT,0.0
NI02PTMLIFE2023,THEORETICAL_PREMIUM_DERECOGNITION_LRC,0.0
NI02PTMLIFE2023,THEORETICAL_PREMIUM_DERECOGNITION_LIC,0.0
NI02PTMLIFE2023,THEORETICAL_PREMIUM_RECOGNITION,0.0
NI02PTMLIFE2023,DERECOGNITION_ASSET_ACQ_CF_BF_INIT_RECOG,0.0
NI02PTMLIFE2023,ACTUAL_COMMISSION_CF_PAST_SERVICE,0.0
NI02PTMLIFE2023,ACTUAL_COMMISSION_CF_FUTURE_SERVICE,0.0
NI02PTMLIFE2023,RE_RISK_MITIGATION_PNL,0.0
NI02PTMLIFE2023,ACTUAL_PREMIUM_CF_CURRENT_SERVICE,0.0
NI02PTMLIFE2023,ACTUAL_ACQUISITION_CF_CURRENT_SERVICE,0.0
NI02PTMLIFE2023,ACTUAL_COMMISSION_CF_CURRENT_SERVICE,0.0
NI02PTMLIFE2023,DERECOGNITION_ASSET_OTHER_CF_BF_INIT_RECOG,0.0
NI02PTMLIFE2024,ACTUAL_PREMIUM_CF_PAST_SERVICE,0.0
NI02PTMLIFE2024,ACTUAL_PREMIUM_CF_FUTURE_SERVICE,89827698.455
NI02PTMLIFE2024,ACTUAL_ACQUISITION_CF_PAST_SERVICE,0.0
NI02PTMLIFE2024,ACTUAL_ACQUISITION_CF_FUTURE_SERVICE,12340756.632
NI02PTMLIFE2024,ACTUAL_INV_COMP_PAYABLE,0.0
NI02PTMLIFE2024,ACTUAL_CHANGE_FV_FINANCIAL_UNDERLYING_ITEMS,0.0
NI02PTMLIFE2024,ACTUAL_CHANGE_FV_TECHNICAL_UNDERLYING_ITEMS,0.0
NI02PTMLIFE2024,FIN_RISK_MITIGATION,0.0
NI02PTMLIFE2024,RE_RISK_MITIGATION,0.0
NI02PTMLIFE2024,ACTUAL_COVERAGE_UNIT,0.0
NI02PTMLIFE2024,THEORETICAL_PREMIUM_DERECOGNITION_LRC,0.0
NI02PTMLIFE2024,THEORETICAL_PREMIUM_DERECOGNITION_LIC,0.0
NI02PTMLIFE2024,THEORETICAL_PREMIUM_RECOGNITION,0.0
NI02PTMLIFE2024,DERECOGNITION_ASSET_ACQ_CF_BF_INIT_RECOG,0.0
NI02PTMLIFE2024,ACTUAL_COMMISSION_CF_PAST_SERVICE,0.0
NI02PTMLIFE2024,ACTUAL_COMMISSION_CF_FUTURE_SERVICE,0.0
NI02PTMLIFE2024,RE_RISK_MITIGATION_PNL,0.0
NI02PTMLIFE2024,ACTUAL_PREMIUM_CF_CURRENT_SERVICE,0.0
NI02PTMLIFE2024,ACTUAL_ACQUISITION_CF_CURRENT_SERVICE,0.0
NI02PTMLIFE2024,ACTUAL_COMMISSION_CF_CURRENT_SERVICE,0.0
NI02PTMLIFE2024,DERECOGNITION_ASSET_OTHER_CF_BF_INIT_RECOG,0.0
NI02PWHLIFE2021,ACTUAL_PREMIUM_CF_PAST_SERVICE,0.0
NI02PWHLIFE2021,ACTUAL_PREMIUM_CF_FUTURE_SERVICE,0.0
NI02PWHLIFE2021,ACTUAL_ACQUISITION_CF_PAST_SERVICE,0.0
NI02PWHLIFE2021,ACTUAL_ACQUISITION_CF_FUTURE_SERVICE,0.0
NI02PWHLIFE2021,ACTUAL_INV_COMP_PAYABLE,-3285790.9727558196
NI02PWHLIFE2021,ACTUAL_CHANGE_FV_FINANCIAL_UNDERLYING_ITEMS,0.0
NI02PWHLIFE2021,ACTUAL_CHANGE_FV_TECHNICAL_UNDERLYING_ITEMS,0.0
NI02PWHLIFE2021,FIN_RISK_MITIGATION,0.0
NI02PWHLIFE2021,RE_RISK_MITIGATION,0.0
NI02PWHLIFE2021,ACTUAL_COVERAGE_UNIT,0.0
NI02PWHLIFE2021,THEORETICAL_PREMIUM_DERECOGNITION_LRC,0.0
NI02PWHLIFE2021,THEORETICAL_PREMIUM_DERECOGNITION_LIC,0.0
NI02PWHLIFE2021,THEORETICAL_PREMIUM_RECOGNITION,0.0
NI02PWHLIFE2021,DERECOGNITION_ASSET_ACQ_CF_BF_INIT_RECOG,0.0
NI02PWHLIFE2021,ACTUAL_COMMISSION_CF_PAST_SERVICE,0.0
NI02PWHLIFE2021,ACTUAL_COMMISSION_CF_FUTURE_SERVICE,0.0
NI02PWHLIFE2021,RE_RISK_MITIGATION_PNL,0.0
NI02PWHLIFE2021,ACTUAL_PREMIUM_CF_CURRENT_SERVICE,0.0
NI02PWHLIFE2021,ACTUAL_ACQUISITION_CF_CURRENT_SERVICE,0.0
NI02PWHLIFE2021,ACTUAL_COMMISSION_CF_CURRENT_SERVICE,0.0
NI02PWHLIFE2021,DERECOGNITION_ASSET_OTHER_CF_BF_INIT_RECOG,0.0
NI02PWHLIFE2023,ACTUAL_PREMIUM_CF_PAST_SERVICE,0.0
NI02PWHLIFE2023,ACTUAL_PREMIUM_CF_FUTURE_SERVICE,0.0
NI02PWHLIFE2023,ACTUAL_ACQUISITION_CF_PAST_SERVICE,0.0
NI02PWHLIFE2023,ACTUAL_ACQUISITION_CF_FUTURE_SERVICE,0.0
NI02PWHLIFE2023,ACTUAL_INV_COMP_PAYABLE,-33768.912363573414
NI02PWHLIFE2023,ACTUAL_CHANGE_FV_FINANCIAL_UNDERLYING_ITEMS,0.0
NI02PWHLIFE2023,ACTUAL_CHANGE_FV_TECHNICAL_UNDERLYING_ITEMS,0.0
NI02PWHLIFE2023,FIN_RISK_MITIGATION,0.0
NI02PWHLIFE2023,RE_RISK_MITIGATION,0.0
NI02PWHLIFE2023,ACTUAL_COVERAGE_UNIT,0.0
NI02PWHLIFE2023,THEORETICAL_PREMIUM_DERECOGNITION_LRC,0.0
NI02PWHLIFE2023,THEORETICAL_PREMIUM_DERECOGNITION_LIC,0.0
NI02PWHLIFE2023,THEORETICAL_PREMIUM_RECOGNITION,0.0
NI02PWHLIFE2023,DERECOGNITION_ASSET_ACQ_CF_BF_INIT_RECOG,0.0
NI02PWHLIFE2023,ACTUAL_COMMISSION_CF_PAST_SERVICE,0.0
NI02PWHLIFE2023,ACTUAL_COMMISSION_CF_FUTURE_SERVICE,0.0
NI02PWHLIFE2023,RE_RISK_MITIGATION_PNL,0.0
NI02PWHLIFE2023,ACTUAL_PREMIUM_CF_CURRENT_SERVICE,0.0
NI02PWHLIFE2023,ACTUAL_ACQUISITION_CF_CURRENT_SERVICE,0.0
NI02PWHLIFE2023,ACTUAL_COMMISSION_CF_CURRENT_SERVICE,0.0
NI02PWHLIFE2023,DERECOGNITION_ASSET_OTHER_CF_BF_INIT_RECOG,0.0
NI02PWHLIFE2024,ACTUAL_PREMIUM_CF_PAST_SERVICE,0.0
NI02PWHLIFE2024,ACTUAL_PREMIUM_CF_FUTURE_SERVICE,18405040.73
NI02PWHLIFE2024,ACTUAL_ACQUISITION_CF_PAST_SERVICE,0.0
NI02PWHLIFE2024,ACTUAL_ACQUISITION_CF_FUTURE_SERVICE,3673385.146
NI02PWHLIFE2024,ACTUAL_INV_COMP_PAYABLE,-174.10187712313336
NI02PWHLIFE2024,ACTUAL_CHANGE_FV_FINANCIAL_UNDERLYING_ITEMS,0.0
NI02PWHLIFE2024,ACTUAL_CHANGE_FV_TECHNICAL_UNDERLYING_ITEMS,0.0
NI02PWHLIFE2024,FIN_RISK_MITIGATION,0.0
NI02PWHLIFE2024,RE_RISK_MITIGATION,0.0
NI02PWHLIFE2024,ACTUAL_COVERAGE_UNIT,0.0
NI02PWHLIFE2024,THEORETICAL_PREMIUM_DERECOGNITION_LRC,0.0
NI02PWHLIFE2024,THEORETICAL_PREMIUM_DERECOGNITION_LIC,0.0
NI02PWHLIFE2024,THEORETICAL_PREMIUM_RECOGNITION,0.0
NI02PWHLIFE2024,DERECOGNITION_ASSET_ACQ_CF_BF_INIT_RECOG,0.0
NI02PWHLIFE2024,ACTUAL_COMMISSION_CF_PAST_SERVICE,0.0
NI02PWHLIFE2024,ACTUAL_COMMISSION_CF_FUTURE_SERVICE,0.0
NI02PWHLIFE2024,RE_RISK_MITIGATION_PNL,0.0
NI02PWHLIFE2024,ACTUAL_PREMIUM_CF_CURRENT_SERVICE,0.0
NI02PWHLIFE2024,ACTUAL_ACQUISITION_CF_CURRENT_SERVICE,0.0
NI02PWHLIFE2024,ACTUAL_COMMISSION_CF_CURRENT_SERVICE,0.0
NI02PWHLIFE2024,DERECOGNITION_ASSET_OTHER_CF_BF_INIT_RECOG,0.0
NI02PCLBRTE2021,ACTUAL_PREMIUM_CF_PAST_SERVICE,0.0
NI02PCLBRTE2021,ACTUAL_PREMIUM_CF_FUTURE_SERVICE,0.0
NI02PCLBRTE2021,ACTUAL_ACQUISITION_CF_PAST_SERVICE,0.0
NI02PCLBRTE2021,ACTUAL_ACQUISITION_CF_FUTURE_SERVICE,0.0
NI02PCLBRTE2021,ACTUAL_INV_COMP_PAYABLE,-919426.1457479061
NI02PCLBRTE2021,ACTUAL_CHANGE_FV_FINANCIAL_UNDERLYING_ITEMS,0.0
NI02PCLBRTE2021,ACTUAL_CHANGE_FV_TECHNICAL_UNDERLYING_ITEMS,0.0
NI02PCLBRTE2021,FIN_RISK_MITIGATION,0.0
NI02PCLBRTE2021,RE_RISK_MITIGATION,0.0
NI02PCLBRTE2021,ACTUAL_COVERAGE_UNIT,0.0
NI02PCLBRTE2021,THEORETICAL_PREMIUM_DERECOGNITION_LRC,0.0
NI02PCLBRTE2021,THEORETICAL_PREMIUM_DERECOGNITION_LIC,0.0
NI02PCLBRTE2021,THEORETICAL_PREMIUM_RECOGNITION,0.0
NI02PCLBRTE2021,DERECOGNITION_ASSET_ACQ_CF_BF_INIT_RECOG,0.0
NI02PCLBRTE2021,ACTUAL_COMMISSION_CF_PAST_SERVICE,0.0
NI02PCLBRTE2021,ACTUAL_COMMISSION_CF_FUTURE_SERVICE,0.0
NI02PCLBRTE2021,RE_RISK_MITIGATION_PNL,0.0
NI02PCLBRTE2021,ACTUAL_PREMIUM_CF_CURRENT_SERVICE,0.0
NI02PCLBRTE2021,ACTUAL_ACQUISITION_CF_CURRENT_SERVICE,0.0
NI02PCLBRTE2021,ACTUAL_COMMISSION_CF_CURRENT_SERVICE,0.0
NI02PCLBRTE2021,DERECOGNITION_ASSET_OTHER_CF_BF_INIT_RECOG,0.0
NI02PCLBRTE2022,ACTUAL_PREMIUM_CF_PAST_SERVICE,0.0
NI02PCLBRTE2022,ACTUAL_PREMIUM_CF_FUTURE_SERVICE,0.0
NI02PCLBRTE2022,ACTUAL_ACQUISITION_CF_PAST_SERVICE,0.0
NI02PCLBRTE2022,ACTUAL_ACQUISITION_CF_FUTURE_SERVICE,0.0
NI02PCLBRTE2022,ACTUAL_INV_COMP_PAYABLE,-758458.2382318373
NI02PCLBRTE2022,ACTUAL_CHANGE_FV_FINANCIAL_UNDERLYING_ITEMS,0.0
NI02PCLBRTE2022,ACTUAL_CHANGE_FV_TECHNICAL_UNDERLYING_ITEMS,0.0
NI02PCLBRTE2022,FIN_RISK_MITIGATION,0.0
NI02PCLBRTE2022,RE_RISK_MITIGATION,0.0
NI02PCLBRTE2022,ACTUAL_COVERAGE_UNIT,0.0
NI02PCLBRTE2022,THEORETICAL_PREMIUM_DERECOGNITION_LRC,0.0
NI02PCLBRTE2022,THEORETICAL_PREMIUM_DERECOGNITION_LIC,0.0
NI02PCLBRTE2022,THEORETICAL_PREMIUM_RECOGNITION,0.0
NI02PCLBRTE2022,DERECOGNITION_ASSET_ACQ_CF_BF_INIT_RECOG,0.0
NI02PCLBRTE2022,ACTUAL_COMMISSION_CF_PAST_SERVICE,0.0
NI02PCLBRTE2022,ACTUAL_COMMISSION_CF_FUTURE_SERVICE,0.0
NI02PCLBRTE2022,RE_RISK_MITIGATION_PNL,0.0
NI02PCLBRTE2022,ACTUAL_PREMIUM_CF_CURRENT_SERVICE,0.0
NI02PCLBRTE2022,ACTUAL_ACQUISITION_CF_CURRENT_SERVICE,0.0
NI02PCLBRTE2022,ACTUAL_COMMISSION_CF_CURRENT_SERVICE,0.0
NI02PCLBRTE2022,DERECOGNITION_ASSET_OTHER_CF_BF_INIT_RECOG,0.0
NI02OCLBRTE2023,ACTUAL_PREMIUM_CF_PAST_SERVICE,0.0
NI02OCLBRTE2023,ACTUAL_PREMIUM_CF_FUTURE_SERVICE,0.0
NI02OCLBRTE2023,ACTUAL_ACQUISITION_CF_PAST_SERVICE,0.0
NI02OCLBRTE2023,ACTUAL_ACQUISITION_CF_FUTURE_SERVICE,0.0
NI02OCLBRTE2023,ACTUAL_INV_COMP_PAYABLE,0.0
NI02OCLBRTE2023,ACTUAL_CHANGE_FV_FINANCIAL_UNDERLYING_ITEMS,0.0
NI02OCLBRTE2023,ACTUAL_CHANGE_FV_TECHNICAL_UNDERLYING_ITEMS,0.0
NI02OCLBRTE2023,FIN_RISK_MITIGATION,0.0
NI02OCLBRTE2023,RE_RISK_MITIGATION,0.0
NI02OCLBRTE2023,ACTUAL_COVERAGE_UNIT,0.0
NI02OCLBRTE2023,THEORETICAL_PREMIUM_DERECOGNITION_LRC,0.0
NI02OCLBRTE2023,THEORETICAL_PREMIUM_DERECOGNITION_LIC,0.0
NI02OCLBRTE2023,THEORETICAL_PREMIUM_RECOGNITION,0.0
NI02OCLBRTE2023,DERECOGNITION_ASSET_ACQ_CF_BF_INIT_RECOG,0.0
NI02OCLBRTE2023,ACTUAL_COMMISSION_CF_PAST_SERVICE,0.0
NI02OCLBRTE2023,ACTUAL_COMMISSION_CF_FUTURE_SERVICE,0.0
NI02OCLBRTE2023,RE_RISK_MITIGATION_PNL,0.0
NI02OCLBRTE2023,ACTUAL_PREMIUM_CF_CURRENT_SERVICE,0.0
NI02OCLBRTE2023,ACTUAL_ACQUISITION_CF_CURRENT_SERVICE,0.0
NI02OCLBRTE2023,ACTUAL_COMMISSION_CF_CURRENT_SERVICE,0.0
NI02OCLBRTE2023,DERECOGNITION_ASSET_OTHER_CF_BF_INIT_RECOG,0.0
NI02PCLBRTE2023,ACTUAL_PREMIUM_CF_PAST_SERVICE,0.0
NI02PCLBRTE2023,ACTUAL_PREMIUM_CF_FUTURE_SERVICE,0.0
NI02PCLBRTE2023,ACTUAL_ACQUISITION_CF_PAST_SERVICE,0.0
NI02PCLBRTE2023,ACTUAL_ACQUISITION_CF_FUTURE_SERVICE,0.0
NI02PCLBRTE2023,ACTUAL_INV_COMP_PAYABLE,-784476.0402369001
NI02PCLBRTE2023,ACTUAL_CHANGE_FV_FINANCIAL_UNDERLYING_ITEMS,0.0
NI02PCLBRTE2023,ACTUAL_CHANGE_FV_TECHNICAL_UNDERLYING_ITEMS,0.0
NI02PCLBRTE2023,FIN_RISK_MITIGATION,0.0
NI02PCLBRTE2023,RE_RISK_MITIGATION,0.0
NI02PCLBRTE2023,ACTUAL_COVERAGE_UNIT,0.0
NI02PCLBRTE2023,THEORETICAL_PREMIUM_DERECOGNITION_LRC,0.0
NI02PCLBRTE2023,THEORETICAL_PREMIUM_DERECOGNITION_LIC,0.0
NI02PCLBRTE2023,THEORETICAL_PREMIUM_RECOGNITION,0.0
NI02PCLBRTE2023,DERECOGNITION_ASSET_ACQ_CF_BF_INIT_RECOG,0.0
NI02PCLBRTE2023,ACTUAL_COMMISSION_CF_PAST_SERVICE,0.0
NI02PCLBRTE2023,ACTUAL_COMMISSION_CF_FUTURE_SERVICE,0.0
NI02PCLBRTE2023,RE_RISK_MITIGATION_PNL,0.0
NI02PCLBRTE2023,ACTUAL_PREMIUM_CF_CURRENT_SERVICE,0.0
NI02PCLBRTE2023,ACTUAL_ACQUISITION_CF_CURRENT_SERVICE,0.0
NI02PCLBRTE2023,ACTUAL_COMMISSION_CF_CURRENT_SERVICE,0.0
NI02PCLBRTE2023,DERECOGNITION_ASSET_OTHER_CF_BF_INIT_RECOG,0.0
NI02PCLBRTE2024,ACTUAL_PREMIUM_CF_PAST_SERVICE,0.0
NI02PCLBRTE2024,ACTUAL_PREMIUM_CF_FUTURE_SERVICE,3133148.67
NI02PCLBRTE2024,ACTUAL_ACQUISITION_CF_PAST_SERVICE,0.0
NI02PCLBRTE2024,ACTUAL_ACQUISITION_CF_FUTURE_SERVICE,313314.867
NI02PCLBRTE2024,ACTUAL_INV_COMP_PAYABLE,-811757.7661348407
NI02PCLBRTE2024,ACTUAL_CHANGE_FV_FINANCIAL_UNDERLYING_ITEMS,0.0
NI02PCLBRTE2024,ACTUAL_CHANGE_FV_TECHNICAL_UNDERLYING_ITEMS,0.0
NI02PCLBRTE2024,FIN_RISK_MITIGATION,0.0
NI02PCLBRTE2024,RE_RISK_MITIGATION,0.0
NI02PCLBRTE2024,ACTUAL_COVERAGE_UNIT,0.0
NI02PCLBRTE2024,THEORETICAL_PREMIUM_DERECOGNITION_LRC,0.0
NI02PCLBRTE2024,THEORETICAL_PREMIUM_DERECOGNITION_LIC,0.0
NI02PCLBRTE2024,THEORETICAL_PREMIUM_RECOGNITION,0.0
NI02PCLBRTE2024,DERECOGNITION_ASSET_ACQ_CF_BF_INIT_RECOG,0.0
NI02PCLBRTE2024,ACTUAL_COMMISSION_CF_PAST_SERVICE,0.0
NI02PCLBRTE2024,ACTUAL_COMMISSION_CF_FUTURE_SERVICE,0.0
NI02PCLBRTE2024,RE_RISK_MITIGATION_PNL,0.0
NI02PCLBRTE2024,ACTUAL_PREMIUM_CF_CURRENT_SERVICE,0.0
NI02PCLBRTE2024,ACTUAL_ACQUISITION_CF_CURRENT_SERVICE,0.0
NI02PCLBRTE2024,ACTUAL_COMMISSION_CF_CURRENT_SERVICE,0.0
NI02PCLBRTE2024,DERECOGNITION_ASSET_OTHER_CF_BF_INIT_RECOG,0.0
NI02OAIPLAN2021,ACTUAL_PREMIUM_CF_PAST_SERVICE,0.0
NI02OAIPLAN2021,ACTUAL_PREMIUM_CF_FUTURE_SERVICE,0.0
NI02OAIPLAN2021,ACTUAL_ACQUISITION_CF_PAST_SERVICE,0.0
NI02OAIPLAN2021,ACTUAL_ACQUISITION_CF_FUTURE_SERVICE,0.0
NI02OAIPLAN2021,ACTUAL_INV_COMP_PAYABLE,0.0
NI02OAIPLAN2021,ACTUAL_CHANGE_FV_FINANCIAL_UNDERLYING_ITEMS,0.0
NI02OAIPLAN2021,ACTUAL_CHANGE_FV_TECHNICAL_UNDERLYING_ITEMS,0.0
NI02OAIPLAN2021,FIN_RISK_MITIGATION,0.0
NI02OAIPLAN2021,RE_RISK_MITIGATION,0.0
NI02OAIPLAN2021,ACTUAL_COVERAGE_UNIT,0.0
NI02OAIPLAN2021,THEORETICAL_PREMIUM_DERECOGNITION_LRC,0.0
NI02OAIPLAN2021,THEORETICAL_PREMIUM_DERECOGNITION_LIC,0.0
NI02OAIPLAN2021,THEORETICAL_PREMIUM_RECOGNITION,0.0
NI02OAIPLAN2021,DERECOGNITION_ASSET_ACQ_CF_BF_INIT_RECOG,0.0
NI02OAIPLAN2021,ACTUAL_COMMISSION_CF_PAST_SERVICE,0.0
NI02OAIPLAN2021,ACTUAL_COMMISSION_CF_FUTURE_SERVICE,0.0
NI02OAIPLAN2021,RE_RISK_MITIGATION_PNL,0.0
NI02OAIPLAN2021,ACTUAL_PREMIUM_CF_CURRENT_SERVICE,0.0
NI02OAIPLAN2021,ACTUAL_ACQUISITION_CF_CURRENT_SERVICE,0.0
NI02OAIPLAN2021,ACTUAL_COMMISSION_CF_CURRENT_SERVICE,0.0
NI02OAIPLAN2021,DERECOGNITION_ASSET_OTHER_CF_BF_INIT_RECOG,0.0
NI02OAIPLAN2022,ACTUAL_PREMIUM_CF_PAST_SERVICE,0.0
NI02OAIPLAN2022,ACTUAL_PREMIUM_CF_FUTURE_SERVICE,0.0
NI02OAIPLAN2022,ACTUAL_ACQUISITION_CF_PAST_SERVICE,0.0
NI02OAIPLAN2022,ACTUAL_ACQUISITION_CF_FUTURE_SERVICE,0.0
NI02OAIPLAN2022,ACTUAL_INV_COMP_PAYABLE,0.0
NI02OAIPLAN2022,ACTUAL_CHANGE_FV_FINANCIAL_UNDERLYING_ITEMS,0.0
NI02OAIPLAN2022,ACTUAL_CHANGE_FV_TECHNICAL_UNDERLYING_ITEMS,0.0
NI02OAIPLAN2022,FIN_RISK_MITIGATION,0.0
NI02OAIPLAN2022,RE_RISK_MITIGATION,0.0
NI02OAIPLAN2022,ACTUAL_COVERAGE_UNIT,0.0
NI02OAIPLAN2022,THEORETICAL_PREMIUM_DERECOGNITION_LRC,0.0
NI02OAIPLAN2022,THEORETICAL_PREMIUM_DERECOGNITION_LIC,0.0
NI02OAIPLAN2022,THEORETICAL_PREMIUM_RECOGNITION,0.0
NI02OAIPLAN2022,DERECOGNITION_ASSET_ACQ_CF_BF_INIT_RECOG,0.0
NI02OAIPLAN2022,ACTUAL_COMMISSION_CF_PAST_SERVICE,0.0
NI02OAIPLAN2022,ACTUAL_COMMISSION_CF_FUTURE_SERVICE,0.0
NI02OAIPLAN2022,RE_RISK_MITIGATION_PNL,0.0
NI02OAIPLAN2022,ACTUAL_PREMIUM_CF_CURRENT_SERVICE,0.0
NI02OAIPLAN2022,ACTUAL_ACQUISITION_CF_CURRENT_SERVICE,0.0
NI02OAIPLAN2022,ACTUAL_COMMISSION_CF_CURRENT_SERVICE,0.0
NI02OAIPLAN2022,DERECOGNITION_ASSET_OTHER_CF_BF_INIT_RECOG,0.0
NI02OAIPLAN2023,ACTUAL_PREMIUM_CF_PAST_SERVICE,0.0
NI02OAIPLAN2023,ACTUAL_PREMIUM_CF_FUTURE_SERVICE,0.0
NI02OAIPLAN2023,ACTUAL_ACQUISITION_CF_PAST_SERVICE,0.0
NI02OAIPLAN2023,ACTUAL_ACQUISITION_CF_FUTURE_SERVICE,0.0
NI02OAIPLAN2023,ACTUAL_INV_COMP_PAYABLE,0.0
NI02OAIPLAN2023,ACTUAL_CHANGE_FV_FINANCIAL_UNDERLYING_ITEMS,0.0
NI02OAIPLAN2023,ACTUAL_CHANGE_FV_TECHNICAL_UNDERLYING_ITEMS,0.0
NI02OAIPLAN2023,FIN_RISK_MITIGATION,0.0
NI02OAIPLAN2023,RE_RISK_MITIGATION,0.0
NI02OAIPLAN2023,ACTUAL_COVERAGE_UNIT,0.0
NI02OAIPLAN2023,THEORETICAL_PREMIUM_DERECOGNITION_LRC,0.0
NI02OAIPLAN2023,THEORETICAL_PREMIUM_DERECOGNITION_LIC,0.0
NI02OAIPLAN2023,THEORETICAL_PREMIUM_RECOGNITION,0.0
NI02OAIPLAN2023,DERECOGNITION_ASSET_ACQ_CF_BF_INIT_RECOG,0.0
NI02OAIPLAN2023,ACTUAL_COMMISSION_CF_PAST_SERVICE,0.0
NI02OAIPLAN2023,ACTUAL_COMMISSION_CF_FUTURE_SERVICE,0.0
NI02OAIPLAN2023,RE_RISK_MITIGATION_PNL,0.0
NI02OAIPLAN2023,ACTUAL_PREMIUM_CF_CURRENT_SERVICE,0.0
NI02OAIPLAN2023,ACTUAL_ACQUISITION_CF_CURRENT_SERVICE,0.0
NI02OAIPLAN2023,ACTUAL_COMMISSION_CF_CURRENT_SERVICE,0.0
NI02OAIPLAN2023,DERECOGNITION_ASSET_OTHER_CF_BF_INIT_RECOG,0.0
NI02PAIPLAN2023,ACTUAL_PREMIUM_CF_PAST_SERVICE,0.0
NI02PAIPLAN2023,ACTUAL_PREMIUM_CF_FUTURE_SERVICE,0.0
NI02PAIPLAN2023,ACTUAL_ACQUISITION_CF_PAST_SERVICE,0.0
NI02PAIPLAN2023,ACTUAL_ACQUISITION_CF_FUTURE_SERVICE,0.0
NI02PAIPLAN2023,ACTUAL_INV_COMP_PAYABLE,0.0
NI02PAIPLAN2023,ACTUAL_CHANGE_FV_FINANCIAL_UNDERLYING_ITEMS,0.0
NI02PAIPLAN2023,ACTUAL_CHANGE_FV_TECHNICAL_UNDERLYING_ITEMS,0.0
NI02PAIPLAN2023,FIN_RISK_MITIGATION,0.0
NI02PAIPLAN2023,RE_RISK_MITIGATION,0.0
NI02PAIPLAN2023,ACTUAL_COVERAGE_UNIT,0.0
NI02PAIPLAN2023,THEORETICAL_PREMIUM_DERECOGNITION_LRC,0.0
NI02PAIPLAN2023,THEORETICAL_PREMIUM_DERECOGNITION_LIC,0.0
NI02PAIPLAN2023,THEORETICAL_PREMIUM_RECOGNITION,0.0
NI02PAIPLAN2023,DERECOGNITION_ASSET_ACQ_CF_BF_INIT_RECOG,0.0
NI02PAIPLAN2023,ACTUAL_COMMISSION_CF_PAST_SERVICE,0.0
NI02PAIPLAN2023,ACTUAL_COMMISSION_CF_FUTURE_SERVICE,0.0
NI02PAIPLAN2023,RE_RISK_MITIGATION_PNL,0.0
NI02PAIPLAN2023,ACTUAL_PREMIUM_CF_CURRENT_SERVICE,0.0
NI02PAIPLAN2023,ACTUAL_ACQUISITION_CF_CURRENT_SERVICE,0.0
NI02PAIPLAN2023,ACTUAL_COMMISSION_CF_CURRENT_SERVICE,0.0
NI02PAIPLAN2023,DERECOGNITION_ASSET_OTHER_CF_BF_INIT_RECOG,0.0
NI02OAIPLAN2024,ACTUAL_PREMIUM_CF_PAST_SERVICE,0.0
NI02OAIPLAN2024,ACTUAL_PREMIUM_CF_FUTURE_SERVICE,0.0
NI02OAIPLAN2024,ACTUAL_ACQUISITION_CF_PAST_SERVICE,0.0
NI02OAIPLAN2024,ACTUAL_ACQUISITION_CF_FUTURE_SERVICE,0.0
NI02OAIPLAN2024,ACTUAL_INV_COMP_PAYABLE,0.0
NI02OAIPLAN2024,ACTUAL_CHANGE_FV_FINANCIAL_UNDERLYING_ITEMS,0.0
NI02OAIPLAN2024,ACTUAL_CHANGE_FV_TECHNICAL_UNDERLYING_ITEMS,0.0
NI02OAIPLAN2024,FIN_RISK_MITIGATION,0.0
NI02OAIPLAN2024,RE_RISK_MITIGATION,0.0
NI02OAIPLAN2024,ACTUAL_COVERAGE_UNIT,0.0
NI02OAIPLAN2024,THEORETICAL_PREMIUM_DERECOGNITION_LRC,0.0
NI02OAIPLAN2024,THEORETICAL_PREMIUM_DERECOGNITION_LIC,0.0
NI02OAIPLAN2024,THEORETICAL_PREMIUM_RECOGNITION,0.0
NI02OAIPLAN2024,DERECOGNITION_ASSET_ACQ_CF_BF_INIT_RECOG,0.0
NI02OAIPLAN2024,ACTUAL_COMMISSION_CF_PAST_SERVICE,0.0
NI02OAIPLAN2024,ACTUAL_COMMISSION_CF_FUTURE_SERVICE,0.0
NI02OAIPLAN2024,RE_RISK_MITIGATION_PNL,0.0
NI02OAIPLAN2024,ACTUAL_PREMIUM_CF_CURRENT_SERVICE,0.0
NI02OAIPLAN2024,ACTUAL_ACQUISITION_CF_CURRENT_SERVICE,0.0
NI02OAIPLAN2024,ACTUAL_COMMISSION_CF_CURRENT_SERVICE,0.0
NI02OAIPLAN2024,DERECOGNITION_ASSET_OTHER_CF_BF_INIT_RECOG,0.0
NI02OAIPLAN2025,ACTUAL_PREMIUM_CF_PAST_SERVICE,0.0
NI02OAIPLAN2025,ACTUAL_PREMIUM_CF_FUTURE_SERVICE,0.0
NI02OAIPLAN2025,ACTUAL_ACQUISITION_CF_PAST_SERVICE,0.0
NI02OAIPLAN2025,ACTUAL_ACQUISITION_CF_FUTURE_SERVICE,0.0
NI02OAIPLAN2025,ACTUAL_INV_COMP_PAYABLE,0.0
NI02OAIPLAN2025,ACTUAL_CHANGE_FV_FINANCIAL_UNDERLYING_ITEMS,0.0
NI02OAIPLAN2025,ACTUAL_CHANGE_FV_TECHNICAL_UNDERLYING_ITEMS,0.0
NI02OAIPLAN2025,FIN_RISK_MITIGATION,0.0
NI02OAIPLAN2025,RE_RISK_MITIGATION,0.0
NI02OAIPLAN2025,ACTUAL_COVERAGE_UNIT,0.0
NI02OAIPLAN2025,THEORETICAL_PREMIUM_DERECOGNITION_LRC,0.0
NI02OAIPLAN2025,THEORETICAL_PREMIUM_DERECOGNITION_LIC,0.0
NI02OAIPLAN2025,THEORETICAL_PREMIUM_RECOGNITION,0.0
NI02OAIPLAN2025,DERECOGNITION_ASSET_ACQ_CF_BF_INIT_RECOG,0.0
NI02OAIPLAN2025,ACTUAL_COMMISSION_CF_PAST_SERVICE,0.0
NI02OAIPLAN2025,ACTUAL_COMMISSION_CF_FUTURE_SERVICE,0.0
NI02OAIPLAN2025,RE_RISK_MITIGATION_PNL,0.0
NI02OAIPLAN2025,ACTUAL_PREMIUM_CF_CURRENT_SERVICE,0.0
NI02OAIPLAN2025,ACTUAL_ACQUISITION_CF_CURRENT_SERVICE,0.0
NI02OAIPLAN2025,ACTUAL_COMMISSION_CF_CURRENT_SERVICE,0.0
NI02OAIPLAN2025,DERECOGNITION_ASSET_OTHER_CF_BF_INIT_RECOG,0.0
NI02PANNUIT2021,ACTUAL_PREMIUM_CF_PAST_SERVICE,0.0
NI02PANNUIT2021,ACTUAL_PREMIUM_CF_FUTURE_SERVICE,0.0
NI02PANNUIT2021,ACTUAL_ACQUISITION_CF_PAST_SERVICE,0.0
NI02PANNUIT2021,ACTUAL_ACQUISITION_CF_FUTURE_SERVICE,0.0
NI02PANNUIT2021,ACTUAL_INV_COMP_PAYABLE,-54890301.923999995
NI02PANNUIT2021,ACTUAL_CHANGE_FV_FINANCIAL_UNDERLYING_ITEMS,0.0
NI02PANNUIT2021,ACTUAL_CHANGE_FV_TECHNICAL_UNDERLYING_ITEMS,0.0
NI02PANNUIT2021,FIN_RISK_MITIGATION,0.0
NI02PANNUIT2021,RE_RISK_MITIGATION,0.0
NI02PANNUIT2021,ACTUAL_COVERAGE_UNIT,0.0
NI02PANNUIT2021,THEORETICAL_PREMIUM_DERECOGNITION_LRC,0.0
NI02PANNUIT2021,THEORETICAL_PREMIUM_DERECOGNITION_LIC,0.0
NI02PANNUIT2021,THEORETICAL_PREMIUM_RECOGNITION,0.0
NI02PANNUIT2021,DERECOGNITION_ASSET_ACQ_CF_BF_INIT_RECOG,0.0
NI02PANNUIT2021,ACTUAL_COMMISSION_CF_PAST_SERVICE,0.0
NI02PANNUIT2021,ACTUAL_COMMISSION_CF_FUTURE_SERVICE,0.0
NI02PANNUIT2021,RE_RISK_MITIGATION_PNL,0.0
NI02PANNUIT2021,ACTUAL_PREMIUM_CF_CURRENT_SERVICE,0.0
NI02PANNUIT2021,ACTUAL_ACQUISITION_CF_CURRENT_SERVICE,0.0
NI02PANNUIT2021,ACTUAL_COMMISSION_CF_CURRENT_SERVICE,0.0
NI02PANNUIT2021,DERECOGNITION_ASSET_OTHER_CF_BF_INIT_RECOG,0.0
NI02PAENDOW2024,ACTUAL_PREMIUM_CF_PAST_SERVICE,0.0
NI02PAENDOW2024,ACTUAL_PREMIUM_CF_FUTURE_SERVICE,0.0
NI02PAENDOW2024,ACTUAL_ACQUISITION_CF_PAST_SERVICE,0.0
NI02PAENDOW2024,ACTUAL_ACQUISITION_CF_FUTURE_SERVICE,0.0
NI02PAENDOW2024,ACTUAL_INV_COMP_PAYABLE,0.0
NI02PAENDOW2024,ACTUAL_CHANGE_FV_FINANCIAL_UNDERLYING_ITEMS,0.0
NI02PAENDOW2024,ACTUAL_CHANGE_FV_TECHNICAL_UNDERLYING_ITEMS,0.0
NI02PAENDOW2024,FIN_RISK_MITIGATION,0.0
NI02PAENDOW2024,RE_RISK_MITIGATION,0.0
NI02PAENDOW2024,ACTUAL_COVERAGE_UNIT,0.0
NI02PAENDOW2024,THEORETICAL_PREMIUM_DERECOGNITION_LRC,0.0
NI02PAENDOW2024,THEORETICAL_PREMIUM_DERECOGNITION_LIC,0.0
NI02PAENDOW2024,THEORETICAL_PREMIUM_RECOGNITION,0.0
NI02PAENDOW2024,DERECOGNITION_ASSET_ACQ_CF_BF_INIT_RECOG,0.0
NI02PAENDOW2024,ACTUAL_COMMISSION_CF_PAST_SERVICE,0.0
NI02PAENDOW2024,ACTUAL_COMMISSION_CF_FUTURE_SERVICE,0.0
NI02PAENDOW2024,RE_RISK_MITIGATION_PNL,0.0
NI02PAENDOW2024,ACTUAL_PREMIUM_CF_CURRENT_SERVICE,0.0
NI02PAENDOW2024,ACTUAL_ACQUISITION_CF_CURRENT_SERVICE,0.0
NI02PAENDOW2024,ACTUAL_COMMISSION_CF_CURRENT_SERVICE,0.0
NI02PAENDOW2024,DERECOGNITION_ASSET_OTHER_CF_BF_INIT_RECOG,0.0
NI02PAENDOW2025,ACTUAL_PREMIUM_CF_PAST_SERVICE,0.0
NI02PAENDOW2025,ACTUAL_PREMIUM_CF_FUTURE_SERVICE,0.0
NI02PAENDOW2025,ACTUAL_ACQUISITION_CF_PAST_SERVICE,0.0
NI02PAENDOW2025,ACTUAL_ACQUISITION_CF_FUTURE_SERVICE,0.0
NI02PAENDOW2025,ACTUAL_INV_COMP_PAYABLE,0.0
NI02PAENDOW2025,ACTUAL_CHANGE_FV_FINANCIAL_UNDERLYING_ITEMS,0.0
NI02PAENDOW2025,ACTUAL_CHANGE_FV_TECHNICAL_UNDERLYING_ITEMS,0.0
NI02PAENDOW2025,FIN_RISK_MITIGATION,0.0
NI02PAENDOW2025,RE_RISK_MITIGATION,0.0
NI02PAENDOW2025,ACTUAL_COVERAGE_UNIT,0.0
NI02PAENDOW2025,THEORETICAL_PREMIUM_DERECOGNITION_LRC,0.0
NI02PAENDOW2025,THEORETICAL_PREMIUM_DERECOGNITION_LIC,0.0
NI02PAENDOW2025,THEORETICAL_PREMIUM_RECOGNITION,0.0
NI02PAENDOW2025,DERECOGNITION_ASSET_ACQ_CF_BF_INIT_RECOG,0.0
NI02PAENDOW2025,ACTUAL_COMMISSION_CF_PAST_SERVICE,0.0
NI02PAENDOW2025,ACTUAL_COMMISSION_CF_FUTURE_SERVICE,0.0
NI02PAENDOW2025,RE_RISK_MITIGATION_PNL,0.0
NI02PAENDOW2025,ACTUAL_PREMIUM_CF_CURRENT_SERVICE,0.0
NI02PAENDOW2025,ACTUAL_ACQUISITION_CF_CURRENT_SERVICE,0.0
NI02PAENDOW2025,ACTUAL_COMMISSION_CF_CURRENT_SERVICE,0.0
NI02PAENDOW2025,DERECOGNITION_ASSET_OTHER_CF_BF_INIT_RECOG,0.0
NI02PBNLIFE2021,ACTUAL_PREMIUM_CF_PAST_SERVICE,0.0
NI02PBNLIFE2021,ACTUAL_PREMIUM_CF_FUTURE_SERVICE,0.0
NI02PBNLIFE2021,ACTUAL_ACQUISITION_CF_PAST_SERVICE,0.0
NI02PBNLIFE2021,ACTUAL_ACQUISITION_CF_FUTURE_SERVICE,0.0
NI02PBNLIFE2021,ACTUAL_INV_COMP_PAYABLE,0.0
NI02PBNLIFE2021,ACTUAL_CHANGE_FV_FINANCIAL_UNDERLYING_ITEMS,0.0
NI02PBNLIFE2021,ACTUAL_CHANGE_FV_TECHNICAL_UNDERLYING_ITEMS,0.0
NI02PBNLIFE2021,FIN_RISK_MITIGATION,0.0
NI02PBNLIFE2021,RE_RISK_MITIGATION,0.0
NI02PBNLIFE2021,ACTUAL_COVERAGE_UNIT,0.0
NI02PBNLIFE2021,THEORETICAL_PREMIUM_DERECOGNITION_LRC,0.0
NI02PBNLIFE2021,THEORETICAL_PREMIUM_DERECOGNITION_LIC,0.0
NI02PBNLIFE2021,THEORETICAL_PREMIUM_RECOGNITION,0.0
NI02PBNLIFE2021,DERECOGNITION_ASSET_ACQ_CF_BF_INIT_RECOG,0.0
NI02PBNLIFE2021,ACTUAL_COMMISSION_CF_PAST_SERVICE,0.0
NI02PBNLIFE2021,ACTUAL_COMMISSION_CF_FUTURE_SERVICE,0.0
NI02PBNLIFE2021,RE_RISK_MITIGATION_PNL,0.0
NI02PBNLIFE2021,ACTUAL_PREMIUM_CF_CURRENT_SERVICE,0.0
NI02PBNLIFE2021,ACTUAL_ACQUISITION_CF_CURRENT_SERVICE,0.0
NI02PBNLIFE2021,ACTUAL_COMMISSION_CF_CURRENT_SERVICE,0.0
NI02PBNLIFE2021,DERECOGNITION_ASSET_OTHER_CF_BF_INIT_RECOG,0.0
NI02PBNLIFE2022,ACTUAL_PREMIUM_CF_PAST_SERVICE,0.0
NI02PBNLIFE2022,ACTUAL_PREMIUM_CF_FUTURE_SERVICE,0.0
NI02PBNLIFE2022,ACTUAL_ACQUISITION_CF_PAST_SERVICE,0.0
NI02PBNLIFE2022,ACTUAL_ACQUISITION_CF_FUTURE_SERVICE,0.0
NI02PBNLIFE2022,ACTUAL_INV_COMP_PAYABLE,0.0
NI02PBNLIFE2022,ACTUAL_CHANGE_FV_FINANCIAL_UNDERLYING_ITEMS,0.0
NI02PBNLIFE2022,ACTUAL_CHANGE_FV_TECHNICAL_UNDERLYING_ITEMS,0.0
NI02PBNLIFE2022,FIN_RISK_MITIGATION,0.0
NI02PBNLIFE2022,RE_RISK_MITIGATION,0.0
NI02PBNLIFE2022,ACTUAL_COVERAGE_UNIT,0.0
NI02PBNLIFE2022,THEORETICAL_PREMIUM_DERECOGNITION_LRC,0.0
NI02PBNLIFE2022,THEORETICAL_PREMIUM_DERECOGNITION_LIC,0.0
NI02PBNLIFE2022,THEORETICAL_PREMIUM_RECOGNITION,0.0
NI02PBNLIFE2022,DERECOGNITION_ASSET_ACQ_CF_BF_INIT_RECOG,0.0
NI02PBNLIFE2022,ACTUAL_COMMISSION_CF_PAST_SERVICE,0.0
NI02PBNLIFE2022,ACTUAL_COMMISSION_CF_FUTURE_SERVICE,0.0
NI02PBNLIFE2022,RE_RISK_MITIGATION_PNL,0.0
NI02PBNLIFE2022,ACTUAL_PREMIUM_CF_CURRENT_SERVICE,0.0
NI02PBNLIFE2022,ACTUAL_ACQUISITION_CF_CURRENT_SERVICE,0.0
NI02PBNLIFE2022,ACTUAL_COMMISSION_CF_CURRENT_SERVICE,0.0
NI02PBNLIFE2022,DERECOGNITION_ASSET_OTHER_CF_BF_INIT_RECOG,0.0
NI02PBNLIFE2023,ACTUAL_PREMIUM_CF_PAST_SERVICE,0.0
NI02PBNLIFE2023,ACTUAL_PREMIUM_CF_FUTURE_SERVICE,0.0
NI02PBNLIFE2023,ACTUAL_ACQUISITION_CF_PAST_SERVICE,0.0
NI02PBNLIFE2023,ACTUAL_ACQUISITION_CF_FUTURE_SERVICE,0.0
NI02PBNLIFE2023,ACTUAL_INV_COMP_PAYABLE,0.0
NI02PBNLIFE2023,ACTUAL_CHANGE_FV_FINANCIAL_UNDERLYING_ITEMS,0.0
NI02PBNLIFE2023,ACTUAL_CHANGE_FV_TECHNICAL_UNDERLYING_ITEMS,0.0
NI02PBNLIFE2023,FIN_RISK_MITIGATION,0.0
NI02PBNLIFE2023,RE_RISK_MITIGATION,0.0
NI02PBNLIFE2023,ACTUAL_COVERAGE_UNIT,0.0
NI02PBNLIFE2023,THEORETICAL_PREMIUM_DERECOGNITION_LRC,0.0
NI02PBNLIFE2023,THEORETICAL_PREMIUM_DERECOGNITION_LIC,0.0
NI02PBNLIFE2023,THEORETICAL_PREMIUM_RECOGNITION,0.0
NI02PBNLIFE2023,DERECOGNITION_ASSET_ACQ_CF_BF_INIT_RECOG,0.0
NI02PBNLIFE2023,ACTUAL_COMMISSION_CF_PAST_SERVICE,0.0
NI02PBNLIFE2023,ACTUAL_COMMISSION_CF_FUTURE_SERVICE,0.0
NI02PBNLIFE2023,RE_RISK_MITIGATION_PNL,0.0
NI02PBNLIFE2023,ACTUAL_PREMIUM_CF_CURRENT_SERVICE,0.0
NI02PBNLIFE2023,ACTUAL_ACQUISITION_CF_CURRENT_SERVICE,0.0
NI02PBNLIFE2023,ACTUAL_COMMISSION_CF_CURRENT_SERVICE,0.0
NI02PBNLIFE2023,DERECOGNITION_ASSET_OTHER_CF_BF_INIT_RECOG,0.0
NI02OBNLIFE2024,ACTUAL_PREMIUM_CF_PAST_SERVICE,0.0
NI02OBNLIFE2024,ACTUAL_PREMIUM_CF_FUTURE_SERVICE,0.0
NI02OBNLIFE2024,ACTUAL_ACQUISITION_CF_PAST_SERVICE,0.0
NI02OBNLIFE2024,ACTUAL_ACQUISITION_CF_FUTURE_SERVICE,0.0
NI02OBNLIFE2024,ACTUAL_INV_COMP_PAYABLE,0.0
NI02OBNLIFE2024,ACTUAL_CHANGE_FV_FINANCIAL_UNDERLYING_ITEMS,0.0
NI02OBNLIFE2024,ACTUAL_CHANGE_FV_TECHNICAL_UNDERLYING_ITEMS,0.0
NI02OBNLIFE2024,FIN_RISK_MITIGATION,0.0
NI02OBNLIFE2024,RE_RISK_MITIGATION,0.0
NI02OBNLIFE2024,ACTUAL_COVERAGE_UNIT,0.0
NI02OBNLIFE2024,THEORETICAL_PREMIUM_DERECOGNITION_LRC,0.0
NI02OBNLIFE2024,THEORETICAL_PREMIUM_DERECOGNITION_LIC,0.0
NI02OBNLIFE2024,THEORETICAL_PREMIUM_RECOGNITION,0.0
NI02OBNLIFE2024,DERECOGNITION_ASSET_ACQ_CF_BF_INIT_RECOG,0.0
NI02OBNLIFE2024,ACTUAL_COMMISSION_CF_PAST_SERVICE,0.0
NI02OBNLIFE2024,ACTUAL_COMMISSION_CF_FUTURE_SERVICE,0.0
NI02OBNLIFE2024,RE_RISK_MITIGATION_PNL,0.0
NI02OBNLIFE2024,ACTUAL_PREMIUM_CF_CURRENT_SERVICE,0.0
NI02OBNLIFE2024,ACTUAL_ACQUISITION_CF_CURRENT_SERVICE,0.0
NI02OBNLIFE2024,ACTUAL_COMMISSION_CF_CURRENT_SERVICE,0.0
NI02OBNLIFE2024,DERECOGNITION_ASSET_OTHER_CF_BF_INIT_RECOG,0.0
NI02OBNLIFE2025,ACTUAL_PREMIUM_CF_PAST_SERVICE,0.0
NI02OBNLIFE2025,ACTUAL_PREMIUM_CF_FUTURE_SERVICE,117889672.34399994
NI02OBNLIFE2025,ACTUAL_ACQUISITION_CF_PAST_SERVICE,0.0
NI02OBNLIFE2025,ACTUAL_ACQUISITION_CF_FUTURE_SERVICE,7131564.4
NI02OBNLIFE2025,ACTUAL_INV_COMP_PAYABLE,0.0
NI02OBNLIFE2025,ACTUAL_CHANGE_FV_FINANCIAL_UNDERLYING_ITEMS,0.0
NI02OBNLIFE2025,ACTUAL_CHANGE_FV_TECHNICAL_UNDERLYING_ITEMS,0.0
NI02OBNLIFE2025,FIN_RISK_MITIGATION,0.0
NI02OBNLIFE2025,RE_RISK_MITIGATION,0.0
NI02OBNLIFE2025,ACTUAL_COVERAGE_UNIT,0.0
NI02OBNLIFE2025,THEORETICAL_PREMIUM_DERECOGNITION_LRC,0.0
NI02OBNLIFE2025,THEORETICAL_PREMIUM_DERECOGNITION_LIC,0.0
NI02OBNLIFE2025,THEORETICAL_PREMIUM_RECOGNITION,0.0
NI02OBNLIFE2025,DERECOGNITION_ASSET_ACQ_CF_BF_INIT_RECOG,0.0
NI02OBNLIFE2025,ACTUAL_COMMISSION_CF_PAST_SERVICE,0.0
NI02OBNLIFE2025,ACTUAL_COMMISSION_CF_FUTURE_SERVICE,0.0
NI02OBNLIFE2025,RE_RISK_MITIGATION_PNL,0.0
NI02OBNLIFE2025,ACTUAL_PREMIUM_CF_CURRENT_SERVICE,0.0
NI02OBNLIFE2025,ACTUAL_ACQUISITION_CF_CURRENT_SERVICE,0.0
NI02OBNLIFE2025,ACTUAL_COMMISSION_CF_CURRENT_SERVICE,0.0
NI02OBNLIFE2025,DERECOGNITION_ASSET_OTHER_CF_BF_INIT_RECOG,0.0
NI02PCTLIFE2021,ACTUAL_PREMIUM_CF_PAST_SERVICE,0.0
NI02PCTLIFE2021,ACTUAL_PREMIUM_CF_FUTURE_SERVICE,0.0
NI02PCTLIFE2021,ACTUAL_ACQUISITION_CF_PAST_SERVICE,0.0
NI02PCTLIFE2021,ACTUAL_ACQUISITION_CF_FUTURE_SERVICE,0.0
NI02PCTLIFE2021,ACTUAL_INV_COMP_PAYABLE,-235564.9103539571
NI02PCTLIFE2021,ACTUAL_CHANGE_FV_FINANCIAL_UNDERLYING_ITEMS,0.0
NI02PCTLIFE2021,ACTUAL_CHANGE_FV_TECHNICAL_UNDERLYING_ITEMS,0.0
NI02PCTLIFE2021,FIN_RISK_MITIGATION,0.0
NI02PCTLIFE2021,RE_RISK_MITIGATION,0.0
NI02PCTLIFE2021,ACTUAL_COVERAGE_UNIT,0.0
NI02PCTLIFE2021,THEORETICAL_PREMIUM_DERECOGNITION_LRC,0.0
NI02PCTLIFE2021,THEORETICAL_PREMIUM_DERECOGNITION_LIC,0.0
NI02PCTLIFE2021,THEORETICAL_PREMIUM_RECOGNITION,0.0
NI02PCTLIFE2021,DERECOGNITION_ASSET_ACQ_CF_BF_INIT_RECOG,0.0
NI02PCTLIFE2021,ACTUAL_COMMISSION_CF_PAST_SERVICE,0.0
NI02PCTLIFE2021,ACTUAL_COMMISSION_CF_FUTURE_SERVICE,0.0
NI02PCTLIFE2021,RE_RISK_MITIGATION_PNL,0.0
NI02PCTLIFE2021,ACTUAL_PREMIUM_CF_CURRENT_SERVICE,0.0
NI02PCTLIFE2021,ACTUAL_ACQUISITION_CF_CURRENT_SERVICE,0.0
NI02PCTLIFE2021,ACTUAL_COMMISSION_CF_CURRENT_SERVICE,0.0
NI02PCTLIFE2021,DERECOGNITION_ASSET_OTHER_CF_BF_INIT_RECOG,0.0
NI02PCTLIFE2022,ACTUAL_PREMIUM_CF_PAST_SERVICE,0.0
NI02PCTLIFE2022,ACTUAL_PREMIUM_CF_FUTURE_SERVICE,951980.0
NI02PCTLIFE2022,ACTUAL_ACQUISITION_CF_PAST_SERVICE,0.0
NI02PCTLIFE2022,ACTUAL_ACQUISITION_CF_FUTURE_SERVICE,66638.6
NI02PCTLIFE2022,ACTUAL_INV_COMP_PAYABLE,0.0
NI02PCTLIFE2022,ACTUAL_CHANGE_FV_FINANCIAL_UNDERLYING_ITEMS,0.0
NI02PCTLIFE2022,ACTUAL_CHANGE_FV_TECHNICAL_UNDERLYING_ITEMS,0.0
NI02PCTLIFE2022,FIN_RISK_MITIGATION,0.0
NI02PCTLIFE2022,RE_RISK_MITIGATION,0.0
NI02PCTLIFE2022,ACTUAL_COVERAGE_UNIT,0.0
NI02PCTLIFE2022,THEORETICAL_PREMIUM_DERECOGNITION_LRC,0.0
NI02PCTLIFE2022,THEORETICAL_PREMIUM_DERECOGNITION_LIC,0.0
NI02PCTLIFE2022,THEORETICAL_PREMIUM_RECOGNITION,0.0
NI02PCTLIFE2022,DERECOGNITION_ASSET_ACQ_CF_BF_INIT_RECOG,0.0
NI02PCTLIFE2022,ACTUAL_COMMISSION_CF_PAST_SERVICE,0.0
NI02PCTLIFE2022,ACTUAL_COMMISSION_CF_FUTURE_SERVICE,0.0
NI02PCTLIFE2022,RE_RISK_MITIGATION_PNL,0.0
NI02PCTLIFE2022,ACTUAL_PREMIUM_CF_CURRENT_SERVICE,0.0
NI02PCTLIFE2022,ACTUAL_ACQUISITION_CF_CURRENT_SERVICE,0.0
NI02PCTLIFE2022,ACTUAL_COMMISSION_CF_CURRENT_SERVICE,0.0
NI02PCTLIFE2022,DERECOGNITION_ASSET_OTHER_CF_BF_INIT_RECOG,0.0
NI02OCRLIFE2021,ACTUAL_PREMIUM_CF_PAST_SERVICE,0.0
NI02OCRLIFE2021,ACTUAL_PREMIUM_CF_FUTURE_SERVICE,0.0
NI02OCRLIFE2021,ACTUAL_ACQUISITION_CF_PAST_SERVICE,0.0
NI02OCRLIFE2021,ACTUAL_ACQUISITION_CF_FUTURE_SERVICE,0.0
NI02OCRLIFE2021,ACTUAL_INV_COMP_PAYABLE,0.0
NI02OCRLIFE2021,ACTUAL_CHANGE_FV_FINANCIAL_UNDERLYING_ITEMS,0.0
NI02OCRLIFE2021,ACTUAL_CHANGE_FV_TECHNICAL_UNDERLYING_ITEMS,0.0
NI02OCRLIFE2021,FIN_RISK_MITIGATION,0.0
NI02OCRLIFE2021,RE_RISK_MITIGATION,0.0
NI02OCRLIFE2021,ACTUAL_COVERAGE_UNIT,0.0
NI02OCRLIFE2021,THEORETICAL_PREMIUM_DERECOGNITION_LRC,0.0
NI02OCRLIFE2021,THEORETICAL_PREMIUM_DERECOGNITION_LIC,0.0
NI02OCRLIFE2021,THEORETICAL_PREMIUM_RECOGNITION,0.0
NI02OCRLIFE2021,DERECOGNITION_ASSET_ACQ_CF_BF_INIT_RECOG,0.0
NI02OCRLIFE2021,ACTUAL_COMMISSION_CF_PAST_SERVICE,0.0
NI02OCRLIFE2021,ACTUAL_COMMISSION_CF_FUTURE_SERVICE,0.0
NI02OCRLIFE2021,RE_RISK_MITIGATION_PNL,0.0
NI02OCRLIFE2021,ACTUAL_PREMIUM_CF_CURRENT_SERVICE,0.0
NI02OCRLIFE2021,ACTUAL_ACQUISITION_CF_CURRENT_SERVICE,0.0
NI02OCRLIFE2021,ACTUAL_COMMISSION_CF_CURRENT_SERVICE,0.0
NI02OCRLIFE2021,DERECOGNITION_ASSET_OTHER_CF_BF_INIT_RECOG,0.0
NI02OCRLIFE2022,ACTUAL_PREMIUM_CF_PAST_SERVICE,0.0
NI02OCRLIFE2022,ACTUAL_PREMIUM_CF_FUTURE_SERVICE,0.0
NI02OCRLIFE2022,ACTUAL_ACQUISITION_CF_PAST_SERVICE,0.0
NI02OCRLIFE2022,ACTUAL_ACQUISITION_CF_FUTURE_SERVICE,0.0
NI02OCRLIFE2022,ACTUAL_INV_COMP_PAYABLE,0.0
NI02OCRLIFE2022,ACTUAL_CHANGE_FV_FINANCIAL_UNDERLYING_ITEMS,0.0
NI02OCRLIFE2022,ACTUAL_CHANGE_FV_TECHNICAL_UNDERLYING_ITEMS,0.0
NI02OCRLIFE2022,FIN_RISK_MITIGATION,0.0
NI02OCRLIFE2022,RE_RISK_MITIGATION,0.0
NI02OCRLIFE2022,ACTUAL_COVERAGE_UNIT,0.0
NI02OCRLIFE2022,THEORETICAL_PREMIUM_DERECOGNITION_LRC,0.0
NI02OCRLIFE2022,THEORETICAL_PREMIUM_DERECOGNITION_LIC,0.0
NI02OCRLIFE2022,THEORETICAL_PREMIUM_RECOGNITION,0.0
NI02OCRLIFE2022,DERECOGNITION_ASSET_ACQ_CF_BF_INIT_RECOG,0.0
NI02OCRLIFE2022,ACTUAL_COMMISSION_CF_PAST_SERVICE,0.0
NI02OCRLIFE2022,ACTUAL_COMMISSION_CF_FUTURE_SERVICE,0.0
NI02OCRLIFE2022,RE_RISK_MITIGATION_PNL,0.0
NI02OCRLIFE2022,ACTUAL_PREMIUM_CF_CURRENT_SERVICE,0.0
NI02OCRLIFE2022,ACTUAL_ACQUISITION_CF_CURRENT_SERVICE,0.0
NI02OCRLIFE2022,ACTUAL_COMMISSION_CF_CURRENT_SERVICE,0.0
NI02OCRLIFE2022,DERECOGNITION_ASSET_OTHER_CF_BF_INIT_RECOG,0.0
NI02PCRLIFE2023,ACTUAL_PREMIUM_CF_PAST_SERVICE,0.0
NI02PCRLIFE2023,ACTUAL_PREMIUM_CF_FUTURE_SERVICE,0.0
NI02PCRLIFE2023,ACTUAL_ACQUISITION_CF_PAST_SERVICE,0.0
NI02PCRLIFE2023,ACTUAL_ACQUISITION_CF_FUTURE_SERVICE,0.0
NI02PCRLIFE2023,ACTUAL_INV_COMP_PAYABLE,0.0
NI02PCRLIFE2023,ACTUAL_CHANGE_FV_FINANCIAL_UNDERLYING_ITEMS,0.0
NI02PCRLIFE2023,ACTUAL_CHANGE_FV_TECHNICAL_UNDERLYING_ITEMS,0.0
NI02PCRLIFE2023,FIN_RISK_MITIGATION,0.0
NI02PCRLIFE2023,RE_RISK_MITIGATION,0.0
NI02PCRLIFE2023,ACTUAL_COVERAGE_UNIT,0.0
NI02PCRLIFE2023,THEORETICAL_PREMIUM_DERECOGNITION_LRC,0.0
NI02PCRLIFE2023,THEORETICAL_PREMIUM_DERECOGNITION_LIC,0.0
NI02PCRLIFE2023,THEORETICAL_PREMIUM_RECOGNITION,0.0
NI02PCRLIFE2023,DERECOGNITION_ASSET_ACQ_CF_BF_INIT_RECOG,0.0
NI02PCRLIFE2023,ACTUAL_COMMISSION_CF_PAST_SERVICE,0.0
NI02PCRLIFE2023,ACTUAL_COMMISSION_CF_FUTURE_SERVICE,0.0
NI02PCRLIFE2023,RE_RISK_MITIGATION_PNL,0.0
NI02PCRLIFE2023,ACTUAL_PREMIUM_CF_CURRENT_SERVICE,0.0
NI02PCRLIFE2023,ACTUAL_ACQUISITION_CF_CURRENT_SERVICE,0.0
NI02PCRLIFE2023,ACTUAL_COMMISSION_CF_CURRENT_SERVICE,0.0
NI02PCRLIFE2023,DERECOGNITION_ASSET_OTHER_CF_BF_INIT_RECOG,0.0
NI02OCRLIFE2024,ACTUAL_PREMIUM_CF_PAST_SERVICE,0.0
NI02OCRLIFE2024,ACTUAL_PREMIUM_CF_FUTURE_SERVICE,0.0
NI02OCRLIFE2024,ACTUAL_ACQUISITION_CF_PAST_SERVICE,0.0
NI02OCRLIFE2024,ACTUAL_ACQUISITION_CF_FUTURE_SERVICE,0.0
NI02OCRLIFE2024,ACTUAL_INV_COMP_PAYABLE,0.0
NI02OCRLIFE2024,ACTUAL_CHANGE_FV_FINANCIAL_UNDERLYING_ITEMS,0.0
NI02OCRLIFE2024,ACTUAL_CHANGE_FV_TECHNICAL_UNDERLYING_ITEMS,0.0
NI02OCRLIFE2024,FIN_RISK_MITIGATION,0.0
NI02OCRLIFE2024,RE_RISK_MITIGATION,0.0
NI02OCRLIFE2024,ACTUAL_COVERAGE_UNIT,0.0
NI02OCRLIFE2024,THEORETICAL_PREMIUM_DERECOGNITION_LRC,0.0
NI02OCRLIFE2024,THEORETICAL_PREMIUM_DERECOGNITION_LIC,0.0
NI02OCRLIFE2024,THEORETICAL_PREMIUM_RECOGNITION,0.0
NI02OCRLIFE2024,DERECOGNITION_ASSET_ACQ_CF_BF_INIT_RECOG,0.0
NI02OCRLIFE2024,ACTUAL_COMMISSION_CF_PAST_SERVICE,0.0
NI02OCRLIFE2024,ACTUAL_COMMISSION_CF_FUTURE_SERVICE,0.0
NI02OCRLIFE2024,RE_RISK_MITIGATION_PNL,0.0
NI02OCRLIFE2024,ACTUAL_PREMIUM_CF_CURRENT_SERVICE,0.0
NI02OCRLIFE2024,ACTUAL_ACQUISITION_CF_CURRENT_SERVICE,0.0
NI02OCRLIFE2024,ACTUAL_COMMISSION_CF_CURRENT_SERVICE,0.0
NI02OCRLIFE2024,DERECOGNITION_ASSET_OTHER_CF_BF_INIT_RECOG,0.0
NI02OCRLIFE2025,ACTUAL_PREMIUM_CF_PAST_SERVICE,0.0
NI02OCRLIFE2025,ACTUAL_PREMIUM_CF_FUTURE_SERVICE,676528690.2590001
NI02OCRLIFE2025,ACTUAL_ACQUISITION_CF_PAST_SERVICE,0.0
NI02OCRLIFE2025,ACTUAL_ACQUISITION_CF_FUTURE_SERVICE,6522789.751
NI02OCRLIFE2025,ACTUAL_INV_COMP_PAYABLE,0.0
NI02OCRLIFE2025,ACTUAL_CHANGE_FV_FINANCIAL_UNDERLYING_ITEMS,0.0
NI02OCRLIFE2025,ACTUAL_CHANGE_FV_TECHNICAL_UNDERLYING_ITEMS,0.0
NI02OCRLIFE2025,FIN_RISK_MITIGATION,0.0
NI02OCRLIFE2025,RE_RISK_MITIGATION,0.0
NI02OCRLIFE2025,ACTUAL_COVERAGE_UNIT,0.0
NI02OCRLIFE2025,THEORETICAL_PREMIUM_DERECOGNITION_LRC,0.0
NI02OCRLIFE2025,THEORETICAL_PREMIUM_DERECOGNITION_LIC,0.0
NI02OCRLIFE2025,THEORETICAL_PREMIUM_RECOGNITION,0.0
NI02OCRLIFE2025,DERECOGNITION_ASSET_ACQ_CF_BF_INIT_RECOG,0.0
NI02OCRLIFE2025,ACTUAL_COMMISSION_CF_PAST_SERVICE,0.0
NI02OCRLIFE2025,ACTUAL_COMMISSION_CF_FUTURE_SERVICE,0.0
NI02OCRLIFE2025,RE_RISK_MITIGATION_PNL,0.0
NI02OCRLIFE2025,ACTUAL_PREMIUM_CF_CURRENT_SERVICE,0.0
NI02OCRLIFE2025,ACTUAL_ACQUISITION_CF_CURRENT_SERVICE,0.0
NI02OCRLIFE2025,ACTUAL_COMMISSION_CF_CURRENT_SERVICE,0.0
NI02OCRLIFE2025,DERECOGNITION_ASSET_OTHER_CF_BF_INIT_RECOG,0.0
NI02OEDPLAN2021,ACTUAL_PREMIUM_CF_PAST_SERVICE,0.0
NI02OEDPLAN2021,ACTUAL_PREMIUM_CF_FUTURE_SERVICE,0.0
NI02OEDPLAN2021,ACTUAL_ACQUISITION_CF_PAST_SERVICE,0.0
NI02OEDPLAN2021,ACTUAL_ACQUISITION_CF_FUTURE_SERVICE,0.0
NI02OEDPLAN2021,ACTUAL_INV_COMP_PAYABLE,0.0
NI02OEDPLAN2021,ACTUAL_CHANGE_FV_FINANCIAL_UNDERLYING_ITEMS,0.0
NI02OEDPLAN2021,ACTUAL_CHANGE_FV_TECHNICAL_UNDERLYING_ITEMS,0.0
NI02OEDPLAN2021,FIN_RISK_MITIGATION,0.0
NI02OEDPLAN2021,RE_RISK_MITIGATION,0.0
NI02OEDPLAN2021,ACTUAL_COVERAGE_UNIT,0.0
NI02OEDPLAN2021,THEORETICAL_PREMIUM_DERECOGNITION_LRC,0.0
NI02OEDPLAN2021,THEORETICAL_PREMIUM_DERECOGNITION_LIC,0.0
NI02OEDPLAN2021,THEORETICAL_PREMIUM_RECOGNITION,0.0
NI02OEDPLAN2021,DERECOGNITION_ASSET_ACQ_CF_BF_INIT_RECOG,0.0
NI02OEDPLAN2021,ACTUAL_COMMISSION_CF_PAST_SERVICE,0.0
NI02OEDPLAN2021,ACTUAL_COMMISSION_CF_FUTURE_SERVICE,0.0
NI02OEDPLAN2021,RE_RISK_MITIGATION_PNL,0.0
NI02OEDPLAN2021,ACTUAL_PREMIUM_CF_CURRENT_SERVICE,0.0
NI02OEDPLAN2021,ACTUAL_ACQUISITION_CF_CURRENT_SERVICE,0.0
NI02OEDPLAN2021,ACTUAL_COMMISSION_CF_CURRENT_SERVICE,0.0
NI02OEDPLAN2021,DERECOGNITION_ASSET_OTHER_CF_BF_INIT_RECOG,0.0
NI02PEDPLAN2022,ACTUAL_PREMIUM_CF_PAST_SERVICE,0.0
NI02PEDPLAN2022,ACTUAL_PREMIUM_CF_FUTURE_SERVICE,0.0
NI02PEDPLAN2022,ACTUAL_ACQUISITION_CF_PAST_SERVICE,0.0
NI02PEDPLAN2022,ACTUAL_ACQUISITION_CF_FUTURE_SERVICE,0.0
NI02PEDPLAN2022,ACTUAL_INV_COMP_PAYABLE,0.0
NI02PEDPLAN2022,ACTUAL_CHANGE_FV_FINANCIAL_UNDERLYING_ITEMS,0.0
NI02PEDPLAN2022,ACTUAL_CHANGE_FV_TECHNICAL_UNDERLYING_ITEMS,0.0
NI02PEDPLAN2022,FIN_RISK_MITIGATION,0.0
NI02PEDPLAN2022,RE_RISK_MITIGATION,0.0
NI02PEDPLAN2022,ACTUAL_COVERAGE_UNIT,0.0
NI02PEDPLAN2022,THEORETICAL_PREMIUM_DERECOGNITION_LRC,0.0
NI02PEDPLAN2022,THEORETICAL_PREMIUM_DERECOGNITION_LIC,0.0
NI02PEDPLAN2022,THEORETICAL_PREMIUM_RECOGNITION,0.0
NI02PEDPLAN2022,DERECOGNITION_ASSET_ACQ_CF_BF_INIT_RECOG,0.0
NI02PEDPLAN2022,ACTUAL_COMMISSION_CF_PAST_SERVICE,0.0
NI02PEDPLAN2022,ACTUAL_COMMISSION_CF_FUTURE_SERVICE,0.0
NI02PEDPLAN2022,RE_RISK_MITIGATION_PNL,0.0
NI02PEDPLAN2022,ACTUAL_PREMIUM_CF_CURRENT_SERVICE,0.0
NI02PEDPLAN2022,ACTUAL_ACQUISITION_CF_CURRENT_SERVICE,0.0
NI02PEDPLAN2022,ACTUAL_COMMISSION_CF_CURRENT_SERVICE,0.0
NI02PEDPLAN2022,DERECOGNITION_ASSET_OTHER_CF_BF_INIT_RECOG,0.0
NI02OEDPLAN2022,ACTUAL_PREMIUM_CF_PAST_SERVICE,0.0
NI02OEDPLAN2022,ACTUAL_PREMIUM_CF_FUTURE_SERVICE,0.0
NI02OEDPLAN2022,ACTUAL_ACQUISITION_CF_PAST_SERVICE,0.0
NI02OEDPLAN2022,ACTUAL_ACQUISITION_CF_FUTURE_SERVICE,0.0
NI02OEDPLAN2022,ACTUAL_INV_COMP_PAYABLE,0.0
NI02OEDPLAN2022,ACTUAL_CHANGE_FV_FINANCIAL_UNDERLYING_ITEMS,0.0
NI02OEDPLAN2022,ACTUAL_CHANGE_FV_TECHNICAL_UNDERLYING_ITEMS,0.0
NI02OEDPLAN2022,FIN_RISK_MITIGATION,0.0
NI02OEDPLAN2022,RE_RISK_MITIGATION,0.0
NI02OEDPLAN2022,ACTUAL_COVERAGE_UNIT,0.0
NI02OEDPLAN2022,THEORETICAL_PREMIUM_DERECOGNITION_LRC,0.0
NI02OEDPLAN2022,THEORETICAL_PREMIUM_DERECOGNITION_LIC,0.0
NI02OEDPLAN2022,THEORETICAL_PREMIUM_RECOGNITION,0.0
NI02OEDPLAN2022,DERECOGNITION_ASSET_ACQ_CF_BF_INIT_RECOG,0.0
NI02OEDPLAN2022,ACTUAL_COMMISSION_CF_PAST_SERVICE,0.0
NI02OEDPLAN2022,ACTUAL_COMMISSION_CF_FUTURE_SERVICE,0.0
NI02OEDPLAN2022,RE_RISK_MITIGATION_PNL,0.0
NI02OEDPLAN2022,ACTUAL_PREMIUM_CF_CURRENT_SERVICE,0.0
NI02OEDPLAN2022,ACTUAL_ACQUISITION_CF_CURRENT_SERVICE,0.0
NI02OEDPLAN2022,ACTUAL_COMMISSION_CF_CURRENT_SERVICE,0.0
NI02OEDPLAN2022,DERECOGNITION_ASSET_OTHER_CF_BF_INIT_RECOG,0.0
NI02OEDPLAN2023,ACTUAL_PREMIUM_CF_PAST_SERVICE,0.0
NI02OEDPLAN2023,ACTUAL_PREMIUM_CF_FUTURE_SERVICE,0.0
NI02OEDPLAN2023,ACTUAL_ACQUISITION_CF_PAST_SERVICE,0.0
NI02OEDPLAN2023,ACTUAL_ACQUISITION_CF_FUTURE_SERVICE,0.0
NI02OEDPLAN2023,ACTUAL_INV_COMP_PAYABLE,0.0
NI02OEDPLAN2023,ACTUAL_CHANGE_FV_FINANCIAL_UNDERLYING_ITEMS,0.0
NI02OEDPLAN2023,ACTUAL_CHANGE_FV_TECHNICAL_UNDERLYING_ITEMS,0.0
NI02OEDPLAN2023,FIN_RISK_MITIGATION,0.0
NI02OEDPLAN2023,RE_RISK_MITIGATION,0.0
NI02OEDPLAN2023,ACTUAL_COVERAGE_UNIT,0.0
NI02OEDPLAN2023,THEORETICAL_PREMIUM_DERECOGNITION_LRC,0.0
NI02OEDPLAN2023,THEORETICAL_PREMIUM_DERECOGNITION_LIC,0.0
NI02OEDPLAN2023,THEORETICAL_PREMIUM_RECOGNITION,0.0
NI02OEDPLAN2023,DERECOGNITION_ASSET_ACQ_CF_BF_INIT_RECOG,0.0
NI02OEDPLAN2023,ACTUAL_COMMISSION_CF_PAST_SERVICE,0.0
NI02OEDPLAN2023,ACTUAL_COMMISSION_CF_FUTURE_SERVICE,0.0
NI02OEDPLAN2023,RE_RISK_MITIGATION_PNL,0.0
NI02OEDPLAN2023,ACTUAL_PREMIUM_CF_CURRENT_SERVICE,0.0
NI02OEDPLAN2023,ACTUAL_ACQUISITION_CF_CURRENT_SERVICE,0.0
NI02OEDPLAN2023,ACTUAL_COMMISSION_CF_CURRENT_SERVICE,0.0
NI02OEDPLAN2023,DERECOGNITION_ASSET_OTHER_CF_BF_INIT_RECOG,0.0
NI02OEDPLAN2024,ACTUAL_PREMIUM_CF_PAST_SERVICE,0.0
NI02OEDPLAN2024,ACTUAL_PREMIUM_CF_FUTURE_SERVICE,236905772.41
NI02OEDPLAN2024,ACTUAL_ACQUISITION_CF_PAST_SERVICE,0.0
NI02OEDPLAN2024,ACTUAL_ACQUISITION_CF_FUTURE_SERVICE,0.0
NI02OEDPLAN2024,ACTUAL_INV_COMP_PAYABLE,0.0
NI02OEDPLAN2024,ACTUAL_CHANGE_FV_FINANCIAL_UNDERLYING_ITEMS,0.0
NI02OEDPLAN2024,ACTUAL_CHANGE_FV_TECHNICAL_UNDERLYING_ITEMS,0.0
NI02OEDPLAN2024,FIN_RISK_MITIGATION,0.0
NI02OEDPLAN2024,RE_RISK_MITIGATION,0.0
NI02OEDPLAN2024,ACTUAL_COVERAGE_UNIT,0.0
NI02OEDPLAN2024,THEORETICAL_PREMIUM_DERECOGNITION_LRC,0.0
NI02OEDPLAN2024,THEORETICAL_PREMIUM_DERECOGNITION_LIC,0.0
NI02OEDPLAN2024,THEORETICAL_PREMIUM_RECOGNITION,0.0
NI02OEDPLAN2024,DERECOGNITION_ASSET_ACQ_CF_BF_INIT_RECOG,0.0
NI02OEDPLAN2024,ACTUAL_COMMISSION_CF_PAST_SERVICE,0.0
NI02OEDPLAN2024,ACTUAL_COMMISSION_CF_FUTURE_SERVICE,0.0
NI02OEDPLAN2024,RE_RISK_MITIGATION_PNL,0.0
NI02OEDPLAN2024,ACTUAL_PREMIUM_CF_CURRENT_SERVICE,0.0
NI02OEDPLAN2024,ACTUAL_ACQUISITION_CF_CURRENT_SERVICE,0.0
NI02OEDPLAN2024,ACTUAL_COMMISSION_CF_CURRENT_SERVICE,0.0
NI02OEDPLAN2024,DERECOGNITION_ASSET_OTHER_CF_BF_INIT_RECOG,0.0
NI02PEDUPOL2021,ACTUAL_PREMIUM_CF_PAST_SERVICE,0.0
NI02PEDUPOL2021,ACTUAL_PREMIUM_CF_FUTURE_SERVICE,0.0
NI02PEDUPOL2021,ACTUAL_ACQUISITION_CF_PAST_SERVICE,0.0
NI02PEDUPOL2021,ACTUAL_ACQUISITION_CF_FUTURE_SERVICE,0.0
NI02PEDUPOL2021,ACTUAL_INV_COMP_PAYABLE,0.0
NI02PEDUPOL2021,ACTUAL_CHANGE_FV_FINANCIAL_UNDERLYING_ITEMS,0.0
NI02PEDUPOL2021,ACTUAL_CHANGE_FV_TECHNICAL_UNDERLYING_ITEMS,0.0
NI02PEDUPOL2021,FIN_RISK_MITIGATION,0.0
NI02PEDUPOL2021,RE_RISK_MITIGATION,0.0
NI02PEDUPOL2021,ACTUAL_COVERAGE_UNIT,0.0
NI02PEDUPOL2021,THEORETICAL_PREMIUM_DERECOGNITION_LRC,0.0
NI02PEDUPOL2021,THEORETICAL_PREMIUM_DERECOGNITION_LIC,0.0
NI02PEDUPOL2021,THEORETICAL_PREMIUM_RECOGNITION,0.0
NI02PEDUPOL2021,DERECOGNITION_ASSET_ACQ_CF_BF_INIT_RECOG,0.0
NI02PEDUPOL2021,ACTUAL_COMMISSION_CF_PAST_SERVICE,0.0
NI02PEDUPOL2021,ACTUAL_COMMISSION_CF_FUTURE_SERVICE,0.0
NI02PEDUPOL2021,RE_RISK_MITIGATION_PNL,0.0
NI02PEDUPOL2021,ACTUAL_PREMIUM_CF_CURRENT_SERVICE,0.0
NI02PEDUPOL2021,ACTUAL_ACQUISITION_CF_CURRENT_SERVICE,0.0
NI02PEDUPOL2021,ACTUAL_COMMISSION_CF_CURRENT_SERVICE,0.0
NI02PEDUPOL2021,DERECOGNITION_ASSET_OTHER_CF_BF_INIT_RECOG,0.0
NI02OEDUPOL2022,ACTUAL_PREMIUM_CF_PAST_SERVICE,0.0
NI02OEDUPOL2022,ACTUAL_PREMIUM_CF_FUTURE_SERVICE,0.0
NI02OEDUPOL2022,ACTUAL_ACQUISITION_CF_PAST_SERVICE,0.0
NI02OEDUPOL2022,ACTUAL_ACQUISITION_CF_FUTURE_SERVICE,0.0
NI02OEDUPOL2022,ACTUAL_INV_COMP_PAYABLE,0.0
NI02OEDUPOL2022,ACTUAL_CHANGE_FV_FINANCIAL_UNDERLYING_ITEMS,0.0
NI02OEDUPOL2022,ACTUAL_CHANGE_FV_TECHNICAL_UNDERLYING_ITEMS,0.0
NI02OEDUPOL2022,FIN_RISK_MITIGATION,0.0
NI02OEDUPOL2022,RE_RISK_MITIGATION,0.0
NI02OEDUPOL2022,ACTUAL_COVERAGE_UNIT,0.0
NI02OEDUPOL2022,THEORETICAL_PREMIUM_DERECOGNITION_LRC,0.0
NI02OEDUPOL2022,THEORETICAL_PREMIUM_DERECOGNITION_LIC,0.0
NI02OEDUPOL2022,THEORETICAL_PREMIUM_RECOGNITION,0.0
NI02OEDUPOL2022,DERECOGNITION_ASSET_ACQ_CF_BF_INIT_RECOG,0.0
NI02OEDUPOL2022,ACTUAL_COMMISSION_CF_PAST_SERVICE,0.0
NI02OEDUPOL2022,ACTUAL_COMMISSION_CF_FUTURE_SERVICE,0.0
NI02OEDUPOL2022,RE_RISK_MITIGATION_PNL,0.0
NI02OEDUPOL2022,ACTUAL_PREMIUM_CF_CURRENT_SERVICE,0.0
NI02OEDUPOL2022,ACTUAL_ACQUISITION_CF_CURRENT_SERVICE,0.0
NI02OEDUPOL2022,ACTUAL_COMMISSION_CF_CURRENT_SERVICE,0.0
NI02OEDUPOL2022,DERECOGNITION_ASSET_OTHER_CF_BF_INIT_RECOG,0.0
NI02PEDUPOL2022,ACTUAL_PREMIUM_CF_PAST_SERVICE,0.0
NI02PEDUPOL2022,ACTUAL_PREMIUM_CF_FUTURE_SERVICE,0.0
NI02PEDUPOL2022,ACTUAL_ACQUISITION_CF_PAST_SERVICE,0.0
NI02PEDUPOL2022,ACTUAL_ACQUISITION_CF_FUTURE_SERVICE,0.0
NI02PEDUPOL2022,ACTUAL_INV_COMP_PAYABLE,0.0
NI02PEDUPOL2022,ACTUAL_CHANGE_FV_FINANCIAL_UNDERLYING_ITEMS,0.0
NI02PEDUPOL2022,ACTUAL_CHANGE_FV_TECHNICAL_UNDERLYING_ITEMS,0.0
NI02PEDUPOL2022,FIN_RISK_MITIGATION,0.0
NI02PEDUPOL2022,RE_RISK_MITIGATION,0.0
NI02PEDUPOL2022,ACTUAL_COVERAGE_UNIT,0.0
NI02PEDUPOL2022,THEORETICAL_PREMIUM_DERECOGNITION_LRC,0.0
NI02PEDUPOL2022,THEORETICAL_PREMIUM_DERECOGNITION_LIC,0.0
NI02PEDUPOL2022,THEORETICAL_PREMIUM_RECOGNITION,0.0
NI02PEDUPOL2022,DERECOGNITION_ASSET_ACQ_CF_BF_INIT_RECOG,0.0
NI02PEDUPOL2022,ACTUAL_COMMISSION_CF_PAST_SERVICE,0.0
NI02PEDUPOL2022,ACTUAL_COMMISSION_CF_FUTURE_SERVICE,0.0
NI02PEDUPOL2022,RE_RISK_MITIGATION_PNL,0.0
NI02PEDUPOL2022,ACTUAL_PREMIUM_CF_CURRENT_SERVICE,0.0
NI02PEDUPOL2022,ACTUAL_ACQUISITION_CF_CURRENT_SERVICE,0.0
NI02PEDUPOL2022,ACTUAL_COMMISSION_CF_CURRENT_SERVICE,0.0
NI02PEDUPOL2022,DERECOGNITION_ASSET_OTHER_CF_BF_INIT_RECOG,0.0
NI02OEDUPOL2023,ACTUAL_PREMIUM_CF_PAST_SERVICE,0.0
NI02OEDUPOL2023,ACTUAL_PREMIUM_CF_FUTURE_SERVICE,0.0
NI02OEDUPOL2023,ACTUAL_ACQUISITION_CF_PAST_SERVICE,0.0
NI02OEDUPOL2023,ACTUAL_ACQUISITION_CF_FUTURE_SERVICE,0.0
NI02OEDUPOL2023,ACTUAL_INV_COMP_PAYABLE,0.0
NI02OEDUPOL2023,ACTUAL_CHANGE_FV_FINANCIAL_UNDERLYING_ITEMS,0.0
NI02OEDUPOL2023,ACTUAL_CHANGE_FV_TECHNICAL_UNDERLYING_ITEMS,0.0
NI02OEDUPOL2023,FIN_RISK_MITIGATION,0.0
NI02OEDUPOL2023,RE_RISK_MITIGATION,0.0
NI02OEDUPOL2023,ACTUAL_COVERAGE_UNIT,0.0
NI02OEDUPOL2023,THEORETICAL_PREMIUM_DERECOGNITION_LRC,0.0
NI02OEDUPOL2023,THEORETICAL_PREMIUM_DERECOGNITION_LIC,0.0
NI02OEDUPOL2023,THEORETICAL_PREMIUM_RECOGNITION,0.0
NI02OEDUPOL2023,DERECOGNITION_ASSET_ACQ_CF_BF_INIT_RECOG,0.0
NI02OEDUPOL2023,ACTUAL_COMMISSION_CF_PAST_SERVICE,0.0
NI02OEDUPOL2023,ACTUAL_COMMISSION_CF_FUTURE_SERVICE,0.0
NI02OEDUPOL2023,RE_RISK_MITIGATION_PNL,0.0
NI02OEDUPOL2023,ACTUAL_PREMIUM_CF_CURRENT_SERVICE,0.0
NI02OEDUPOL2023,ACTUAL_ACQUISITION_CF_CURRENT_SERVICE,0.0
NI02OEDUPOL2023,ACTUAL_COMMISSION_CF_CURRENT_SERVICE,0.0
NI02OEDUPOL2023,DERECOGNITION_ASSET_OTHER_CF_BF_INIT_RECOG,0.0
NI02OEDUPOL2024,ACTUAL_PREMIUM_CF_PAST_SERVICE,0.0
NI02OEDUPOL2024,ACTUAL_PREMIUM_CF_FUTURE_SERVICE,0.0
NI02OEDUPOL2024,ACTUAL_ACQUISITION_CF_PAST_SERVICE,0.0
NI02OEDUPOL2024,ACTUAL_ACQUISITION_CF_FUTURE_SERVICE,0.0
NI02OEDUPOL2024,ACTUAL_INV_COMP_PAYABLE,0.0
NI02OEDUPOL2024,ACTUAL_CHANGE_FV_FINANCIAL_UNDERLYING_ITEMS,0.0
NI02OEDUPOL2024,ACTUAL_CHANGE_FV_TECHNICAL_UNDERLYING_ITEMS,0.0
NI02OEDUPOL2024,FIN_RISK_MITIGATION,0.0
NI02OEDUPOL2024,RE_RISK_MITIGATION,0.0
NI02OEDUPOL2024,ACTUAL_COVERAGE_UNIT,0.0
NI02OEDUPOL2024,THEORETICAL_PREMIUM_DERECOGNITION_LRC,0.0
NI02OEDUPOL2024,THEORETICAL_PREMIUM_DERECOGNITION_LIC,0.0
NI02OEDUPOL2024,THEORETICAL_PREMIUM_RECOGNITION,0.0
NI02OEDUPOL2024,DERECOGNITION_ASSET_ACQ_CF_BF_INIT_RECOG,0.0
NI02OEDUPOL2024,ACTUAL_COMMISSION_CF_PAST_SERVICE,0.0
NI02OEDUPOL2024,ACTUAL_COMMISSION_CF_FUTURE_SERVICE,0.0
NI02OEDUPOL2024,RE_RISK_MITIGATION_PNL,0.0
NI02OEDUPOL2024,ACTUAL_PREMIUM_CF_CURRENT_SERVICE,0.0
NI02OEDUPOL2024,ACTUAL_ACQUISITION_CF_CURRENT_SERVICE,0.0
NI02OEDUPOL2024,ACTUAL_COMMISSION_CF_CURRENT_SERVICE,0.0
NI02OEDUPOL2024,DERECOGNITION_ASSET_OTHER_CF_BF_INIT_RECOG,0.0
NI02OEDUPOL2025,ACTUAL_PREMIUM_CF_PAST_SERVICE,0.0
NI02OEDUPOL2025,ACTUAL_PREMIUM_CF_FUTURE_SERVICE,15326207.180000022
NI02OEDUPOL2025,ACTUAL_ACQUISITION_CF_PAST_SERVICE,0.0
NI02OEDUPOL2025,ACTUAL_ACQUISITION_CF_FUTURE_SERVICE,1251263.585
NI02OEDUPOL2025,ACTUAL_INV_COMP_PAYABLE,0.0
NI02OEDUPOL2025,ACTUAL_CHANGE_FV_FINANCIAL_UNDERLYING_ITEMS,0.0
NI02OEDUPOL2025,ACTUAL_CHANGE_FV_TECHNICAL_UNDERLYING_ITEMS,0.0
NI02OEDUPOL2025,FIN_RISK_MITIGATION,0.0
NI02OEDUPOL2025,RE_RISK_MITIGATION,0.0
NI02OEDUPOL2025,ACTUAL_COVERAGE_UNIT,0.0
NI02OEDUPOL2025,THEORETICAL_PREMIUM_DERECOGNITION_LRC,0.0
NI02OEDUPOL2025,THEORETICAL_PREMIUM_DERECOGNITION_LIC,0.0
NI02OEDUPOL2025,THEORETICAL_PREMIUM_RECOGNITION,0.0
NI02OEDUPOL2025,DERECOGNITION_ASSET_ACQ_CF_BF_INIT_RECOG,0.0
NI02OEDUPOL2025,ACTUAL_COMMISSION_CF_PAST_SERVICE,0.0
NI02OEDUPOL2025,ACTUAL_COMMISSION_CF_FUTURE_SERVICE,0.0
NI02OEDUPOL2025,RE_RISK_MITIGATION_PNL,0.0
NI02OEDUPOL2025,ACTUAL_PREMIUM_CF_CURRENT_SERVICE,0.0
NI02OEDUPOL2025,ACTUAL_ACQUISITION_CF_CURRENT_SERVICE,0.0
NI02OEDUPOL2025,ACTUAL_COMMISSION_CF_CURRENT_SERVICE,0.0
NI02OEDUPOL2025,DERECOGNITION_ASSET_OTHER_CF_BF_INIT_RECOG,0.0
NI02PEIPLAN2021,ACTUAL_PREMIUM_CF_PAST_SERVICE,0.0
NI02PEIPLAN2021,ACTUAL_PREMIUM_CF_FUTURE_SERVICE,0.0
NI02PEIPLAN2021,ACTUAL_ACQUISITION_CF_PAST_SERVICE,0.0
NI02PEIPLAN2021,ACTUAL_ACQUISITION_CF_FUTURE_SERVICE,0.0
NI02PEIPLAN2021,ACTUAL_INV_COMP_PAYABLE,0.0
NI02PEIPLAN2021,ACTUAL_CHANGE_FV_FINANCIAL_UNDERLYING_ITEMS,0.0
NI02PEIPLAN2021,ACTUAL_CHANGE_FV_TECHNICAL_UNDERLYING_ITEMS,0.0
NI02PEIPLAN2021,FIN_RISK_MITIGATION,0.0
NI02PEIPLAN2021,RE_RISK_MITIGATION,0.0
NI02PEIPLAN2021,ACTUAL_COVERAGE_UNIT,0.0
NI02PEIPLAN2021,THEORETICAL_PREMIUM_DERECOGNITION_LRC,0.0
NI02PEIPLAN2021,THEORETICAL_PREMIUM_DERECOGNITION_LIC,0.0
NI02PEIPLAN2021,THEORETICAL_PREMIUM_RECOGNITION,0.0
NI02PEIPLAN2021,DERECOGNITION_ASSET_ACQ_CF_BF_INIT_RECOG,0.0
NI02PEIPLAN2021,ACTUAL_COMMISSION_CF_PAST_SERVICE,0.0
NI02PEIPLAN2021,ACTUAL_COMMISSION_CF_FUTURE_SERVICE,0.0
NI02PEIPLAN2021,RE_RISK_MITIGATION_PNL,0.0
NI02PEIPLAN2021,ACTUAL_PREMIUM_CF_CURRENT_SERVICE,0.0
NI02PEIPLAN2021,ACTUAL_ACQUISITION_CF_CURRENT_SERVICE,0.0
NI02PEIPLAN2021,ACTUAL_COMMISSION_CF_CURRENT_SERVICE,0.0
NI02PEIPLAN2021,DERECOGNITION_ASSET_OTHER_CF_BF_INIT_RECOG,0.0
NI02PEIPLAN2024,ACTUAL_PREMIUM_CF_PAST_SERVICE,0.0
NI02PEIPLAN2024,ACTUAL_PREMIUM_CF_FUTURE_SERVICE,0.0
NI02PEIPLAN2024,ACTUAL_ACQUISITION_CF_PAST_SERVICE,0.0
NI02PEIPLAN2024,ACTUAL_ACQUISITION_CF_FUTURE_SERVICE,0.0
NI02PEIPLAN2024,ACTUAL_INV_COMP_PAYABLE,0.0
NI02PEIPLAN2024,ACTUAL_CHANGE_FV_FINANCIAL_UNDERLYING_ITEMS,0.0
NI02PEIPLAN2024,ACTUAL_CHANGE_FV_TECHNICAL_UNDERLYING_ITEMS,0.0
NI02PEIPLAN2024,FIN_RISK_MITIGATION,0.0
NI02PEIPLAN2024,RE_RISK_MITIGATION,0.0
NI02PEIPLAN2024,ACTUAL_COVERAGE_UNIT,0.0
NI02PEIPLAN2024,THEORETICAL_PREMIUM_DERECOGNITION_LRC,0.0
NI02PEIPLAN2024,THEORETICAL_PREMIUM_DERECOGNITION_LIC,0.0
NI02PEIPLAN2024,THEORETICAL_PREMIUM_RECOGNITION,0.0
NI02PEIPLAN2024,DERECOGNITION_ASSET_ACQ_CF_BF_INIT_RECOG,0.0
NI02PEIPLAN2024,ACTUAL_COMMISSION_CF_PAST_SERVICE,0.0
NI02PEIPLAN2024,ACTUAL_COMMISSION_CF_FUTURE_SERVICE,0.0
NI02PEIPLAN2024,RE_RISK_MITIGATION_PNL,0.0
NI02PEIPLAN2024,ACTUAL_PREMIUM_CF_CURRENT_SERVICE,0.0
NI02PEIPLAN2024,ACTUAL_ACQUISITION_CF_CURRENT_SERVICE,0.0
NI02PEIPLAN2024,ACTUAL_COMMISSION_CF_CURRENT_SERVICE,0.0
NI02PEIPLAN2024,DERECOGNITION_ASSET_OTHER_CF_BF_INIT_RECOG,0.0
NI02OLIFESV2021,ACTUAL_PREMIUM_CF_PAST_SERVICE,0.0
NI02OLIFESV2021,ACTUAL_PREMIUM_CF_FUTURE_SERVICE,0.0
NI02OLIFESV2021,ACTUAL_ACQUISITION_CF_PAST_SERVICE,0.0
NI02OLIFESV2021,ACTUAL_ACQUISITION_CF_FUTURE_SERVICE,0.0
NI02OLIFESV2021,ACTUAL_INV_COMP_PAYABLE,0.0
NI02OLIFESV2021,ACTUAL_CHANGE_FV_FINANCIAL_UNDERLYING_ITEMS,0.0
NI02OLIFESV2021,ACTUAL_CHANGE_FV_TECHNICAL_UNDERLYING_ITEMS,0.0
NI02OLIFESV2021,FIN_RISK_MITIGATION,0.0
NI02OLIFESV2021,RE_RISK_MITIGATION,0.0
NI02OLIFESV2021,ACTUAL_COVERAGE_UNIT,0.0
NI02OLIFESV2021,THEORETICAL_PREMIUM_DERECOGNITION_LRC,0.0
NI02OLIFESV2021,THEORETICAL_PREMIUM_DERECOGNITION_LIC,0.0
NI02OLIFESV2021,THEORETICAL_PREMIUM_RECOGNITION,0.0
NI02OLIFESV2021,DERECOGNITION_ASSET_ACQ_CF_BF_INIT_RECOG,0.0
NI02OLIFESV2021,ACTUAL_COMMISSION_CF_PAST_SERVICE,0.0
NI02OLIFESV2021,ACTUAL_COMMISSION_CF_FUTURE_SERVICE,0.0
NI02OLIFESV2021,RE_RISK_MITIGATION_PNL,0.0
NI02OLIFESV2021,ACTUAL_PREMIUM_CF_CURRENT_SERVICE,0.0
NI02OLIFESV2021,ACTUAL_ACQUISITION_CF_CURRENT_SERVICE,0.0
NI02OLIFESV2021,ACTUAL_COMMISSION_CF_CURRENT_SERVICE,0.0
NI02OLIFESV2021,DERECOGNITION_ASSET_OTHER_CF_BF_INIT_RECOG,0.0
NI02OLIFESV2022,ACTUAL_PREMIUM_CF_PAST_SERVICE,0.0
NI02OLIFESV2022,ACTUAL_PREMIUM_CF_FUTURE_SERVICE,0.0
NI02OLIFESV2022,ACTUAL_ACQUISITION_CF_PAST_SERVICE,0.0
NI02OLIFESV2022,ACTUAL_ACQUISITION_CF_FUTURE_SERVICE,0.0
NI02OLIFESV2022,ACTUAL_INV_COMP_PAYABLE,0.0
NI02OLIFESV2022,ACTUAL_CHANGE_FV_FINANCIAL_UNDERLYING_ITEMS,0.0
NI02OLIFESV2022,ACTUAL_CHANGE_FV_TECHNICAL_UNDERLYING_ITEMS,0.0
NI02OLIFESV2022,FIN_RISK_MITIGATION,0.0
NI02OLIFESV2022,RE_RISK_MITIGATION,0.0
NI02OLIFESV2022,ACTUAL_COVERAGE_UNIT,0.0
NI02OLIFESV2022,THEORETICAL_PREMIUM_DERECOGNITION_LRC,0.0
NI02OLIFESV2022,THEORETICAL_PREMIUM_DERECOGNITION_LIC,0.0
NI02OLIFESV2022,THEORETICAL_PREMIUM_RECOGNITION,0.0
NI02OLIFESV2022,DERECOGNITION_ASSET_ACQ_CF_BF_INIT_RECOG,0.0
NI02OLIFESV2022,ACTUAL_COMMISSION_CF_PAST_SERVICE,0.0
NI02OLIFESV2022,ACTUAL_COMMISSION_CF_FUTURE_SERVICE,0.0
NI02OLIFESV2022,RE_RISK_MITIGATION_PNL,0.0
NI02OLIFESV2022,ACTUAL_PREMIUM_CF_CURRENT_SERVICE,0.0
NI02OLIFESV2022,ACTUAL_ACQUISITION_CF_CURRENT_SERVICE,0.0
NI02OLIFESV2022,ACTUAL_COMMISSION_CF_CURRENT_SERVICE,0.0
NI02OLIFESV2022,DERECOGNITION_ASSET_OTHER_CF_BF_INIT_RECOG,0.0
NI02OLIFESV2023,ACTUAL_PREMIUM_CF_PAST_SERVICE,0.0
NI02OLIFESV2023,ACTUAL_PREMIUM_CF_FUTURE_SERVICE,0.0
NI02OLIFESV2023,ACTUAL_ACQUISITION_CF_PAST_SERVICE,0.0
NI02OLIFESV2023,ACTUAL_ACQUISITION_CF_FUTURE_SERVICE,0.0
NI02OLIFESV2023,ACTUAL_INV_COMP_PAYABLE,0.0
NI02OLIFESV2023,ACTUAL_CHANGE_FV_FINANCIAL_UNDERLYING_ITEMS,0.0
NI02OLIFESV2023,ACTUAL_CHANGE_FV_TECHNICAL_UNDERLYING_ITEMS,0.0
NI02OLIFESV2023,FIN_RISK_MITIGATION,0.0
NI02OLIFESV2023,RE_RISK_MITIGATION,0.0
NI02OLIFESV2023,ACTUAL_COVERAGE_UNIT,0.0
NI02OLIFESV2023,THEORETICAL_PREMIUM_DERECOGNITION_LRC,0.0
NI02OLIFESV2023,THEORETICAL_PREMIUM_DERECOGNITION_LIC,0.0
NI02OLIFESV2023,THEORETICAL_PREMIUM_RECOGNITION,0.0
NI02OLIFESV2023,DERECOGNITION_ASSET_ACQ_CF_BF_INIT_RECOG,0.0
NI02OLIFESV2023,ACTUAL_COMMISSION_CF_PAST_SERVICE,0.0
NI02OLIFESV2023,ACTUAL_COMMISSION_CF_FUTURE_SERVICE,0.0
NI02OLIFESV2023,RE_RISK_MITIGATION_PNL,0.0
NI02OLIFESV2023,ACTUAL_PREMIUM_CF_CURRENT_SERVICE,0.0
NI02OLIFESV2023,ACTUAL_ACQUISITION_CF_CURRENT_SERVICE,0.0
NI02OLIFESV2023,ACTUAL_COMMISSION_CF_CURRENT_SERVICE,0.0
NI02OLIFESV2023,DERECOGNITION_ASSET_OTHER_CF_BF_INIT_RECOG,0.0
NI02OLIFESV2024,ACTUAL_PREMIUM_CF_PAST_SERVICE,0.0
NI02OLIFESV2024,ACTUAL_PREMIUM_CF_FUTURE_SERVICE,0.0
NI02OLIFESV2024,ACTUAL_ACQUISITION_CF_PAST_SERVICE,0.0
NI02OLIFESV2024,ACTUAL_ACQUISITION_CF_FUTURE_SERVICE,0.0
NI02OLIFESV2024,ACTUAL_INV_COMP_PAYABLE,0.0
NI02OLIFESV2024,ACTUAL_CHANGE_FV_FINANCIAL_UNDERLYING_ITEMS,0.0
NI02OLIFESV2024,ACTUAL_CHANGE_FV_TECHNICAL_UNDERLYING_ITEMS,0.0
NI02OLIFESV2024,FIN_RISK_MITIGATION,0.0
NI02OLIFESV2024,RE_RISK_MITIGATION,0.0
NI02OLIFESV2024,ACTUAL_COVERAGE_UNIT,0.0
NI02OLIFESV2024,THEORETICAL_PREMIUM_DERECOGNITION_LRC,0.0
NI02OLIFESV2024,THEORETICAL_PREMIUM_DERECOGNITION_LIC,0.0
NI02OLIFESV2024,THEORETICAL_PREMIUM_RECOGNITION,0.0
NI02OLIFESV2024,DERECOGNITION_ASSET_ACQ_CF_BF_INIT_RECOG,0.0
NI02OLIFESV2024,ACTUAL_COMMISSION_CF_PAST_SERVICE,0.0
NI02OLIFESV2024,ACTUAL_COMMISSION_CF_FUTURE_SERVICE,0.0
NI02OLIFESV2024,RE_RISK_MITIGATION_PNL,0.0
NI02OLIFESV2024,ACTUAL_PREMIUM_CF_CURRENT_SERVICE,0.0
NI02OLIFESV2024,ACTUAL_ACQUISITION_CF_CURRENT_SERVICE,0.0
NI02OLIFESV2024,ACTUAL_COMMISSION_CF_CURRENT_SERVICE,0.0
NI02OLIFESV2024,DERECOGNITION_ASSET_OTHER_CF_BF_INIT_RECOG,0.0
NI02OLIFESV2025,ACTUAL_PREMIUM_CF_PAST_SERVICE,0.0
NI02OLIFESV2025,ACTUAL_PREMIUM_CF_FUTURE_SERVICE,64621.2
NI02OLIFESV2025,ACTUAL_ACQUISITION_CF_PAST_SERVICE,0.0
NI02OLIFESV2025,ACTUAL_ACQUISITION_CF_FUTURE_SERVICE,0.0
NI02OLIFESV2025,ACTUAL_INV_COMP_PAYABLE,0.0
NI02OLIFESV2025,ACTUAL_CHANGE_FV_FINANCIAL_UNDERLYING_ITEMS,0.0
NI02OLIFESV2025,ACTUAL_CHANGE_FV_TECHNICAL_UNDERLYING_ITEMS,0.0
NI02OLIFESV2025,FIN_RISK_MITIGATION,0.0
NI02OLIFESV2025,RE_RISK_MITIGATION,0.0
NI02OLIFESV2025,ACTUAL_COVERAGE_UNIT,0.0
NI02OLIFESV2025,THEORETICAL_PREMIUM_DERECOGNITION_LRC,0.0
NI02OLIFESV2025,THEORETICAL_PREMIUM_DERECOGNITION_LIC,0.0
NI02OLIFESV2025,THEORETICAL_PREMIUM_RECOGNITION,0.0
NI02OLIFESV2025,DERECOGNITION_ASSET_ACQ_CF_BF_INIT_RECOG,0.0
NI02OLIFESV2025,ACTUAL_COMMISSION_CF_PAST_SERVICE,0.0
NI02OLIFESV2025,ACTUAL_COMMISSION_CF_FUTURE_SERVICE,0.0
NI02OLIFESV2025,RE_RISK_MITIGATION_PNL,0.0
NI02OLIFESV2025,ACTUAL_PREMIUM_CF_CURRENT_SERVICE,0.0
NI02OLIFESV2025,ACTUAL_ACQUISITION_CF_CURRENT_SERVICE,0.0
NI02OLIFESV2025,ACTUAL_COMMISSION_CF_CURRENT_SERVICE,0.0
NI02OLIFESV2025,DERECOGNITION_ASSET_OTHER_CF_BF_INIT_RECOG,0.0
