GOC_ID,VARIABLE_NAME,1
NI02PCLBRTE2021,ACTUAL_PREMIUM_CF_PAST_SERVICE,0.0
NI02PCLBRTE2021,ACTUAL_PREMIUM_CF_FUTURE_SERVICE,0.0
NI02PCLBRTE2021,ACTUAL_ACQUISITION_CF_PAST_SERVICE,0.0
NI02PCLBRTE2021,ACTUAL_ACQUISITION_CF_FUTURE_SERVICE,0.0
NI02PCLBRTE2021,ACTUAL_INV_COMP_PAYABLE,-2833953.7780436715
NI02PCLBRTE2021,ACTUAL_CHANGE_FV_FINANCIAL_UNDERLYING_ITEMS,0.0
NI02PCLBRTE2021,ACTUAL_CHANGE_FV_TECHNICAL_UNDERLYING_ITEMS,0.0
NI02PCLBRTE2021,FIN_RISK_MITIGATION,0.0
NI02PCLBRTE2021,RE_RISK_MITIGATION,0.0
NI02PCLBRTE2021,ACTUAL_COVERAGE_UNIT,0.0
NI02PCLBRTE2021,THEORETICAL_PREMIUM_DERECOGNITION_LRC,0.0
NI02PCLBRTE2021,THEORETICAL_PREMIUM_DERECOGNITION_LIC,0.0
NI02PCLBRTE2021,THEORETICAL_PREMIUM_RECOGNITION,0.0
NI02PCLBRTE2021,DERECOGNITION_ASSET_ACQ_CF_BF_INIT_RECOG,0.0
NI02PCLBRTE2021,ACTUAL_COMMISSION_CF_PAST_SERVICE,0.0
NI02PCLBRTE2021,ACTUAL_COMMISSION_CF_FUTURE_SERVICE,0.0
NI02PCLBRTE2021,RE_RISK_MITIGATION_PNL,0.0
NI02PCLBRTE2021,ACTUAL_PREMIUM_CF_CURRENT_SERVICE,0.0
NI02PCLBRTE2021,ACTUAL_ACQUISITION_CF_CURRENT_SERVICE,0.0
NI02PCLBRTE2021,ACTUAL_COMMISSION_CF_CURRENT_SERVICE,0.0
NI02PCLBRTE2021,DERECOGNITION_ASSET_OTHER_CF_BF_INIT_RECOG,0.0
NI02PCLBRTE2022,ACTUAL_PREMIUM_CF_PAST_SERVICE,0.0
NI02PCLBRTE2022,ACTUAL_PREMIUM_CF_FUTURE_SERVICE,0.0
NI02PCLBRTE2022,ACTUAL_ACQUISITION_CF_PAST_SERVICE,0.0
NI02PCLBRTE2022,ACTUAL_ACQUISITION_CF_FUTURE_SERVICE,0.0
NI02PCLBRTE2022,ACTUAL_INV_COMP_PAYABLE,-948662.0114982171
NI02PCLBRTE2022,ACTUAL_CHANGE_FV_FINANCIAL_UNDERLYING_ITEMS,0.0
NI02PCLBRTE2022,ACTUAL_CHANGE_FV_TECHNICAL_UNDERLYING_ITEMS,0.0
NI02PCLBRTE2022,FIN_RISK_MITIGATION,0.0
NI02PCLBRTE2022,RE_RISK_MITIGATION,0.0
NI02PCLBRTE2022,ACTUAL_COVERAGE_UNIT,0.0
NI02PCLBRTE2022,THEORETICAL_PREMIUM_DERECOGNITION_LRC,0.0
NI02PCLBRTE2022,THEORETICAL_PREMIUM_DERECOGNITION_LIC,0.0
NI02PCLBRTE2022,THEORETICAL_PREMIUM_RECOGNITION,0.0
NI02PCLBRTE2022,DERECOGNITION_ASSET_ACQ_CF_BF_INIT_RECOG,0.0
NI02PCLBRTE2022,ACTUAL_COMMISSION_CF_PAST_SERVICE,0.0
NI02PCLBRTE2022,ACTUAL_COMMISSION_CF_FUTURE_SERVICE,0.0
NI02PCLBRTE2022,RE_RISK_MITIGATION_PNL,0.0
NI02PCLBRTE2022,ACTUAL_PREMIUM_CF_CURRENT_SERVICE,0.0
NI02PCLBRTE2022,ACTUAL_ACQUISITION_CF_CURRENT_SERVICE,0.0
NI02PCLBRTE2022,ACTUAL_COMMISSION_CF_CURRENT_SERVICE,0.0
NI02PCLBRTE2022,DERECOGNITION_ASSET_OTHER_CF_BF_INIT_RECOG,0.0
NI02OCLBRTE2023,ACTUAL_PREMIUM_CF_PAST_SERVICE,0.0
NI02OCLBRTE2023,ACTUAL_PREMIUM_CF_FUTURE_SERVICE,0.0
NI02OCLBRTE2023,ACTUAL_ACQUISITION_CF_PAST_SERVICE,0.0
NI02OCLBRTE2023,ACTUAL_ACQUISITION_CF_FUTURE_SERVICE,0.0
NI02OCLBRTE2023,ACTUAL_INV_COMP_PAYABLE,0.0
NI02OCLBRTE2023,ACTUAL_CHANGE_FV_FINANCIAL_UNDERLYING_ITEMS,0.0
NI02OCLBRTE2023,ACTUAL_CHANGE_FV_TECHNICAL_UNDERLYING_ITEMS,0.0
NI02OCLBRTE2023,FIN_RISK_MITIGATION,0.0
NI02OCLBRTE2023,RE_RISK_MITIGATION,0.0
NI02OCLBRTE2023,ACTUAL_COVERAGE_UNIT,0.0
NI02OCLBRTE2023,THEORETICAL_PREMIUM_DERECOGNITION_LRC,0.0
NI02OCLBRTE2023,THEORETICAL_PREMIUM_DERECOGNITION_LIC,0.0
NI02OCLBRTE2023,THEORETICAL_PREMIUM_RECOGNITION,0.0
NI02OCLBRTE2023,DERECOGNITION_ASSET_ACQ_CF_BF_INIT_RECOG,0.0
NI02OCLBRTE2023,ACTUAL_COMMISSION_CF_PAST_SERVICE,0.0
NI02OCLBRTE2023,ACTUAL_COMMISSION_CF_FUTURE_SERVICE,0.0
NI02OCLBRTE2023,RE_RISK_MITIGATION_PNL,0.0
NI02OCLBRTE2023,ACTUAL_PREMIUM_CF_CURRENT_SERVICE,0.0
NI02OCLBRTE2023,ACTUAL_ACQUISITION_CF_CURRENT_SERVICE,0.0
NI02OCLBRTE2023,ACTUAL_COMMISSION_CF_CURRENT_SERVICE,0.0
NI02OCLBRTE2023,DERECOGNITION_ASSET_OTHER_CF_BF_INIT_RECOG,0.0
NI02PCLBRTE2023,ACTUAL_PREMIUM_CF_PAST_SERVICE,0.0
NI02PCLBRTE2023,ACTUAL_PREMIUM_CF_FUTURE_SERVICE,0.0
NI02PCLBRTE2023,ACTUAL_ACQUISITION_CF_PAST_SERVICE,0.0
NI02PCLBRTE2023,ACTUAL_ACQUISITION_CF_FUTURE_SERVICE,0.0
NI02PCLBRTE2023,ACTUAL_INV_COMP_PAYABLE,-1805480.5379753057
NI02PCLBRTE2023,ACTUAL_CHANGE_FV_FINANCIAL_UNDERLYING_ITEMS,0.0
NI02PCLBRTE2023,ACTUAL_CHANGE_FV_TECHNICAL_UNDERLYING_ITEMS,0.0
NI02PCLBRTE2023,FIN_RISK_MITIGATION,0.0
NI02PCLBRTE2023,RE_RISK_MITIGATION,0.0
NI02PCLBRTE2023,ACTUAL_COVERAGE_UNIT,0.0
NI02PCLBRTE2023,THEORETICAL_PREMIUM_DERECOGNITION_LRC,0.0
NI02PCLBRTE2023,THEORETICAL_PREMIUM_DERECOGNITION_LIC,0.0
NI02PCLBRTE2023,THEORETICAL_PREMIUM_RECOGNITION,0.0
NI02PCLBRTE2023,DERECOGNITION_ASSET_ACQ_CF_BF_INIT_RECOG,0.0
NI02PCLBRTE2023,ACTUAL_COMMISSION_CF_PAST_SERVICE,0.0
NI02PCLBRTE2023,ACTUAL_COMMISSION_CF_FUTURE_SERVICE,0.0
NI02PCLBRTE2023,RE_RISK_MITIGATION_PNL,0.0
NI02PCLBRTE2023,ACTUAL_PREMIUM_CF_CURRENT_SERVICE,0.0
NI02PCLBRTE2023,ACTUAL_ACQUISITION_CF_CURRENT_SERVICE,0.0
NI02PCLBRTE2023,ACTUAL_COMMISSION_CF_CURRENT_SERVICE,0.0
NI02PCLBRTE2023,DERECOGNITION_ASSET_OTHER_CF_BF_INIT_RECOG,0.0
NI02PCLBRTE2024,ACTUAL_PREMIUM_CF_PAST_SERVICE,0.0
NI02PCLBRTE2024,ACTUAL_PREMIUM_CF_FUTURE_SERVICE,7131355.92
NI02PCLBRTE2024,ACTUAL_ACQUISITION_CF_PAST_SERVICE,0.0
NI02PCLBRTE2024,ACTUAL_ACQUISITION_CF_FUTURE_SERVICE,713135.592
NI02PCLBRTE2024,ACTUAL_INV_COMP_PAYABLE,-1035726.3394547461
NI02PCLBRTE2024,ACTUAL_CHANGE_FV_FINANCIAL_UNDERLYING_ITEMS,0.0
NI02PCLBRTE2024,ACTUAL_CHANGE_FV_TECHNICAL_UNDERLYING_ITEMS,0.0
NI02PCLBRTE2024,FIN_RISK_MITIGATION,0.0
NI02PCLBRTE2024,RE_RISK_MITIGATION,0.0
NI02PCLBRTE2024,ACTUAL_COVERAGE_UNIT,0.0
NI02PCLBRTE2024,THEORETICAL_PREMIUM_DERECOGNITION_LRC,0.0
NI02PCLBRTE2024,THEORETICAL_PREMIUM_DERECOGNITION_LIC,0.0
NI02PCLBRTE2024,THEORETICAL_PREMIUM_RECOGNITION,0.0
NI02PCLBRTE2024,DERECOGNITION_ASSET_ACQ_CF_BF_INIT_RECOG,0.0
NI02PCLBRTE2024,ACTUAL_COMMISSION_CF_PAST_SERVICE,0.0
NI02PCLBRTE2024,ACTUAL_COMMISSION_CF_FUTURE_SERVICE,0.0
NI02PCLBRTE2024,RE_RISK_MITIGATION_PNL,0.0
NI02PCLBRTE2024,ACTUAL_PREMIUM_CF_CURRENT_SERVICE,0.0
NI02PCLBRTE2024,ACTUAL_ACQUISITION_CF_CURRENT_SERVICE,0.0
NI02PCLBRTE2024,ACTUAL_COMMISSION_CF_CURRENT_SERVICE,0.0
NI02PCLBRTE2024,DERECOGNITION_ASSET_OTHER_CF_BF_INIT_RECOG,0.0
NI02OAIPLAN2021,ACTUAL_PREMIUM_CF_PAST_SERVICE,0.0
NI02OAIPLAN2021,ACTUAL_PREMIUM_CF_FUTURE_SERVICE,0.0
NI02OAIPLAN2021,ACTUAL_ACQUISITION_CF_PAST_SERVICE,0.0
NI02OAIPLAN2021,ACTUAL_ACQUISITION_CF_FUTURE_SERVICE,0.0
NI02OAIPLAN2021,ACTUAL_INV_COMP_PAYABLE,0.0
NI02OAIPLAN2021,ACTUAL_CHANGE_FV_FINANCIAL_UNDERLYING_ITEMS,0.0
NI02OAIPLAN2021,ACTUAL_CHANGE_FV_TECHNICAL_UNDERLYING_ITEMS,0.0
NI02OAIPLAN2021,FIN_RISK_MITIGATION,0.0
NI02OAIPLAN2021,RE_RISK_MITIGATION,0.0
NI02OAIPLAN2021,ACTUAL_COVERAGE_UNIT,0.0
NI02OAIPLAN2021,THEORETICAL_PREMIUM_DERECOGNITION_LRC,0.0
NI02OAIPLAN2021,THEORETICAL_PREMIUM_DERECOGNITION_LIC,0.0
NI02OAIPLAN2021,THEORETICAL_PREMIUM_RECOGNITION,0.0
NI02OAIPLAN2021,DERECOGNITION_ASSET_ACQ_CF_BF_INIT_RECOG,0.0
NI02OAIPLAN2021,ACTUAL_COMMISSION_CF_PAST_SERVICE,0.0
NI02OAIPLAN2021,ACTUAL_COMMISSION_CF_FUTURE_SERVICE,0.0
NI02OAIPLAN2021,RE_RISK_MITIGATION_PNL,0.0
NI02OAIPLAN2021,ACTUAL_PREMIUM_CF_CURRENT_SERVICE,0.0
NI02OAIPLAN2021,ACTUAL_ACQUISITION_CF_CURRENT_SERVICE,0.0
NI02OAIPLAN2021,ACTUAL_COMMISSION_CF_CURRENT_SERVICE,0.0
NI02OAIPLAN2021,DERECOGNITION_ASSET_OTHER_CF_BF_INIT_RECOG,0.0
NI02OAIPLAN2022,ACTUAL_PREMIUM_CF_PAST_SERVICE,0.0
NI02OAIPLAN2022,ACTUAL_PREMIUM_CF_FUTURE_SERVICE,0.0
NI02OAIPLAN2022,ACTUAL_ACQUISITION_CF_PAST_SERVICE,0.0
NI02OAIPLAN2022,ACTUAL_ACQUISITION_CF_FUTURE_SERVICE,0.0
NI02OAIPLAN2022,ACTUAL_INV_COMP_PAYABLE,0.0
NI02OAIPLAN2022,ACTUAL_CHANGE_FV_FINANCIAL_UNDERLYING_ITEMS,0.0
NI02OAIPLAN2022,ACTUAL_CHANGE_FV_TECHNICAL_UNDERLYING_ITEMS,0.0
NI02OAIPLAN2022,FIN_RISK_MITIGATION,0.0
NI02OAIPLAN2022,RE_RISK_MITIGATION,0.0
NI02OAIPLAN2022,ACTUAL_COVERAGE_UNIT,0.0
NI02OAIPLAN2022,THEORETICAL_PREMIUM_DERECOGNITION_LRC,0.0
NI02OAIPLAN2022,THEORETICAL_PREMIUM_DERECOGNITION_LIC,0.0
NI02OAIPLAN2022,THEORETICAL_PREMIUM_RECOGNITION,0.0
NI02OAIPLAN2022,DERECOGNITION_ASSET_ACQ_CF_BF_INIT_RECOG,0.0
NI02OAIPLAN2022,ACTUAL_COMMISSION_CF_PAST_SERVICE,0.0
NI02OAIPLAN2022,ACTUAL_COMMISSION_CF_FUTURE_SERVICE,0.0
NI02OAIPLAN2022,RE_RISK_MITIGATION_PNL,0.0
NI02OAIPLAN2022,ACTUAL_PREMIUM_CF_CURRENT_SERVICE,0.0
NI02OAIPLAN2022,ACTUAL_ACQUISITION_CF_CURRENT_SERVICE,0.0
NI02OAIPLAN2022,ACTUAL_COMMISSION_CF_CURRENT_SERVICE,0.0
NI02OAIPLAN2022,DERECOGNITION_ASSET_OTHER_CF_BF_INIT_RECOG,0.0
NI02OAIPLAN2023,ACTUAL_PREMIUM_CF_PAST_SERVICE,0.0
NI02OAIPLAN2023,ACTUAL_PREMIUM_CF_FUTURE_SERVICE,0.0
NI02OAIPLAN2023,ACTUAL_ACQUISITION_CF_PAST_SERVICE,0.0
NI02OAIPLAN2023,ACTUAL_ACQUISITION_CF_FUTURE_SERVICE,0.0
NI02OAIPLAN2023,ACTUAL_INV_COMP_PAYABLE,0.0
NI02OAIPLAN2023,ACTUAL_CHANGE_FV_FINANCIAL_UNDERLYING_ITEMS,0.0
NI02OAIPLAN2023,ACTUAL_CHANGE_FV_TECHNICAL_UNDERLYING_ITEMS,0.0
NI02OAIPLAN2023,FIN_RISK_MITIGATION,0.0
NI02OAIPLAN2023,RE_RISK_MITIGATION,0.0
NI02OAIPLAN2023,ACTUAL_COVERAGE_UNIT,0.0
NI02OAIPLAN2023,THEORETICAL_PREMIUM_DERECOGNITION_LRC,0.0
NI02OAIPLAN2023,THEORETICAL_PREMIUM_DERECOGNITION_LIC,0.0
NI02OAIPLAN2023,THEORETICAL_PREMIUM_RECOGNITION,0.0
NI02OAIPLAN2023,DERECOGNITION_ASSET_ACQ_CF_BF_INIT_RECOG,0.0
NI02OAIPLAN2023,ACTUAL_COMMISSION_CF_PAST_SERVICE,0.0
NI02OAIPLAN2023,ACTUAL_COMMISSION_CF_FUTURE_SERVICE,0.0
NI02OAIPLAN2023,RE_RISK_MITIGATION_PNL,0.0
NI02OAIPLAN2023,ACTUAL_PREMIUM_CF_CURRENT_SERVICE,0.0
NI02OAIPLAN2023,ACTUAL_ACQUISITION_CF_CURRENT_SERVICE,0.0
NI02OAIPLAN2023,ACTUAL_COMMISSION_CF_CURRENT_SERVICE,0.0
NI02OAIPLAN2023,DERECOGNITION_ASSET_OTHER_CF_BF_INIT_RECOG,0.0
NI02PAIPLAN2023,ACTUAL_PREMIUM_CF_PAST_SERVICE,0.0
NI02PAIPLAN2023,ACTUAL_PREMIUM_CF_FUTURE_SERVICE,0.0
NI02PAIPLAN2023,ACTUAL_ACQUISITION_CF_PAST_SERVICE,0.0
NI02PAIPLAN2023,ACTUAL_ACQUISITION_CF_FUTURE_SERVICE,0.0
NI02PAIPLAN2023,ACTUAL_INV_COMP_PAYABLE,0.0
NI02PAIPLAN2023,ACTUAL_CHANGE_FV_FINANCIAL_UNDERLYING_ITEMS,0.0
NI02PAIPLAN2023,ACTUAL_CHANGE_FV_TECHNICAL_UNDERLYING_ITEMS,0.0
NI02PAIPLAN2023,FIN_RISK_MITIGATION,0.0
NI02PAIPLAN2023,RE_RISK_MITIGATION,0.0
NI02PAIPLAN2023,ACTUAL_COVERAGE_UNIT,0.0
NI02PAIPLAN2023,THEORETICAL_PREMIUM_DERECOGNITION_LRC,0.0
NI02PAIPLAN2023,THEORETICAL_PREMIUM_DERECOGNITION_LIC,0.0
NI02PAIPLAN2023,THEORETICAL_PREMIUM_RECOGNITION,0.0
NI02PAIPLAN2023,DERECOGNITION_ASSET_ACQ_CF_BF_INIT_RECOG,0.0
NI02PAIPLAN2023,ACTUAL_COMMISSION_CF_PAST_SERVICE,0.0
NI02PAIPLAN2023,ACTUAL_COMMISSION_CF_FUTURE_SERVICE,0.0
NI02PAIPLAN2023,RE_RISK_MITIGATION_PNL,0.0
NI02PAIPLAN2023,ACTUAL_PREMIUM_CF_CURRENT_SERVICE,0.0
NI02PAIPLAN2023,ACTUAL_ACQUISITION_CF_CURRENT_SERVICE,0.0
NI02PAIPLAN2023,ACTUAL_COMMISSION_CF_CURRENT_SERVICE,0.0
NI02PAIPLAN2023,DERECOGNITION_ASSET_OTHER_CF_BF_INIT_RECOG,0.0
NI02OAIPLAN2024,ACTUAL_PREMIUM_CF_PAST_SERVICE,0.0
NI02OAIPLAN2024,ACTUAL_PREMIUM_CF_FUTURE_SERVICE,0.0
NI02OAIPLAN2024,ACTUAL_ACQUISITION_CF_PAST_SERVICE,0.0
NI02OAIPLAN2024,ACTUAL_ACQUISITION_CF_FUTURE_SERVICE,0.0
NI02OAIPLAN2024,ACTUAL_INV_COMP_PAYABLE,0.0
NI02OAIPLAN2024,ACTUAL_CHANGE_FV_FINANCIAL_UNDERLYING_ITEMS,0.0
NI02OAIPLAN2024,ACTUAL_CHANGE_FV_TECHNICAL_UNDERLYING_ITEMS,0.0
NI02OAIPLAN2024,FIN_RISK_MITIGATION,0.0
NI02OAIPLAN2024,RE_RISK_MITIGATION,0.0
NI02OAIPLAN2024,ACTUAL_COVERAGE_UNIT,0.0
NI02OAIPLAN2024,THEORETICAL_PREMIUM_DERECOGNITION_LRC,0.0
NI02OAIPLAN2024,THEORETICAL_PREMIUM_DERECOGNITION_LIC,0.0
NI02OAIPLAN2024,THEORETICAL_PREMIUM_RECOGNITION,0.0
NI02OAIPLAN2024,DERECOGNITION_ASSET_ACQ_CF_BF_INIT_RECOG,0.0
NI02OAIPLAN2024,ACTUAL_COMMISSION_CF_PAST_SERVICE,0.0
NI02OAIPLAN2024,ACTUAL_COMMISSION_CF_FUTURE_SERVICE,0.0
NI02OAIPLAN2024,RE_RISK_MITIGATION_PNL,0.0
NI02OAIPLAN2024,ACTUAL_PREMIUM_CF_CURRENT_SERVICE,0.0
NI02OAIPLAN2024,ACTUAL_ACQUISITION_CF_CURRENT_SERVICE,0.0
NI02OAIPLAN2024,ACTUAL_COMMISSION_CF_CURRENT_SERVICE,0.0
NI02OAIPLAN2024,DERECOGNITION_ASSET_OTHER_CF_BF_INIT_RECOG,0.0
NI02PANNUIT2021,ACTUAL_PREMIUM_CF_PAST_SERVICE,0.0
NI02PANNUIT2021,ACTUAL_PREMIUM_CF_FUTURE_SERVICE,0.0
NI02PANNUIT2021,ACTUAL_ACQUISITION_CF_PAST_SERVICE,0.0
NI02PANNUIT2021,ACTUAL_ACQUISITION_CF_FUTURE_SERVICE,0.0
NI02PANNUIT2021,ACTUAL_INV_COMP_PAYABLE,-156975754.064
NI02PANNUIT2021,ACTUAL_CHANGE_FV_FINANCIAL_UNDERLYING_ITEMS,0.0
NI02PANNUIT2021,ACTUAL_CHANGE_FV_TECHNICAL_UNDERLYING_ITEMS,0.0
NI02PANNUIT2021,FIN_RISK_MITIGATION,0.0
NI02PANNUIT2021,RE_RISK_MITIGATION,0.0
NI02PANNUIT2021,ACTUAL_COVERAGE_UNIT,0.0
NI02PANNUIT2021,THEORETICAL_PREMIUM_DERECOGNITION_LRC,0.0
NI02PANNUIT2021,THEORETICAL_PREMIUM_DERECOGNITION_LIC,0.0
NI02PANNUIT2021,THEORETICAL_PREMIUM_RECOGNITION,0.0
NI02PANNUIT2021,DERECOGNITION_ASSET_ACQ_CF_BF_INIT_RECOG,0.0
NI02PANNUIT2021,ACTUAL_COMMISSION_CF_PAST_SERVICE,0.0
NI02PANNUIT2021,ACTUAL_COMMISSION_CF_FUTURE_SERVICE,0.0
NI02PANNUIT2021,RE_RISK_MITIGATION_PNL,0.0
NI02PANNUIT2021,ACTUAL_PREMIUM_CF_CURRENT_SERVICE,0.0
NI02PANNUIT2021,ACTUAL_ACQUISITION_CF_CURRENT_SERVICE,0.0
NI02PANNUIT2021,ACTUAL_COMMISSION_CF_CURRENT_SERVICE,0.0
NI02PANNUIT2021,DERECOGNITION_ASSET_OTHER_CF_BF_INIT_RECOG,0.0
NI02PAENDOW2024,ACTUAL_PREMIUM_CF_PAST_SERVICE,0.0
NI02PAENDOW2024,ACTUAL_PREMIUM_CF_FUTURE_SERVICE,0.0
NI02PAENDOW2024,ACTUAL_ACQUISITION_CF_PAST_SERVICE,0.0
NI02PAENDOW2024,ACTUAL_ACQUISITION_CF_FUTURE_SERVICE,0.0
NI02PAENDOW2024,ACTUAL_INV_COMP_PAYABLE,0.0
NI02PAENDOW2024,ACTUAL_CHANGE_FV_FINANCIAL_UNDERLYING_ITEMS,0.0
NI02PAENDOW2024,ACTUAL_CHANGE_FV_TECHNICAL_UNDERLYING_ITEMS,0.0
NI02PAENDOW2024,FIN_RISK_MITIGATION,0.0
NI02PAENDOW2024,RE_RISK_MITIGATION,0.0
NI02PAENDOW2024,ACTUAL_COVERAGE_UNIT,0.0
NI02PAENDOW2024,THEORETICAL_PREMIUM_DERECOGNITION_LRC,0.0
NI02PAENDOW2024,THEORETICAL_PREMIUM_DERECOGNITION_LIC,0.0
NI02PAENDOW2024,THEORETICAL_PREMIUM_RECOGNITION,0.0
NI02PAENDOW2024,DERECOGNITION_ASSET_ACQ_CF_BF_INIT_RECOG,0.0
NI02PAENDOW2024,ACTUAL_COMMISSION_CF_PAST_SERVICE,0.0
NI02PAENDOW2024,ACTUAL_COMMISSION_CF_FUTURE_SERVICE,0.0
NI02PAENDOW2024,RE_RISK_MITIGATION_PNL,0.0
NI02PAENDOW2024,ACTUAL_PREMIUM_CF_CURRENT_SERVICE,0.0
NI02PAENDOW2024,ACTUAL_ACQUISITION_CF_CURRENT_SERVICE,0.0
NI02PAENDOW2024,ACTUAL_COMMISSION_CF_CURRENT_SERVICE,0.0
NI02PAENDOW2024,DERECOGNITION_ASSET_OTHER_CF_BF_INIT_RECOG,0.0
NI02PBNLIFE2021,ACTUAL_PREMIUM_CF_PAST_SERVICE,0.0
NI02PBNLIFE2021,ACTUAL_PREMIUM_CF_FUTURE_SERVICE,0.0
NI02PBNLIFE2021,ACTUAL_ACQUISITION_CF_PAST_SERVICE,0.0
NI02PBNLIFE2021,ACTUAL_ACQUISITION_CF_FUTURE_SERVICE,0.0
NI02PBNLIFE2021,ACTUAL_INV_COMP_PAYABLE,0.0
NI02PBNLIFE2021,ACTUAL_CHANGE_FV_FINANCIAL_UNDERLYING_ITEMS,0.0
NI02PBNLIFE2021,ACTUAL_CHANGE_FV_TECHNICAL_UNDERLYING_ITEMS,0.0
NI02PBNLIFE2021,FIN_RISK_MITIGATION,0.0
NI02PBNLIFE2021,RE_RISK_MITIGATION,0.0
NI02PBNLIFE2021,ACTUAL_COVERAGE_UNIT,0.0
NI02PBNLIFE2021,THEORETICAL_PREMIUM_DERECOGNITION_LRC,0.0
NI02PBNLIFE2021,THEORETICAL_PREMIUM_DERECOGNITION_LIC,0.0
NI02PBNLIFE2021,THEORETICAL_PREMIUM_RECOGNITION,0.0
NI02PBNLIFE2021,DERECOGNITION_ASSET_ACQ_CF_BF_INIT_RECOG,0.0
NI02PBNLIFE2021,ACTUAL_COMMISSION_CF_PAST_SERVICE,0.0
NI02PBNLIFE2021,ACTUAL_COMMISSION_CF_FUTURE_SERVICE,0.0
NI02PBNLIFE2021,RE_RISK_MITIGATION_PNL,0.0
NI02PBNLIFE2021,ACTUAL_PREMIUM_CF_CURRENT_SERVICE,0.0
NI02PBNLIFE2021,ACTUAL_ACQUISITION_CF_CURRENT_SERVICE,0.0
NI02PBNLIFE2021,ACTUAL_COMMISSION_CF_CURRENT_SERVICE,0.0
NI02PBNLIFE2021,DERECOGNITION_ASSET_OTHER_CF_BF_INIT_RECOG,0.0
NI02PBNLIFE2022,ACTUAL_PREMIUM_CF_PAST_SERVICE,0.0
NI02PBNLIFE2022,ACTUAL_PREMIUM_CF_FUTURE_SERVICE,0.0
NI02PBNLIFE2022,ACTUAL_ACQUISITION_CF_PAST_SERVICE,0.0
NI02PBNLIFE2022,ACTUAL_ACQUISITION_CF_FUTURE_SERVICE,0.0
NI02PBNLIFE2022,ACTUAL_INV_COMP_PAYABLE,0.0
NI02PBNLIFE2022,ACTUAL_CHANGE_FV_FINANCIAL_UNDERLYING_ITEMS,0.0
NI02PBNLIFE2022,ACTUAL_CHANGE_FV_TECHNICAL_UNDERLYING_ITEMS,0.0
NI02PBNLIFE2022,FIN_RISK_MITIGATION,0.0
NI02PBNLIFE2022,RE_RISK_MITIGATION,0.0
NI02PBNLIFE2022,ACTUAL_COVERAGE_UNIT,0.0
NI02PBNLIFE2022,THEORETICAL_PREMIUM_DERECOGNITION_LRC,0.0
NI02PBNLIFE2022,THEORETICAL_PREMIUM_DERECOGNITION_LIC,0.0
NI02PBNLIFE2022,THEORETICAL_PREMIUM_RECOGNITION,0.0
NI02PBNLIFE2022,DERECOGNITION_ASSET_ACQ_CF_BF_INIT_RECOG,0.0
NI02PBNLIFE2022,ACTUAL_COMMISSION_CF_PAST_SERVICE,0.0
NI02PBNLIFE2022,ACTUAL_COMMISSION_CF_FUTURE_SERVICE,0.0
NI02PBNLIFE2022,RE_RISK_MITIGATION_PNL,0.0
NI02PBNLIFE2022,ACTUAL_PREMIUM_CF_CURRENT_SERVICE,0.0
NI02PBNLIFE2022,ACTUAL_ACQUISITION_CF_CURRENT_SERVICE,0.0
NI02PBNLIFE2022,ACTUAL_COMMISSION_CF_CURRENT_SERVICE,0.0
NI02PBNLIFE2022,DERECOGNITION_ASSET_OTHER_CF_BF_INIT_RECOG,0.0
NI02PBNLIFE2023,ACTUAL_PREMIUM_CF_PAST_SERVICE,0.0
NI02PBNLIFE2023,ACTUAL_PREMIUM_CF_FUTURE_SERVICE,0.0
NI02PBNLIFE2023,ACTUAL_ACQUISITION_CF_PAST_SERVICE,0.0
NI02PBNLIFE2023,ACTUAL_ACQUISITION_CF_FUTURE_SERVICE,0.0
NI02PBNLIFE2023,ACTUAL_INV_COMP_PAYABLE,0.0
NI02PBNLIFE2023,ACTUAL_CHANGE_FV_FINANCIAL_UNDERLYING_ITEMS,0.0
NI02PBNLIFE2023,ACTUAL_CHANGE_FV_TECHNICAL_UNDERLYING_ITEMS,0.0
NI02PBNLIFE2023,FIN_RISK_MITIGATION,0.0
NI02PBNLIFE2023,RE_RISK_MITIGATION,0.0
NI02PBNLIFE2023,ACTUAL_COVERAGE_UNIT,0.0
NI02PBNLIFE2023,THEORETICAL_PREMIUM_DERECOGNITION_LRC,0.0
NI02PBNLIFE2023,THEORETICAL_PREMIUM_DERECOGNITION_LIC,0.0
NI02PBNLIFE2023,THEORETICAL_PREMIUM_RECOGNITION,0.0
NI02PBNLIFE2023,DERECOGNITION_ASSET_ACQ_CF_BF_INIT_RECOG,0.0
NI02PBNLIFE2023,ACTUAL_COMMISSION_CF_PAST_SERVICE,0.0
NI02PBNLIFE2023,ACTUAL_COMMISSION_CF_FUTURE_SERVICE,0.0
NI02PBNLIFE2023,RE_RISK_MITIGATION_PNL,0.0
NI02PBNLIFE2023,ACTUAL_PREMIUM_CF_CURRENT_SERVICE,0.0
NI02PBNLIFE2023,ACTUAL_ACQUISITION_CF_CURRENT_SERVICE,0.0
NI02PBNLIFE2023,ACTUAL_COMMISSION_CF_CURRENT_SERVICE,0.0
NI02PBNLIFE2023,DERECOGNITION_ASSET_OTHER_CF_BF_INIT_RECOG,0.0
NI02OBNLIFE2024,ACTUAL_PREMIUM_CF_PAST_SERVICE,0.0
NI02OBNLIFE2024,ACTUAL_PREMIUM_CF_FUTURE_SERVICE,194759514.56899977
NI02OBNLIFE2024,ACTUAL_ACQUISITION_CF_PAST_SERVICE,0.0
NI02OBNLIFE2024,ACTUAL_ACQUISITION_CF_FUTURE_SERVICE,12618519.7
NI02OBNLIFE2024,ACTUAL_INV_COMP_PAYABLE,0.0
NI02OBNLIFE2024,ACTUAL_CHANGE_FV_FINANCIAL_UNDERLYING_ITEMS,0.0
NI02OBNLIFE2024,ACTUAL_CHANGE_FV_TECHNICAL_UNDERLYING_ITEMS,0.0
NI02OBNLIFE2024,FIN_RISK_MITIGATION,0.0
NI02OBNLIFE2024,RE_RISK_MITIGATION,0.0
NI02OBNLIFE2024,ACTUAL_COVERAGE_UNIT,0.0
NI02OBNLIFE2024,THEORETICAL_PREMIUM_DERECOGNITION_LRC,0.0
NI02OBNLIFE2024,THEORETICAL_PREMIUM_DERECOGNITION_LIC,0.0
NI02OBNLIFE2024,THEORETICAL_PREMIUM_RECOGNITION,0.0
NI02OBNLIFE2024,DERECOGNITION_ASSET_ACQ_CF_BF_INIT_RECOG,0.0
NI02OBNLIFE2024,ACTUAL_COMMISSION_CF_PAST_SERVICE,0.0
NI02OBNLIFE2024,ACTUAL_COMMISSION_CF_FUTURE_SERVICE,0.0
NI02OBNLIFE2024,RE_RISK_MITIGATION_PNL,0.0
NI02OBNLIFE2024,ACTUAL_PREMIUM_CF_CURRENT_SERVICE,0.0
NI02OBNLIFE2024,ACTUAL_ACQUISITION_CF_CURRENT_SERVICE,0.0
NI02OBNLIFE2024,ACTUAL_COMMISSION_CF_CURRENT_SERVICE,0.0
NI02OBNLIFE2024,DERECOGNITION_ASSET_OTHER_CF_BF_INIT_RECOG,0.0
NI02PCTLIFE2021,ACTUAL_PREMIUM_CF_PAST_SERVICE,0.0
NI02PCTLIFE2021,ACTUAL_PREMIUM_CF_FUTURE_SERVICE,0.0
NI02PCTLIFE2021,ACTUAL_ACQUISITION_CF_PAST_SERVICE,0.0
NI02PCTLIFE2021,ACTUAL_ACQUISITION_CF_FUTURE_SERVICE,0.0
NI02PCTLIFE2021,ACTUAL_INV_COMP_PAYABLE,-258993.40409739665
NI02PCTLIFE2021,ACTUAL_CHANGE_FV_FINANCIAL_UNDERLYING_ITEMS,0.0
NI02PCTLIFE2021,ACTUAL_CHANGE_FV_TECHNICAL_UNDERLYING_ITEMS,0.0
NI02PCTLIFE2021,FIN_RISK_MITIGATION,0.0
NI02PCTLIFE2021,RE_RISK_MITIGATION,0.0
NI02PCTLIFE2021,ACTUAL_COVERAGE_UNIT,0.0
NI02PCTLIFE2021,THEORETICAL_PREMIUM_DERECOGNITION_LRC,0.0
NI02PCTLIFE2021,THEORETICAL_PREMIUM_DERECOGNITION_LIC,0.0
NI02PCTLIFE2021,THEORETICAL_PREMIUM_RECOGNITION,0.0
NI02PCTLIFE2021,DERECOGNITION_ASSET_ACQ_CF_BF_INIT_RECOG,0.0
NI02PCTLIFE2021,ACTUAL_COMMISSION_CF_PAST_SERVICE,0.0
NI02PCTLIFE2021,ACTUAL_COMMISSION_CF_FUTURE_SERVICE,0.0
NI02PCTLIFE2021,RE_RISK_MITIGATION_PNL,0.0
NI02PCTLIFE2021,ACTUAL_PREMIUM_CF_CURRENT_SERVICE,0.0
NI02PCTLIFE2021,ACTUAL_ACQUISITION_CF_CURRENT_SERVICE,0.0
NI02PCTLIFE2021,ACTUAL_COMMISSION_CF_CURRENT_SERVICE,0.0
NI02PCTLIFE2021,DERECOGNITION_ASSET_OTHER_CF_BF_INIT_RECOG,0.0
NI02PCTLIFE2022,ACTUAL_PREMIUM_CF_PAST_SERVICE,0.0
NI02PCTLIFE2022,ACTUAL_PREMIUM_CF_FUTURE_SERVICE,2342309.0
NI02PCTLIFE2022,ACTUAL_ACQUISITION_CF_PAST_SERVICE,0.0
NI02PCTLIFE2022,ACTUAL_ACQUISITION_CF_FUTURE_SERVICE,163961.63
NI02PCTLIFE2022,ACTUAL_INV_COMP_PAYABLE,0.0
NI02PCTLIFE2022,ACTUAL_CHANGE_FV_FINANCIAL_UNDERLYING_ITEMS,0.0
NI02PCTLIFE2022,ACTUAL_CHANGE_FV_TECHNICAL_UNDERLYING_ITEMS,0.0
NI02PCTLIFE2022,FIN_RISK_MITIGATION,0.0
NI02PCTLIFE2022,RE_RISK_MITIGATION,0.0
NI02PCTLIFE2022,ACTUAL_COVERAGE_UNIT,0.0
NI02PCTLIFE2022,THEORETICAL_PREMIUM_DERECOGNITION_LRC,0.0
NI02PCTLIFE2022,THEORETICAL_PREMIUM_DERECOGNITION_LIC,0.0
NI02PCTLIFE2022,THEORETICAL_PREMIUM_RECOGNITION,0.0
NI02PCTLIFE2022,DERECOGNITION_ASSET_ACQ_CF_BF_INIT_RECOG,0.0
NI02PCTLIFE2022,ACTUAL_COMMISSION_CF_PAST_SERVICE,0.0
NI02PCTLIFE2022,ACTUAL_COMMISSION_CF_FUTURE_SERVICE,0.0
NI02PCTLIFE2022,RE_RISK_MITIGATION_PNL,0.0
NI02PCTLIFE2022,ACTUAL_PREMIUM_CF_CURRENT_SERVICE,0.0
NI02PCTLIFE2022,ACTUAL_ACQUISITION_CF_CURRENT_SERVICE,0.0
NI02PCTLIFE2022,ACTUAL_COMMISSION_CF_CURRENT_SERVICE,0.0
NI02PCTLIFE2022,DERECOGNITION_ASSET_OTHER_CF_BF_INIT_RECOG,0.0
NI02OCRLIFE2021,ACTUAL_PREMIUM_CF_PAST_SERVICE,0.0
NI02OCRLIFE2021,ACTUAL_PREMIUM_CF_FUTURE_SERVICE,0.0
NI02OCRLIFE2021,ACTUAL_ACQUISITION_CF_PAST_SERVICE,0.0
NI02OCRLIFE2021,ACTUAL_ACQUISITION_CF_FUTURE_SERVICE,0.0
NI02OCRLIFE2021,ACTUAL_INV_COMP_PAYABLE,0.0
NI02OCRLIFE2021,ACTUAL_CHANGE_FV_FINANCIAL_UNDERLYING_ITEMS,0.0
NI02OCRLIFE2021,ACTUAL_CHANGE_FV_TECHNICAL_UNDERLYING_ITEMS,0.0
NI02OCRLIFE2021,FIN_RISK_MITIGATION,0.0
NI02OCRLIFE2021,RE_RISK_MITIGATION,0.0
NI02OCRLIFE2021,ACTUAL_COVERAGE_UNIT,0.0
NI02OCRLIFE2021,THEORETICAL_PREMIUM_DERECOGNITION_LRC,0.0
NI02OCRLIFE2021,THEORETICAL_PREMIUM_DERECOGNITION_LIC,0.0
NI02OCRLIFE2021,THEORETICAL_PREMIUM_RECOGNITION,0.0
NI02OCRLIFE2021,DERECOGNITION_ASSET_ACQ_CF_BF_INIT_RECOG,0.0
NI02OCRLIFE2021,ACTUAL_COMMISSION_CF_PAST_SERVICE,0.0
NI02OCRLIFE2021,ACTUAL_COMMISSION_CF_FUTURE_SERVICE,0.0
NI02OCRLIFE2021,RE_RISK_MITIGATION_PNL,0.0
NI02OCRLIFE2021,ACTUAL_PREMIUM_CF_CURRENT_SERVICE,0.0
NI02OCRLIFE2021,ACTUAL_ACQUISITION_CF_CURRENT_SERVICE,0.0
NI02OCRLIFE2021,ACTUAL_COMMISSION_CF_CURRENT_SERVICE,0.0
NI02OCRLIFE2021,DERECOGNITION_ASSET_OTHER_CF_BF_INIT_RECOG,0.0
NI02OCRLIFE2022,ACTUAL_PREMIUM_CF_PAST_SERVICE,0.0
NI02OCRLIFE2022,ACTUAL_PREMIUM_CF_FUTURE_SERVICE,0.0
NI02OCRLIFE2022,ACTUAL_ACQUISITION_CF_PAST_SERVICE,0.0
NI02OCRLIFE2022,ACTUAL_ACQUISITION_CF_FUTURE_SERVICE,0.0
NI02OCRLIFE2022,ACTUAL_INV_COMP_PAYABLE,0.0
NI02OCRLIFE2022,ACTUAL_CHANGE_FV_FINANCIAL_UNDERLYING_ITEMS,0.0
NI02OCRLIFE2022,ACTUAL_CHANGE_FV_TECHNICAL_UNDERLYING_ITEMS,0.0
NI02OCRLIFE2022,FIN_RISK_MITIGATION,0.0
NI02OCRLIFE2022,RE_RISK_MITIGATION,0.0
NI02OCRLIFE2022,ACTUAL_COVERAGE_UNIT,0.0
NI02OCRLIFE2022,THEORETICAL_PREMIUM_DERECOGNITION_LRC,0.0
NI02OCRLIFE2022,THEORETICAL_PREMIUM_DERECOGNITION_LIC,0.0
NI02OCRLIFE2022,THEORETICAL_PREMIUM_RECOGNITION,0.0
NI02OCRLIFE2022,DERECOGNITION_ASSET_ACQ_CF_BF_INIT_RECOG,0.0
NI02OCRLIFE2022,ACTUAL_COMMISSION_CF_PAST_SERVICE,0.0
NI02OCRLIFE2022,ACTUAL_COMMISSION_CF_FUTURE_SERVICE,0.0
NI02OCRLIFE2022,RE_RISK_MITIGATION_PNL,0.0
NI02OCRLIFE2022,ACTUAL_PREMIUM_CF_CURRENT_SERVICE,0.0
NI02OCRLIFE2022,ACTUAL_ACQUISITION_CF_CURRENT_SERVICE,0.0
NI02OCRLIFE2022,ACTUAL_COMMISSION_CF_CURRENT_SERVICE,0.0
NI02OCRLIFE2022,DERECOGNITION_ASSET_OTHER_CF_BF_INIT_RECOG,0.0
NI02PCRLIFE2023,ACTUAL_PREMIUM_CF_PAST_SERVICE,0.0
NI02PCRLIFE2023,ACTUAL_PREMIUM_CF_FUTURE_SERVICE,0.0
NI02PCRLIFE2023,ACTUAL_ACQUISITION_CF_PAST_SERVICE,0.0
NI02PCRLIFE2023,ACTUAL_ACQUISITION_CF_FUTURE_SERVICE,0.0
NI02PCRLIFE2023,ACTUAL_INV_COMP_PAYABLE,0.0
NI02PCRLIFE2023,ACTUAL_CHANGE_FV_FINANCIAL_UNDERLYING_ITEMS,0.0
NI02PCRLIFE2023,ACTUAL_CHANGE_FV_TECHNICAL_UNDERLYING_ITEMS,0.0
NI02PCRLIFE2023,FIN_RISK_MITIGATION,0.0
NI02PCRLIFE2023,RE_RISK_MITIGATION,0.0
NI02PCRLIFE2023,ACTUAL_COVERAGE_UNIT,0.0
NI02PCRLIFE2023,THEORETICAL_PREMIUM_DERECOGNITION_LRC,0.0
NI02PCRLIFE2023,THEORETICAL_PREMIUM_DERECOGNITION_LIC,0.0
NI02PCRLIFE2023,THEORETICAL_PREMIUM_RECOGNITION,0.0
NI02PCRLIFE2023,DERECOGNITION_ASSET_ACQ_CF_BF_INIT_RECOG,0.0
NI02PCRLIFE2023,ACTUAL_COMMISSION_CF_PAST_SERVICE,0.0
NI02PCRLIFE2023,ACTUAL_COMMISSION_CF_FUTURE_SERVICE,0.0
NI02PCRLIFE2023,RE_RISK_MITIGATION_PNL,0.0
NI02PCRLIFE2023,ACTUAL_PREMIUM_CF_CURRENT_SERVICE,0.0
NI02PCRLIFE2023,ACTUAL_ACQUISITION_CF_CURRENT_SERVICE,0.0
NI02PCRLIFE2023,ACTUAL_COMMISSION_CF_CURRENT_SERVICE,0.0
NI02PCRLIFE2023,DERECOGNITION_ASSET_OTHER_CF_BF_INIT_RECOG,0.0
NI02OCRLIFE2024,ACTUAL_PREMIUM_CF_PAST_SERVICE,0.0
NI02OCRLIFE2024,ACTUAL_PREMIUM_CF_FUTURE_SERVICE,982707394.69
NI02OCRLIFE2024,ACTUAL_ACQUISITION_CF_PAST_SERVICE,0.0
NI02OCRLIFE2024,ACTUAL_ACQUISITION_CF_FUTURE_SERVICE,3211399.578
NI02OCRLIFE2024,ACTUAL_INV_COMP_PAYABLE,0.0
NI02OCRLIFE2024,ACTUAL_CHANGE_FV_FINANCIAL_UNDERLYING_ITEMS,0.0
NI02OCRLIFE2024,ACTUAL_CHANGE_FV_TECHNICAL_UNDERLYING_ITEMS,0.0
NI02OCRLIFE2024,FIN_RISK_MITIGATION,0.0
NI02OCRLIFE2024,RE_RISK_MITIGATION,0.0
NI02OCRLIFE2024,ACTUAL_COVERAGE_UNIT,0.0
NI02OCRLIFE2024,THEORETICAL_PREMIUM_DERECOGNITION_LRC,0.0
NI02OCRLIFE2024,THEORETICAL_PREMIUM_DERECOGNITION_LIC,0.0
NI02OCRLIFE2024,THEORETICAL_PREMIUM_RECOGNITION,0.0
NI02OCRLIFE2024,DERECOGNITION_ASSET_ACQ_CF_BF_INIT_RECOG,0.0
NI02OCRLIFE2024,ACTUAL_COMMISSION_CF_PAST_SERVICE,0.0
NI02OCRLIFE2024,ACTUAL_COMMISSION_CF_FUTURE_SERVICE,0.0
NI02OCRLIFE2024,RE_RISK_MITIGATION_PNL,0.0
NI02OCRLIFE2024,ACTUAL_PREMIUM_CF_CURRENT_SERVICE,0.0
NI02OCRLIFE2024,ACTUAL_ACQUISITION_CF_CURRENT_SERVICE,0.0
NI02OCRLIFE2024,ACTUAL_COMMISSION_CF_CURRENT_SERVICE,0.0
NI02OCRLIFE2024,DERECOGNITION_ASSET_OTHER_CF_BF_INIT_RECOG,0.0
NI02OEDPLAN2021,ACTUAL_PREMIUM_CF_PAST_SERVICE,0.0
NI02OEDPLAN2021,ACTUAL_PREMIUM_CF_FUTURE_SERVICE,0.0
NI02OEDPLAN2021,ACTUAL_ACQUISITION_CF_PAST_SERVICE,0.0
NI02OEDPLAN2021,ACTUAL_ACQUISITION_CF_FUTURE_SERVICE,0.0
NI02OEDPLAN2021,ACTUAL_INV_COMP_PAYABLE,0.0
NI02OEDPLAN2021,ACTUAL_CHANGE_FV_FINANCIAL_UNDERLYING_ITEMS,0.0
NI02OEDPLAN2021,ACTUAL_CHANGE_FV_TECHNICAL_UNDERLYING_ITEMS,0.0
NI02OEDPLAN2021,FIN_RISK_MITIGATION,0.0
NI02OEDPLAN2021,RE_RISK_MITIGATION,0.0
NI02OEDPLAN2021,ACTUAL_COVERAGE_UNIT,0.0
NI02OEDPLAN2021,THEORETICAL_PREMIUM_DERECOGNITION_LRC,0.0
NI02OEDPLAN2021,THEORETICAL_PREMIUM_DERECOGNITION_LIC,0.0
NI02OEDPLAN2021,THEORETICAL_PREMIUM_RECOGNITION,0.0
NI02OEDPLAN2021,DERECOGNITION_ASSET_ACQ_CF_BF_INIT_RECOG,0.0
NI02OEDPLAN2021,ACTUAL_COMMISSION_CF_PAST_SERVICE,0.0
NI02OEDPLAN2021,ACTUAL_COMMISSION_CF_FUTURE_SERVICE,0.0
NI02OEDPLAN2021,RE_RISK_MITIGATION_PNL,0.0
NI02OEDPLAN2021,ACTUAL_PREMIUM_CF_CURRENT_SERVICE,0.0
NI02OEDPLAN2021,ACTUAL_ACQUISITION_CF_CURRENT_SERVICE,0.0
NI02OEDPLAN2021,ACTUAL_COMMISSION_CF_CURRENT_SERVICE,0.0
NI02OEDPLAN2021,DERECOGNITION_ASSET_OTHER_CF_BF_INIT_RECOG,0.0
NI02PEDPLAN2022,ACTUAL_PREMIUM_CF_PAST_SERVICE,0.0
NI02PEDPLAN2022,ACTUAL_PREMIUM_CF_FUTURE_SERVICE,0.0
NI02PEDPLAN2022,ACTUAL_ACQUISITION_CF_PAST_SERVICE,0.0
NI02PEDPLAN2022,ACTUAL_ACQUISITION_CF_FUTURE_SERVICE,0.0
NI02PEDPLAN2022,ACTUAL_INV_COMP_PAYABLE,0.0
NI02PEDPLAN2022,ACTUAL_CHANGE_FV_FINANCIAL_UNDERLYING_ITEMS,0.0
NI02PEDPLAN2022,ACTUAL_CHANGE_FV_TECHNICAL_UNDERLYING_ITEMS,0.0
NI02PEDPLAN2022,FIN_RISK_MITIGATION,0.0
NI02PEDPLAN2022,RE_RISK_MITIGATION,0.0
NI02PEDPLAN2022,ACTUAL_COVERAGE_UNIT,0.0
NI02PEDPLAN2022,THEORETICAL_PREMIUM_DERECOGNITION_LRC,0.0
NI02PEDPLAN2022,THEORETICAL_PREMIUM_DERECOGNITION_LIC,0.0
NI02PEDPLAN2022,THEORETICAL_PREMIUM_RECOGNITION,0.0
NI02PEDPLAN2022,DERECOGNITION_ASSET_ACQ_CF_BF_INIT_RECOG,0.0
NI02PEDPLAN2022,ACTUAL_COMMISSION_CF_PAST_SERVICE,0.0
NI02PEDPLAN2022,ACTUAL_COMMISSION_CF_FUTURE_SERVICE,0.0
NI02PEDPLAN2022,RE_RISK_MITIGATION_PNL,0.0
NI02PEDPLAN2022,ACTUAL_PREMIUM_CF_CURRENT_SERVICE,0.0
NI02PEDPLAN2022,ACTUAL_ACQUISITION_CF_CURRENT_SERVICE,0.0
NI02PEDPLAN2022,ACTUAL_COMMISSION_CF_CURRENT_SERVICE,0.0
NI02PEDPLAN2022,DERECOGNITION_ASSET_OTHER_CF_BF_INIT_RECOG,0.0
NI02OEDPLAN2022,ACTUAL_PREMIUM_CF_PAST_SERVICE,0.0
NI02OEDPLAN2022,ACTUAL_PREMIUM_CF_FUTURE_SERVICE,0.0
NI02OEDPLAN2022,ACTUAL_ACQUISITION_CF_PAST_SERVICE,0.0
NI02OEDPLAN2022,ACTUAL_ACQUISITION_CF_FUTURE_SERVICE,0.0
NI02OEDPLAN2022,ACTUAL_INV_COMP_PAYABLE,0.0
NI02OEDPLAN2022,ACTUAL_CHANGE_FV_FINANCIAL_UNDERLYING_ITEMS,0.0
NI02OEDPLAN2022,ACTUAL_CHANGE_FV_TECHNICAL_UNDERLYING_ITEMS,0.0
NI02OEDPLAN2022,FIN_RISK_MITIGATION,0.0
NI02OEDPLAN2022,RE_RISK_MITIGATION,0.0
NI02OEDPLAN2022,ACTUAL_COVERAGE_UNIT,0.0
NI02OEDPLAN2022,THEORETICAL_PREMIUM_DERECOGNITION_LRC,0.0
NI02OEDPLAN2022,THEORETICAL_PREMIUM_DERECOGNITION_LIC,0.0
NI02OEDPLAN2022,THEORETICAL_PREMIUM_RECOGNITION,0.0
NI02OEDPLAN2022,DERECOGNITION_ASSET_ACQ_CF_BF_INIT_RECOG,0.0
NI02OEDPLAN2022,ACTUAL_COMMISSION_CF_PAST_SERVICE,0.0
NI02OEDPLAN2022,ACTUAL_COMMISSION_CF_FUTURE_SERVICE,0.0
NI02OEDPLAN2022,RE_RISK_MITIGATION_PNL,0.0
NI02OEDPLAN2022,ACTUAL_PREMIUM_CF_CURRENT_SERVICE,0.0
NI02OEDPLAN2022,ACTUAL_ACQUISITION_CF_CURRENT_SERVICE,0.0
NI02OEDPLAN2022,ACTUAL_COMMISSION_CF_CURRENT_SERVICE,0.0
NI02OEDPLAN2022,DERECOGNITION_ASSET_OTHER_CF_BF_INIT_RECOG,0.0
NI02OEDPLAN2023,ACTUAL_PREMIUM_CF_PAST_SERVICE,0.0
NI02OEDPLAN2023,ACTUAL_PREMIUM_CF_FUTURE_SERVICE,0.0
NI02OEDPLAN2023,ACTUAL_ACQUISITION_CF_PAST_SERVICE,0.0
NI02OEDPLAN2023,ACTUAL_ACQUISITION_CF_FUTURE_SERVICE,0.0
NI02OEDPLAN2023,ACTUAL_INV_COMP_PAYABLE,0.0
NI02OEDPLAN2023,ACTUAL_CHANGE_FV_FINANCIAL_UNDERLYING_ITEMS,0.0
NI02OEDPLAN2023,ACTUAL_CHANGE_FV_TECHNICAL_UNDERLYING_ITEMS,0.0
NI02OEDPLAN2023,FIN_RISK_MITIGATION,0.0
NI02OEDPLAN2023,RE_RISK_MITIGATION,0.0
NI02OEDPLAN2023,ACTUAL_COVERAGE_UNIT,0.0
NI02OEDPLAN2023,THEORETICAL_PREMIUM_DERECOGNITION_LRC,0.0
NI02OEDPLAN2023,THEORETICAL_PREMIUM_DERECOGNITION_LIC,0.0
NI02OEDPLAN2023,THEORETICAL_PREMIUM_RECOGNITION,0.0
NI02OEDPLAN2023,DERECOGNITION_ASSET_ACQ_CF_BF_INIT_RECOG,0.0
NI02OEDPLAN2023,ACTUAL_COMMISSION_CF_PAST_SERVICE,0.0
NI02OEDPLAN2023,ACTUAL_COMMISSION_CF_FUTURE_SERVICE,0.0
NI02OEDPLAN2023,RE_RISK_MITIGATION_PNL,0.0
NI02OEDPLAN2023,ACTUAL_PREMIUM_CF_CURRENT_SERVICE,0.0
NI02OEDPLAN2023,ACTUAL_ACQUISITION_CF_CURRENT_SERVICE,0.0
NI02OEDPLAN2023,ACTUAL_COMMISSION_CF_CURRENT_SERVICE,0.0
NI02OEDPLAN2023,DERECOGNITION_ASSET_OTHER_CF_BF_INIT_RECOG,0.0
NI02OEDPLAN2024,ACTUAL_PREMIUM_CF_PAST_SERVICE,0.0
NI02OEDPLAN2024,ACTUAL_PREMIUM_CF_FUTURE_SERVICE,380960907.97
NI02OEDPLAN2024,ACTUAL_ACQUISITION_CF_PAST_SERVICE,0.0
NI02OEDPLAN2024,ACTUAL_ACQUISITION_CF_FUTURE_SERVICE,0.0
NI02OEDPLAN2024,ACTUAL_INV_COMP_PAYABLE,0.0
NI02OEDPLAN2024,ACTUAL_CHANGE_FV_FINANCIAL_UNDERLYING_ITEMS,0.0
NI02OEDPLAN2024,ACTUAL_CHANGE_FV_TECHNICAL_UNDERLYING_ITEMS,0.0
NI02OEDPLAN2024,FIN_RISK_MITIGATION,0.0
NI02OEDPLAN2024,RE_RISK_MITIGATION,0.0
NI02OEDPLAN2024,ACTUAL_COVERAGE_UNIT,0.0
NI02OEDPLAN2024,THEORETICAL_PREMIUM_DERECOGNITION_LRC,0.0
NI02OEDPLAN2024,THEORETICAL_PREMIUM_DERECOGNITION_LIC,0.0
NI02OEDPLAN2024,THEORETICAL_PREMIUM_RECOGNITION,0.0
NI02OEDPLAN2024,DERECOGNITION_ASSET_ACQ_CF_BF_INIT_RECOG,0.0
NI02OEDPLAN2024,ACTUAL_COMMISSION_CF_PAST_SERVICE,0.0
NI02OEDPLAN2024,ACTUAL_COMMISSION_CF_FUTURE_SERVICE,0.0
NI02OEDPLAN2024,RE_RISK_MITIGATION_PNL,0.0
NI02OEDPLAN2024,ACTUAL_PREMIUM_CF_CURRENT_SERVICE,0.0
NI02OEDPLAN2024,ACTUAL_ACQUISITION_CF_CURRENT_SERVICE,0.0
NI02OEDPLAN2024,ACTUAL_COMMISSION_CF_CURRENT_SERVICE,0.0
NI02OEDPLAN2024,DERECOGNITION_ASSET_OTHER_CF_BF_INIT_RECOG,0.0
NI02PEDUPOL2021,ACTUAL_PREMIUM_CF_PAST_SERVICE,0.0
NI02PEDUPOL2021,ACTUAL_PREMIUM_CF_FUTURE_SERVICE,0.0
NI02PEDUPOL2021,ACTUAL_ACQUISITION_CF_PAST_SERVICE,0.0
NI02PEDUPOL2021,ACTUAL_ACQUISITION_CF_FUTURE_SERVICE,0.0
NI02PEDUPOL2021,ACTUAL_INV_COMP_PAYABLE,0.0
NI02PEDUPOL2021,ACTUAL_CHANGE_FV_FINANCIAL_UNDERLYING_ITEMS,0.0
NI02PEDUPOL2021,ACTUAL_CHANGE_FV_TECHNICAL_UNDERLYING_ITEMS,0.0
NI02PEDUPOL2021,FIN_RISK_MITIGATION,0.0
NI02PEDUPOL2021,RE_RISK_MITIGATION,0.0
NI02PEDUPOL2021,ACTUAL_COVERAGE_UNIT,0.0
NI02PEDUPOL2021,THEORETICAL_PREMIUM_DERECOGNITION_LRC,0.0
NI02PEDUPOL2021,THEORETICAL_PREMIUM_DERECOGNITION_LIC,0.0
NI02PEDUPOL2021,THEORETICAL_PREMIUM_RECOGNITION,0.0
NI02PEDUPOL2021,DERECOGNITION_ASSET_ACQ_CF_BF_INIT_RECOG,0.0
NI02PEDUPOL2021,ACTUAL_COMMISSION_CF_PAST_SERVICE,0.0
NI02PEDUPOL2021,ACTUAL_COMMISSION_CF_FUTURE_SERVICE,0.0
NI02PEDUPOL2021,RE_RISK_MITIGATION_PNL,0.0
NI02PEDUPOL2021,ACTUAL_PREMIUM_CF_CURRENT_SERVICE,0.0
NI02PEDUPOL2021,ACTUAL_ACQUISITION_CF_CURRENT_SERVICE,0.0
NI02PEDUPOL2021,ACTUAL_COMMISSION_CF_CURRENT_SERVICE,0.0
NI02PEDUPOL2021,DERECOGNITION_ASSET_OTHER_CF_BF_INIT_RECOG,0.0
NI02OEDUPOL2022,ACTUAL_PREMIUM_CF_PAST_SERVICE,0.0
NI02OEDUPOL2022,ACTUAL_PREMIUM_CF_FUTURE_SERVICE,0.0
NI02OEDUPOL2022,ACTUAL_ACQUISITION_CF_PAST_SERVICE,0.0
NI02OEDUPOL2022,ACTUAL_ACQUISITION_CF_FUTURE_SERVICE,0.0
NI02OEDUPOL2022,ACTUAL_INV_COMP_PAYABLE,0.0
NI02OEDUPOL2022,ACTUAL_CHANGE_FV_FINANCIAL_UNDERLYING_ITEMS,0.0
NI02OEDUPOL2022,ACTUAL_CHANGE_FV_TECHNICAL_UNDERLYING_ITEMS,0.0
NI02OEDUPOL2022,FIN_RISK_MITIGATION,0.0
NI02OEDUPOL2022,RE_RISK_MITIGATION,0.0
NI02OEDUPOL2022,ACTUAL_COVERAGE_UNIT,0.0
NI02OEDUPOL2022,THEORETICAL_PREMIUM_DERECOGNITION_LRC,0.0
NI02OEDUPOL2022,THEORETICAL_PREMIUM_DERECOGNITION_LIC,0.0
NI02OEDUPOL2022,THEORETICAL_PREMIUM_RECOGNITION,0.0
NI02OEDUPOL2022,DERECOGNITION_ASSET_ACQ_CF_BF_INIT_RECOG,0.0
NI02OEDUPOL2022,ACTUAL_COMMISSION_CF_PAST_SERVICE,0.0
NI02OEDUPOL2022,ACTUAL_COMMISSION_CF_FUTURE_SERVICE,0.0
NI02OEDUPOL2022,RE_RISK_MITIGATION_PNL,0.0
NI02OEDUPOL2022,ACTUAL_PREMIUM_CF_CURRENT_SERVICE,0.0
NI02OEDUPOL2022,ACTUAL_ACQUISITION_CF_CURRENT_SERVICE,0.0
NI02OEDUPOL2022,ACTUAL_COMMISSION_CF_CURRENT_SERVICE,0.0
NI02OEDUPOL2022,DERECOGNITION_ASSET_OTHER_CF_BF_INIT_RECOG,0.0
NI02PEDUPOL2022,ACTUAL_PREMIUM_CF_PAST_SERVICE,0.0
NI02PEDUPOL2022,ACTUAL_PREMIUM_CF_FUTURE_SERVICE,0.0
NI02PEDUPOL2022,ACTUAL_ACQUISITION_CF_PAST_SERVICE,0.0
NI02PEDUPOL2022,ACTUAL_ACQUISITION_CF_FUTURE_SERVICE,0.0
NI02PEDUPOL2022,ACTUAL_INV_COMP_PAYABLE,0.0
NI02PEDUPOL2022,ACTUAL_CHANGE_FV_FINANCIAL_UNDERLYING_ITEMS,0.0
NI02PEDUPOL2022,ACTUAL_CHANGE_FV_TECHNICAL_UNDERLYING_ITEMS,0.0
NI02PEDUPOL2022,FIN_RISK_MITIGATION,0.0
NI02PEDUPOL2022,RE_RISK_MITIGATION,0.0
NI02PEDUPOL2022,ACTUAL_COVERAGE_UNIT,0.0
NI02PEDUPOL2022,THEORETICAL_PREMIUM_DERECOGNITION_LRC,0.0
NI02PEDUPOL2022,THEORETICAL_PREMIUM_DERECOGNITION_LIC,0.0
NI02PEDUPOL2022,THEORETICAL_PREMIUM_RECOGNITION,0.0
NI02PEDUPOL2022,DERECOGNITION_ASSET_ACQ_CF_BF_INIT_RECOG,0.0
NI02PEDUPOL2022,ACTUAL_COMMISSION_CF_PAST_SERVICE,0.0
NI02PEDUPOL2022,ACTUAL_COMMISSION_CF_FUTURE_SERVICE,0.0
NI02PEDUPOL2022,RE_RISK_MITIGATION_PNL,0.0
NI02PEDUPOL2022,ACTUAL_PREMIUM_CF_CURRENT_SERVICE,0.0
NI02PEDUPOL2022,ACTUAL_ACQUISITION_CF_CURRENT_SERVICE,0.0
NI02PEDUPOL2022,ACTUAL_COMMISSION_CF_CURRENT_SERVICE,0.0
NI02PEDUPOL2022,DERECOGNITION_ASSET_OTHER_CF_BF_INIT_RECOG,0.0
NI02OEDUPOL2023,ACTUAL_PREMIUM_CF_PAST_SERVICE,0.0
NI02OEDUPOL2023,ACTUAL_PREMIUM_CF_FUTURE_SERVICE,0.0
NI02OEDUPOL2023,ACTUAL_ACQUISITION_CF_PAST_SERVICE,0.0
NI02OEDUPOL2023,ACTUAL_ACQUISITION_CF_FUTURE_SERVICE,0.0
NI02OEDUPOL2023,ACTUAL_INV_COMP_PAYABLE,0.0
NI02OEDUPOL2023,ACTUAL_CHANGE_FV_FINANCIAL_UNDERLYING_ITEMS,0.0
NI02OEDUPOL2023,ACTUAL_CHANGE_FV_TECHNICAL_UNDERLYING_ITEMS,0.0
NI02OEDUPOL2023,FIN_RISK_MITIGATION,0.0
NI02OEDUPOL2023,RE_RISK_MITIGATION,0.0
NI02OEDUPOL2023,ACTUAL_COVERAGE_UNIT,0.0
NI02OEDUPOL2023,THEORETICAL_PREMIUM_DERECOGNITION_LRC,0.0
NI02OEDUPOL2023,THEORETICAL_PREMIUM_DERECOGNITION_LIC,0.0
NI02OEDUPOL2023,THEORETICAL_PREMIUM_RECOGNITION,0.0
NI02OEDUPOL2023,DERECOGNITION_ASSET_ACQ_CF_BF_INIT_RECOG,0.0
NI02OEDUPOL2023,ACTUAL_COMMISSION_CF_PAST_SERVICE,0.0
NI02OEDUPOL2023,ACTUAL_COMMISSION_CF_FUTURE_SERVICE,0.0
NI02OEDUPOL2023,RE_RISK_MITIGATION_PNL,0.0
NI02OEDUPOL2023,ACTUAL_PREMIUM_CF_CURRENT_SERVICE,0.0
NI02OEDUPOL2023,ACTUAL_ACQUISITION_CF_CURRENT_SERVICE,0.0
NI02OEDUPOL2023,ACTUAL_COMMISSION_CF_CURRENT_SERVICE,0.0
NI02OEDUPOL2023,DERECOGNITION_ASSET_OTHER_CF_BF_INIT_RECOG,0.0
NI02OEDUPOL2024,ACTUAL_PREMIUM_CF_PAST_SERVICE,0.0
NI02OEDUPOL2024,ACTUAL_PREMIUM_CF_FUTURE_SERVICE,31652285.964999985
NI02OEDUPOL2024,ACTUAL_ACQUISITION_CF_PAST_SERVICE,0.0
NI02OEDUPOL2024,ACTUAL_ACQUISITION_CF_FUTURE_SERVICE,2818184.824
NI02OEDUPOL2024,ACTUAL_INV_COMP_PAYABLE,0.0
NI02OEDUPOL2024,ACTUAL_CHANGE_FV_FINANCIAL_UNDERLYING_ITEMS,0.0
NI02OEDUPOL2024,ACTUAL_CHANGE_FV_TECHNICAL_UNDERLYING_ITEMS,0.0
NI02OEDUPOL2024,FIN_RISK_MITIGATION,0.0
NI02OEDUPOL2024,RE_RISK_MITIGATION,0.0
NI02OEDUPOL2024,ACTUAL_COVERAGE_UNIT,0.0
NI02OEDUPOL2024,THEORETICAL_PREMIUM_DERECOGNITION_LRC,0.0
NI02OEDUPOL2024,THEORETICAL_PREMIUM_DERECOGNITION_LIC,0.0
NI02OEDUPOL2024,THEORETICAL_PREMIUM_RECOGNITION,0.0
NI02OEDUPOL2024,DERECOGNITION_ASSET_ACQ_CF_BF_INIT_RECOG,0.0
NI02OEDUPOL2024,ACTUAL_COMMISSION_CF_PAST_SERVICE,0.0
NI02OEDUPOL2024,ACTUAL_COMMISSION_CF_FUTURE_SERVICE,0.0
NI02OEDUPOL2024,RE_RISK_MITIGATION_PNL,0.0
NI02OEDUPOL2024,ACTUAL_PREMIUM_CF_CURRENT_SERVICE,0.0
NI02OEDUPOL2024,ACTUAL_ACQUISITION_CF_CURRENT_SERVICE,0.0
NI02OEDUPOL2024,ACTUAL_COMMISSION_CF_CURRENT_SERVICE,0.0
NI02OEDUPOL2024,DERECOGNITION_ASSET_OTHER_CF_BF_INIT_RECOG,0.0
NI02PEIPLAN2021,ACTUAL_PREMIUM_CF_PAST_SERVICE,0.0
NI02PEIPLAN2021,ACTUAL_PREMIUM_CF_FUTURE_SERVICE,0.0
NI02PEIPLAN2021,ACTUAL_ACQUISITION_CF_PAST_SERVICE,0.0
NI02PEIPLAN2021,ACTUAL_ACQUISITION_CF_FUTURE_SERVICE,0.0
NI02PEIPLAN2021,ACTUAL_INV_COMP_PAYABLE,0.0
NI02PEIPLAN2021,ACTUAL_CHANGE_FV_FINANCIAL_UNDERLYING_ITEMS,0.0
NI02PEIPLAN2021,ACTUAL_CHANGE_FV_TECHNICAL_UNDERLYING_ITEMS,0.0
NI02PEIPLAN2021,FIN_RISK_MITIGATION,0.0
NI02PEIPLAN2021,RE_RISK_MITIGATION,0.0
NI02PEIPLAN2021,ACTUAL_COVERAGE_UNIT,0.0
NI02PEIPLAN2021,THEORETICAL_PREMIUM_DERECOGNITION_LRC,0.0
NI02PEIPLAN2021,THEORETICAL_PREMIUM_DERECOGNITION_LIC,0.0
NI02PEIPLAN2021,THEORETICAL_PREMIUM_RECOGNITION,0.0
NI02PEIPLAN2021,DERECOGNITION_ASSET_ACQ_CF_BF_INIT_RECOG,0.0
NI02PEIPLAN2021,ACTUAL_COMMISSION_CF_PAST_SERVICE,0.0
NI02PEIPLAN2021,ACTUAL_COMMISSION_CF_FUTURE_SERVICE,0.0
NI02PEIPLAN2021,RE_RISK_MITIGATION_PNL,0.0
NI02PEIPLAN2021,ACTUAL_PREMIUM_CF_CURRENT_SERVICE,0.0
NI02PEIPLAN2021,ACTUAL_ACQUISITION_CF_CURRENT_SERVICE,0.0
NI02PEIPLAN2021,ACTUAL_COMMISSION_CF_CURRENT_SERVICE,0.0
NI02PEIPLAN2021,DERECOGNITION_ASSET_OTHER_CF_BF_INIT_RECOG,0.0
NI02PEIPLAN2024,ACTUAL_PREMIUM_CF_PAST_SERVICE,0.0
NI02PEIPLAN2024,ACTUAL_PREMIUM_CF_FUTURE_SERVICE,0.0
NI02PEIPLAN2024,ACTUAL_ACQUISITION_CF_PAST_SERVICE,0.0
NI02PEIPLAN2024,ACTUAL_ACQUISITION_CF_FUTURE_SERVICE,0.0
NI02PEIPLAN2024,ACTUAL_INV_COMP_PAYABLE,0.0
NI02PEIPLAN2024,ACTUAL_CHANGE_FV_FINANCIAL_UNDERLYING_ITEMS,0.0
NI02PEIPLAN2024,ACTUAL_CHANGE_FV_TECHNICAL_UNDERLYING_ITEMS,0.0
NI02PEIPLAN2024,FIN_RISK_MITIGATION,0.0
NI02PEIPLAN2024,RE_RISK_MITIGATION,0.0
NI02PEIPLAN2024,ACTUAL_COVERAGE_UNIT,0.0
NI02PEIPLAN2024,THEORETICAL_PREMIUM_DERECOGNITION_LRC,0.0
NI02PEIPLAN2024,THEORETICAL_PREMIUM_DERECOGNITION_LIC,0.0
NI02PEIPLAN2024,THEORETICAL_PREMIUM_RECOGNITION,0.0
NI02PEIPLAN2024,DERECOGNITION_ASSET_ACQ_CF_BF_INIT_RECOG,0.0
NI02PEIPLAN2024,ACTUAL_COMMISSION_CF_PAST_SERVICE,0.0
NI02PEIPLAN2024,ACTUAL_COMMISSION_CF_FUTURE_SERVICE,0.0
NI02PEIPLAN2024,RE_RISK_MITIGATION_PNL,0.0
NI02PEIPLAN2024,ACTUAL_PREMIUM_CF_CURRENT_SERVICE,0.0
NI02PEIPLAN2024,ACTUAL_ACQUISITION_CF_CURRENT_SERVICE,0.0
NI02PEIPLAN2024,ACTUAL_COMMISSION_CF_CURRENT_SERVICE,0.0
NI02PEIPLAN2024,DERECOGNITION_ASSET_OTHER_CF_BF_INIT_RECOG,0.0
NI02OLIFESV2021,ACTUAL_PREMIUM_CF_PAST_SERVICE,0.0
NI02OLIFESV2021,ACTUAL_PREMIUM_CF_FUTURE_SERVICE,0.0
NI02OLIFESV2021,ACTUAL_ACQUISITION_CF_PAST_SERVICE,0.0
NI02OLIFESV2021,ACTUAL_ACQUISITION_CF_FUTURE_SERVICE,0.0
NI02OLIFESV2021,ACTUAL_INV_COMP_PAYABLE,0.0
NI02OLIFESV2021,ACTUAL_CHANGE_FV_FINANCIAL_UNDERLYING_ITEMS,0.0
NI02OLIFESV2021,ACTUAL_CHANGE_FV_TECHNICAL_UNDERLYING_ITEMS,0.0
NI02OLIFESV2021,FIN_RISK_MITIGATION,0.0
NI02OLIFESV2021,RE_RISK_MITIGATION,0.0
NI02OLIFESV2021,ACTUAL_COVERAGE_UNIT,0.0
NI02OLIFESV2021,THEORETICAL_PREMIUM_DERECOGNITION_LRC,0.0
NI02OLIFESV2021,THEORETICAL_PREMIUM_DERECOGNITION_LIC,0.0
NI02OLIFESV2021,THEORETICAL_PREMIUM_RECOGNITION,0.0
NI02OLIFESV2021,DERECOGNITION_ASSET_ACQ_CF_BF_INIT_RECOG,0.0
NI02OLIFESV2021,ACTUAL_COMMISSION_CF_PAST_SERVICE,0.0
NI02OLIFESV2021,ACTUAL_COMMISSION_CF_FUTURE_SERVICE,0.0
NI02OLIFESV2021,RE_RISK_MITIGATION_PNL,0.0
NI02OLIFESV2021,ACTUAL_PREMIUM_CF_CURRENT_SERVICE,0.0
NI02OLIFESV2021,ACTUAL_ACQUISITION_CF_CURRENT_SERVICE,0.0
NI02OLIFESV2021,ACTUAL_COMMISSION_CF_CURRENT_SERVICE,0.0
NI02OLIFESV2021,DERECOGNITION_ASSET_OTHER_CF_BF_INIT_RECOG,0.0
NI02OLIFESV2022,ACTUAL_PREMIUM_CF_PAST_SERVICE,0.0
NI02OLIFESV2022,ACTUAL_PREMIUM_CF_FUTURE_SERVICE,0.0
NI02OLIFESV2022,ACTUAL_ACQUISITION_CF_PAST_SERVICE,0.0
NI02OLIFESV2022,ACTUAL_ACQUISITION_CF_FUTURE_SERVICE,0.0
NI02OLIFESV2022,ACTUAL_INV_COMP_PAYABLE,0.0
NI02OLIFESV2022,ACTUAL_CHANGE_FV_FINANCIAL_UNDERLYING_ITEMS,0.0
NI02OLIFESV2022,ACTUAL_CHANGE_FV_TECHNICAL_UNDERLYING_ITEMS,0.0
NI02OLIFESV2022,FIN_RISK_MITIGATION,0.0
NI02OLIFESV2022,RE_RISK_MITIGATION,0.0
NI02OLIFESV2022,ACTUAL_COVERAGE_UNIT,0.0
NI02OLIFESV2022,THEORETICAL_PREMIUM_DERECOGNITION_LRC,0.0
NI02OLIFESV2022,THEORETICAL_PREMIUM_DERECOGNITION_LIC,0.0
NI02OLIFESV2022,THEORETICAL_PREMIUM_RECOGNITION,0.0
NI02OLIFESV2022,DERECOGNITION_ASSET_ACQ_CF_BF_INIT_RECOG,0.0
NI02OLIFESV2022,ACTUAL_COMMISSION_CF_PAST_SERVICE,0.0
NI02OLIFESV2022,ACTUAL_COMMISSION_CF_FUTURE_SERVICE,0.0
NI02OLIFESV2022,RE_RISK_MITIGATION_PNL,0.0
NI02OLIFESV2022,ACTUAL_PREMIUM_CF_CURRENT_SERVICE,0.0
NI02OLIFESV2022,ACTUAL_ACQUISITION_CF_CURRENT_SERVICE,0.0
NI02OLIFESV2022,ACTUAL_COMMISSION_CF_CURRENT_SERVICE,0.0
NI02OLIFESV2022,DERECOGNITION_ASSET_OTHER_CF_BF_INIT_RECOG,0.0
NI02OLIFESV2023,ACTUAL_PREMIUM_CF_PAST_SERVICE,0.0
NI02OLIFESV2023,ACTUAL_PREMIUM_CF_FUTURE_SERVICE,0.0
NI02OLIFESV2023,ACTUAL_ACQUISITION_CF_PAST_SERVICE,0.0
NI02OLIFESV2023,ACTUAL_ACQUISITION_CF_FUTURE_SERVICE,0.0
NI02OLIFESV2023,ACTUAL_INV_COMP_PAYABLE,0.0
NI02OLIFESV2023,ACTUAL_CHANGE_FV_FINANCIAL_UNDERLYING_ITEMS,0.0
NI02OLIFESV2023,ACTUAL_CHANGE_FV_TECHNICAL_UNDERLYING_ITEMS,0.0
NI02OLIFESV2023,FIN_RISK_MITIGATION,0.0
NI02OLIFESV2023,RE_RISK_MITIGATION,0.0
NI02OLIFESV2023,ACTUAL_COVERAGE_UNIT,0.0
NI02OLIFESV2023,THEORETICAL_PREMIUM_DERECOGNITION_LRC,0.0
NI02OLIFESV2023,THEORETICAL_PREMIUM_DERECOGNITION_LIC,0.0
NI02OLIFESV2023,THEORETICAL_PREMIUM_RECOGNITION,0.0
NI02OLIFESV2023,DERECOGNITION_ASSET_ACQ_CF_BF_INIT_RECOG,0.0
NI02OLIFESV2023,ACTUAL_COMMISSION_CF_PAST_SERVICE,0.0
NI02OLIFESV2023,ACTUAL_COMMISSION_CF_FUTURE_SERVICE,0.0
NI02OLIFESV2023,RE_RISK_MITIGATION_PNL,0.0
NI02OLIFESV2023,ACTUAL_PREMIUM_CF_CURRENT_SERVICE,0.0
NI02OLIFESV2023,ACTUAL_ACQUISITION_CF_CURRENT_SERVICE,0.0
NI02OLIFESV2023,ACTUAL_COMMISSION_CF_CURRENT_SERVICE,0.0
NI02OLIFESV2023,DERECOGNITION_ASSET_OTHER_CF_BF_INIT_RECOG,0.0
NI02OLIFESV2024,ACTUAL_PREMIUM_CF_PAST_SERVICE,0.0
NI02OLIFESV2024,ACTUAL_PREMIUM_CF_FUTURE_SERVICE,106457.775
NI02OLIFESV2024,ACTUAL_ACQUISITION_CF_PAST_SERVICE,0.0
NI02OLIFESV2024,ACTUAL_ACQUISITION_CF_FUTURE_SERVICE,0.0
NI02OLIFESV2024,ACTUAL_INV_COMP_PAYABLE,0.0
NI02OLIFESV2024,ACTUAL_CHANGE_FV_FINANCIAL_UNDERLYING_ITEMS,0.0
NI02OLIFESV2024,ACTUAL_CHANGE_FV_TECHNICAL_UNDERLYING_ITEMS,0.0
NI02OLIFESV2024,FIN_RISK_MITIGATION,0.0
NI02OLIFESV2024,RE_RISK_MITIGATION,0.0
NI02OLIFESV2024,ACTUAL_COVERAGE_UNIT,0.0
NI02OLIFESV2024,THEORETICAL_PREMIUM_DERECOGNITION_LRC,0.0
NI02OLIFESV2024,THEORETICAL_PREMIUM_DERECOGNITION_LIC,0.0
NI02OLIFESV2024,THEORETICAL_PREMIUM_RECOGNITION,0.0
NI02OLIFESV2024,DERECOGNITION_ASSET_ACQ_CF_BF_INIT_RECOG,0.0
NI02OLIFESV2024,ACTUAL_COMMISSION_CF_PAST_SERVICE,0.0
NI02OLIFESV2024,ACTUAL_COMMISSION_CF_FUTURE_SERVICE,0.0
NI02OLIFESV2024,RE_RISK_MITIGATION_PNL,0.0
NI02OLIFESV2024,ACTUAL_PREMIUM_CF_CURRENT_SERVICE,0.0
NI02OLIFESV2024,ACTUAL_ACQUISITION_CF_CURRENT_SERVICE,0.0
NI02OLIFESV2024,ACTUAL_COMMISSION_CF_CURRENT_SERVICE,0.0
NI02OLIFESV2024,DERECOGNITION_ASSET_OTHER_CF_BF_INIT_RECOG,0.0
NI02PMFUNDS2021,ACTUAL_PREMIUM_CF_PAST_SERVICE,0.0
NI02PMFUNDS2021,ACTUAL_PREMIUM_CF_FUTURE_SERVICE,0.0
NI02PMFUNDS2021,ACTUAL_ACQUISITION_CF_PAST_SERVICE,0.0
NI02PMFUNDS2021,ACTUAL_ACQUISITION_CF_FUTURE_SERVICE,0.0
NI02PMFUNDS2021,ACTUAL_INV_COMP_PAYABLE,0.0
NI02PMFUNDS2021,ACTUAL_CHANGE_FV_FINANCIAL_UNDERLYING_ITEMS,0.0
NI02PMFUNDS2021,ACTUAL_CHANGE_FV_TECHNICAL_UNDERLYING_ITEMS,0.0
NI02PMFUNDS2021,FIN_RISK_MITIGATION,0.0
NI02PMFUNDS2021,RE_RISK_MITIGATION,0.0
NI02PMFUNDS2021,ACTUAL_COVERAGE_UNIT,0.0
NI02PMFUNDS2021,THEORETICAL_PREMIUM_DERECOGNITION_LRC,0.0
NI02PMFUNDS2021,THEORETICAL_PREMIUM_DERECOGNITION_LIC,0.0
NI02PMFUNDS2021,THEORETICAL_PREMIUM_RECOGNITION,0.0
NI02PMFUNDS2021,DERECOGNITION_ASSET_ACQ_CF_BF_INIT_RECOG,0.0
NI02PMFUNDS2021,ACTUAL_COMMISSION_CF_PAST_SERVICE,0.0
NI02PMFUNDS2021,ACTUAL_COMMISSION_CF_FUTURE_SERVICE,0.0
NI02PMFUNDS2021,RE_RISK_MITIGATION_PNL,0.0
NI02PMFUNDS2021,ACTUAL_PREMIUM_CF_CURRENT_SERVICE,0.0
NI02PMFUNDS2021,ACTUAL_ACQUISITION_CF_CURRENT_SERVICE,0.0
NI02PMFUNDS2021,ACTUAL_COMMISSION_CF_CURRENT_SERVICE,0.0
NI02PMFUNDS2021,DERECOGNITION_ASSET_OTHER_CF_BF_INIT_RECOG,0.0
NI02OMFUNDS2023,ACTUAL_PREMIUM_CF_PAST_SERVICE,0.0
NI02OMFUNDS2023,ACTUAL_PREMIUM_CF_FUTURE_SERVICE,28912.95
NI02OMFUNDS2023,ACTUAL_ACQUISITION_CF_PAST_SERVICE,0.0
NI02OMFUNDS2023,ACTUAL_ACQUISITION_CF_FUTURE_SERVICE,0.0
NI02OMFUNDS2023,ACTUAL_INV_COMP_PAYABLE,0.0
NI02OMFUNDS2023,ACTUAL_CHANGE_FV_FINANCIAL_UNDERLYING_ITEMS,0.0
NI02OMFUNDS2023,ACTUAL_CHANGE_FV_TECHNICAL_UNDERLYING_ITEMS,0.0
NI02OMFUNDS2023,FIN_RISK_MITIGATION,0.0
NI02OMFUNDS2023,RE_RISK_MITIGATION,0.0
NI02OMFUNDS2023,ACTUAL_COVERAGE_UNIT,0.0
NI02OMFUNDS2023,THEORETICAL_PREMIUM_DERECOGNITION_LRC,0.0
NI02OMFUNDS2023,THEORETICAL_PREMIUM_DERECOGNITION_LIC,0.0
NI02OMFUNDS2023,THEORETICAL_PREMIUM_RECOGNITION,0.0
NI02OMFUNDS2023,DERECOGNITION_ASSET_ACQ_CF_BF_INIT_RECOG,0.0
NI02OMFUNDS2023,ACTUAL_COMMISSION_CF_PAST_SERVICE,0.0
NI02OMFUNDS2023,ACTUAL_COMMISSION_CF_FUTURE_SERVICE,0.0
NI02OMFUNDS2023,RE_RISK_MITIGATION_PNL,0.0
NI02OMFUNDS2023,ACTUAL_PREMIUM_CF_CURRENT_SERVICE,0.0
NI02OMFUNDS2023,ACTUAL_ACQUISITION_CF_CURRENT_SERVICE,0.0
NI02OMFUNDS2023,ACTUAL_COMMISSION_CF_CURRENT_SERVICE,0.0
NI02OMFUNDS2023,DERECOGNITION_ASSET_OTHER_CF_BF_INIT_RECOG,0.0
NI02OMLPLAN2021,ACTUAL_PREMIUM_CF_PAST_SERVICE,0.0
NI02OMLPLAN2021,ACTUAL_PREMIUM_CF_FUTURE_SERVICE,0.0
NI02OMLPLAN2021,ACTUAL_ACQUISITION_CF_PAST_SERVICE,0.0
NI02OMLPLAN2021,ACTUAL_ACQUISITION_CF_FUTURE_SERVICE,0.0
NI02OMLPLAN2021,ACTUAL_INV_COMP_PAYABLE,0.0
NI02OMLPLAN2021,ACTUAL_CHANGE_FV_FINANCIAL_UNDERLYING_ITEMS,0.0
NI02OMLPLAN2021,ACTUAL_CHANGE_FV_TECHNICAL_UNDERLYING_ITEMS,0.0
NI02OMLPLAN2021,FIN_RISK_MITIGATION,0.0
NI02OMLPLAN2021,RE_RISK_MITIGATION,0.0
NI02OMLPLAN2021,ACTUAL_COVERAGE_UNIT,0.0
NI02OMLPLAN2021,THEORETICAL_PREMIUM_DERECOGNITION_LRC,0.0
NI02OMLPLAN2021,THEORETICAL_PREMIUM_DERECOGNITION_LIC,0.0
NI02OMLPLAN2021,THEORETICAL_PREMIUM_RECOGNITION,0.0
NI02OMLPLAN2021,DERECOGNITION_ASSET_ACQ_CF_BF_INIT_RECOG,0.0
NI02OMLPLAN2021,ACTUAL_COMMISSION_CF_PAST_SERVICE,0.0
NI02OMLPLAN2021,ACTUAL_COMMISSION_CF_FUTURE_SERVICE,0.0
NI02OMLPLAN2021,RE_RISK_MITIGATION_PNL,0.0
NI02OMLPLAN2021,ACTUAL_PREMIUM_CF_CURRENT_SERVICE,0.0
NI02OMLPLAN2021,ACTUAL_ACQUISITION_CF_CURRENT_SERVICE,0.0
NI02OMLPLAN2021,ACTUAL_COMMISSION_CF_CURRENT_SERVICE,0.0
NI02OMLPLAN2021,DERECOGNITION_ASSET_OTHER_CF_BF_INIT_RECOG,0.0
NI02OMLPLAN2022,ACTUAL_PREMIUM_CF_PAST_SERVICE,0.0
NI02OMLPLAN2022,ACTUAL_PREMIUM_CF_FUTURE_SERVICE,0.0
NI02OMLPLAN2022,ACTUAL_ACQUISITION_CF_PAST_SERVICE,0.0
NI02OMLPLAN2022,ACTUAL_ACQUISITION_CF_FUTURE_SERVICE,0.0
NI02OMLPLAN2022,ACTUAL_INV_COMP_PAYABLE,0.0
NI02OMLPLAN2022,ACTUAL_CHANGE_FV_FINANCIAL_UNDERLYING_ITEMS,0.0
NI02OMLPLAN2022,ACTUAL_CHANGE_FV_TECHNICAL_UNDERLYING_ITEMS,0.0
NI02OMLPLAN2022,FIN_RISK_MITIGATION,0.0
NI02OMLPLAN2022,RE_RISK_MITIGATION,0.0
NI02OMLPLAN2022,ACTUAL_COVERAGE_UNIT,0.0
NI02OMLPLAN2022,THEORETICAL_PREMIUM_DERECOGNITION_LRC,0.0
NI02OMLPLAN2022,THEORETICAL_PREMIUM_DERECOGNITION_LIC,0.0
NI02OMLPLAN2022,THEORETICAL_PREMIUM_RECOGNITION,0.0
NI02OMLPLAN2022,DERECOGNITION_ASSET_ACQ_CF_BF_INIT_RECOG,0.0
NI02OMLPLAN2022,ACTUAL_COMMISSION_CF_PAST_SERVICE,0.0
NI02OMLPLAN2022,ACTUAL_COMMISSION_CF_FUTURE_SERVICE,0.0
NI02OMLPLAN2022,RE_RISK_MITIGATION_PNL,0.0
NI02OMLPLAN2022,ACTUAL_PREMIUM_CF_CURRENT_SERVICE,0.0
NI02OMLPLAN2022,ACTUAL_ACQUISITION_CF_CURRENT_SERVICE,0.0
NI02OMLPLAN2022,ACTUAL_COMMISSION_CF_CURRENT_SERVICE,0.0
NI02OMLPLAN2022,DERECOGNITION_ASSET_OTHER_CF_BF_INIT_RECOG,0.0
NI02OMLPLAN2023,ACTUAL_PREMIUM_CF_PAST_SERVICE,0.0
NI02OMLPLAN2023,ACTUAL_PREMIUM_CF_FUTURE_SERVICE,0.0
NI02OMLPLAN2023,ACTUAL_ACQUISITION_CF_PAST_SERVICE,0.0
NI02OMLPLAN2023,ACTUAL_ACQUISITION_CF_FUTURE_SERVICE,0.0
NI02OMLPLAN2023,ACTUAL_INV_COMP_PAYABLE,0.0
NI02OMLPLAN2023,ACTUAL_CHANGE_FV_FINANCIAL_UNDERLYING_ITEMS,0.0
NI02OMLPLAN2023,ACTUAL_CHANGE_FV_TECHNICAL_UNDERLYING_ITEMS,0.0
NI02OMLPLAN2023,FIN_RISK_MITIGATION,0.0
NI02OMLPLAN2023,RE_RISK_MITIGATION,0.0
NI02OMLPLAN2023,ACTUAL_COVERAGE_UNIT,0.0
NI02OMLPLAN2023,THEORETICAL_PREMIUM_DERECOGNITION_LRC,0.0
NI02OMLPLAN2023,THEORETICAL_PREMIUM_DERECOGNITION_LIC,0.0
NI02OMLPLAN2023,THEORETICAL_PREMIUM_RECOGNITION,0.0
NI02OMLPLAN2023,DERECOGNITION_ASSET_ACQ_CF_BF_INIT_RECOG,0.0
NI02OMLPLAN2023,ACTUAL_COMMISSION_CF_PAST_SERVICE,0.0
NI02OMLPLAN2023,ACTUAL_COMMISSION_CF_FUTURE_SERVICE,0.0
NI02OMLPLAN2023,RE_RISK_MITIGATION_PNL,0.0
NI02OMLPLAN2023,ACTUAL_PREMIUM_CF_CURRENT_SERVICE,0.0
NI02OMLPLAN2023,ACTUAL_ACQUISITION_CF_CURRENT_SERVICE,0.0
NI02OMLPLAN2023,ACTUAL_COMMISSION_CF_CURRENT_SERVICE,0.0
NI02OMLPLAN2023,DERECOGNITION_ASSET_OTHER_CF_BF_INIT_RECOG,0.0
NI02OMLPLAN2024,ACTUAL_PREMIUM_CF_PAST_SERVICE,0.0
NI02OMLPLAN2024,ACTUAL_PREMIUM_CF_FUTURE_SERVICE,2497861.690000002
NI02OMLPLAN2024,ACTUAL_ACQUISITION_CF_PAST_SERVICE,0.0
NI02OMLPLAN2024,ACTUAL_ACQUISITION_CF_FUTURE_SERVICE,8699381.925000003
NI02OMLPLAN2024,ACTUAL_INV_COMP_PAYABLE,0.0
NI02OMLPLAN2024,ACTUAL_CHANGE_FV_FINANCIAL_UNDERLYING_ITEMS,0.0
NI02OMLPLAN2024,ACTUAL_CHANGE_FV_TECHNICAL_UNDERLYING_ITEMS,0.0
NI02OMLPLAN2024,FIN_RISK_MITIGATION,0.0
NI02OMLPLAN2024,RE_RISK_MITIGATION,0.0
NI02OMLPLAN2024,ACTUAL_COVERAGE_UNIT,0.0
NI02OMLPLAN2024,THEORETICAL_PREMIUM_DERECOGNITION_LRC,0.0
NI02OMLPLAN2024,THEORETICAL_PREMIUM_DERECOGNITION_LIC,0.0
NI02OMLPLAN2024,THEORETICAL_PREMIUM_RECOGNITION,0.0
NI02OMLPLAN2024,DERECOGNITION_ASSET_ACQ_CF_BF_INIT_RECOG,0.0
NI02OMLPLAN2024,ACTUAL_COMMISSION_CF_PAST_SERVICE,0.0
NI02OMLPLAN2024,ACTUAL_COMMISSION_CF_FUTURE_SERVICE,0.0
NI02OMLPLAN2024,RE_RISK_MITIGATION_PNL,0.0
NI02OMLPLAN2024,ACTUAL_PREMIUM_CF_CURRENT_SERVICE,0.0
NI02OMLPLAN2024,ACTUAL_ACQUISITION_CF_CURRENT_SERVICE,0.0
NI02OMLPLAN2024,ACTUAL_COMMISSION_CF_CURRENT_SERVICE,0.0
NI02OMLPLAN2024,DERECOGNITION_ASSET_OTHER_CF_BF_INIT_RECOG,0.0
NI02OMORTGE2021,ACTUAL_PREMIUM_CF_PAST_SERVICE,0.0
NI02OMORTGE2021,ACTUAL_PREMIUM_CF_FUTURE_SERVICE,0.0
NI02OMORTGE2021,ACTUAL_ACQUISITION_CF_PAST_SERVICE,0.0
NI02OMORTGE2021,ACTUAL_ACQUISITION_CF_FUTURE_SERVICE,0.0
NI02OMORTGE2021,ACTUAL_INV_COMP_PAYABLE,0.0
NI02OMORTGE2021,ACTUAL_CHANGE_FV_FINANCIAL_UNDERLYING_ITEMS,0.0
NI02OMORTGE2021,ACTUAL_CHANGE_FV_TECHNICAL_UNDERLYING_ITEMS,0.0
NI02OMORTGE2021,FIN_RISK_MITIGATION,0.0
NI02OMORTGE2021,RE_RISK_MITIGATION,0.0
NI02OMORTGE2021,ACTUAL_COVERAGE_UNIT,0.0
NI02OMORTGE2021,THEORETICAL_PREMIUM_DERECOGNITION_LRC,0.0
NI02OMORTGE2021,THEORETICAL_PREMIUM_DERECOGNITION_LIC,0.0
NI02OMORTGE2021,THEORETICAL_PREMIUM_RECOGNITION,0.0
NI02OMORTGE2021,DERECOGNITION_ASSET_ACQ_CF_BF_INIT_RECOG,0.0
NI02OMORTGE2021,ACTUAL_COMMISSION_CF_PAST_SERVICE,0.0
NI02OMORTGE2021,ACTUAL_COMMISSION_CF_FUTURE_SERVICE,0.0
NI02OMORTGE2021,RE_RISK_MITIGATION_PNL,0.0
NI02OMORTGE2021,ACTUAL_PREMIUM_CF_CURRENT_SERVICE,0.0
NI02OMORTGE2021,ACTUAL_ACQUISITION_CF_CURRENT_SERVICE,0.0
NI02OMORTGE2021,ACTUAL_COMMISSION_CF_CURRENT_SERVICE,0.0
NI02OMORTGE2021,DERECOGNITION_ASSET_OTHER_CF_BF_INIT_RECOG,0.0
NI02PMORTGE2022,ACTUAL_PREMIUM_CF_PAST_SERVICE,0.0
NI02PMORTGE2022,ACTUAL_PREMIUM_CF_FUTURE_SERVICE,0.0
NI02PMORTGE2022,ACTUAL_ACQUISITION_CF_PAST_SERVICE,0.0
NI02PMORTGE2022,ACTUAL_ACQUISITION_CF_FUTURE_SERVICE,0.0
NI02PMORTGE2022,ACTUAL_INV_COMP_PAYABLE,0.0
NI02PMORTGE2022,ACTUAL_CHANGE_FV_FINANCIAL_UNDERLYING_ITEMS,0.0
NI02PMORTGE2022,ACTUAL_CHANGE_FV_TECHNICAL_UNDERLYING_ITEMS,0.0
NI02PMORTGE2022,FIN_RISK_MITIGATION,0.0
NI02PMORTGE2022,RE_RISK_MITIGATION,0.0
NI02PMORTGE2022,ACTUAL_COVERAGE_UNIT,0.0
NI02PMORTGE2022,THEORETICAL_PREMIUM_DERECOGNITION_LRC,0.0
NI02PMORTGE2022,THEORETICAL_PREMIUM_DERECOGNITION_LIC,0.0
NI02PMORTGE2022,THEORETICAL_PREMIUM_RECOGNITION,0.0
NI02PMORTGE2022,DERECOGNITION_ASSET_ACQ_CF_BF_INIT_RECOG,0.0
NI02PMORTGE2022,ACTUAL_COMMISSION_CF_PAST_SERVICE,0.0
NI02PMORTGE2022,ACTUAL_COMMISSION_CF_FUTURE_SERVICE,0.0
NI02PMORTGE2022,RE_RISK_MITIGATION_PNL,0.0
NI02PMORTGE2022,ACTUAL_PREMIUM_CF_CURRENT_SERVICE,0.0
NI02PMORTGE2022,ACTUAL_ACQUISITION_CF_CURRENT_SERVICE,0.0
NI02PMORTGE2022,ACTUAL_COMMISSION_CF_CURRENT_SERVICE,0.0
NI02PMORTGE2022,DERECOGNITION_ASSET_OTHER_CF_BF_INIT_RECOG,0.0
NI02PMORTGE2023,ACTUAL_PREMIUM_CF_PAST_SERVICE,0.0
NI02PMORTGE2023,ACTUAL_PREMIUM_CF_FUTURE_SERVICE,0.0
NI02PMORTGE2023,ACTUAL_ACQUISITION_CF_PAST_SERVICE,0.0
NI02PMORTGE2023,ACTUAL_ACQUISITION_CF_FUTURE_SERVICE,0.0
NI02PMORTGE2023,ACTUAL_INV_COMP_PAYABLE,0.0
NI02PMORTGE2023,ACTUAL_CHANGE_FV_FINANCIAL_UNDERLYING_ITEMS,0.0
NI02PMORTGE2023,ACTUAL_CHANGE_FV_TECHNICAL_UNDERLYING_ITEMS,0.0
NI02PMORTGE2023,FIN_RISK_MITIGATION,0.0
NI02PMORTGE2023,RE_RISK_MITIGATION,0.0
NI02PMORTGE2023,ACTUAL_COVERAGE_UNIT,0.0
NI02PMORTGE2023,THEORETICAL_PREMIUM_DERECOGNITION_LRC,0.0
NI02PMORTGE2023,THEORETICAL_PREMIUM_DERECOGNITION_LIC,0.0
NI02PMORTGE2023,THEORETICAL_PREMIUM_RECOGNITION,0.0
NI02PMORTGE2023,DERECOGNITION_ASSET_ACQ_CF_BF_INIT_RECOG,0.0
NI02PMORTGE2023,ACTUAL_COMMISSION_CF_PAST_SERVICE,0.0
NI02PMORTGE2023,ACTUAL_COMMISSION_CF_FUTURE_SERVICE,0.0
NI02PMORTGE2023,RE_RISK_MITIGATION_PNL,0.0
NI02PMORTGE2023,ACTUAL_PREMIUM_CF_CURRENT_SERVICE,0.0
NI02PMORTGE2023,ACTUAL_ACQUISITION_CF_CURRENT_SERVICE,0.0
NI02PMORTGE2023,ACTUAL_COMMISSION_CF_CURRENT_SERVICE,0.0
NI02PMORTGE2023,DERECOGNITION_ASSET_OTHER_CF_BF_INIT_RECOG,0.0
NI02PMORTGE2024,ACTUAL_PREMIUM_CF_PAST_SERVICE,0.0
NI02PMORTGE2024,ACTUAL_PREMIUM_CF_FUTURE_SERVICE,0.0
NI02PMORTGE2024,ACTUAL_ACQUISITION_CF_PAST_SERVICE,0.0
NI02PMORTGE2024,ACTUAL_ACQUISITION_CF_FUTURE_SERVICE,3995992.745
NI02PMORTGE2024,ACTUAL_INV_COMP_PAYABLE,0.0
NI02PMORTGE2024,ACTUAL_CHANGE_FV_FINANCIAL_UNDERLYING_ITEMS,0.0
NI02PMORTGE2024,ACTUAL_CHANGE_FV_TECHNICAL_UNDERLYING_ITEMS,0.0
NI02PMORTGE2024,FIN_RISK_MITIGATION,0.0
NI02PMORTGE2024,RE_RISK_MITIGATION,0.0
NI02PMORTGE2024,ACTUAL_COVERAGE_UNIT,0.0
NI02PMORTGE2024,THEORETICAL_PREMIUM_DERECOGNITION_LRC,0.0
NI02PMORTGE2024,THEORETICAL_PREMIUM_DERECOGNITION_LIC,0.0
NI02PMORTGE2024,THEORETICAL_PREMIUM_RECOGNITION,0.0
NI02PMORTGE2024,DERECOGNITION_ASSET_ACQ_CF_BF_INIT_RECOG,0.0
NI02PMORTGE2024,ACTUAL_COMMISSION_CF_PAST_SERVICE,0.0
NI02PMORTGE2024,ACTUAL_COMMISSION_CF_FUTURE_SERVICE,0.0
NI02PMORTGE2024,RE_RISK_MITIGATION_PNL,0.0
NI02PMORTGE2024,ACTUAL_PREMIUM_CF_CURRENT_SERVICE,0.0
NI02PMORTGE2024,ACTUAL_ACQUISITION_CF_CURRENT_SERVICE,0.0
NI02PMORTGE2024,ACTUAL_COMMISSION_CF_CURRENT_SERVICE,0.0
NI02PMORTGE2024,DERECOGNITION_ASSET_OTHER_CF_BF_INIT_RECOG,0.0
NI02PRENDOW2024,ACTUAL_PREMIUM_CF_PAST_SERVICE,0.0
NI02PRENDOW2024,ACTUAL_PREMIUM_CF_FUTURE_SERVICE,0.0
NI02PRENDOW2024,ACTUAL_ACQUISITION_CF_PAST_SERVICE,0.0
NI02PRENDOW2024,ACTUAL_ACQUISITION_CF_FUTURE_SERVICE,0.0
NI02PRENDOW2024,ACTUAL_INV_COMP_PAYABLE,0.0
NI02PRENDOW2024,ACTUAL_CHANGE_FV_FINANCIAL_UNDERLYING_ITEMS,0.0
NI02PRENDOW2024,ACTUAL_CHANGE_FV_TECHNICAL_UNDERLYING_ITEMS,0.0
NI02PRENDOW2024,FIN_RISK_MITIGATION,0.0
NI02PRENDOW2024,RE_RISK_MITIGATION,0.0
NI02PRENDOW2024,ACTUAL_COVERAGE_UNIT,0.0
NI02PRENDOW2024,THEORETICAL_PREMIUM_DERECOGNITION_LRC,0.0
NI02PRENDOW2024,THEORETICAL_PREMIUM_DERECOGNITION_LIC,0.0
NI02PRENDOW2024,THEORETICAL_PREMIUM_RECOGNITION,0.0
NI02PRENDOW2024,DERECOGNITION_ASSET_ACQ_CF_BF_INIT_RECOG,0.0
NI02PRENDOW2024,ACTUAL_COMMISSION_CF_PAST_SERVICE,0.0
NI02PRENDOW2024,ACTUAL_COMMISSION_CF_FUTURE_SERVICE,0.0
NI02PRENDOW2024,RE_RISK_MITIGATION_PNL,0.0
NI02PRENDOW2024,ACTUAL_PREMIUM_CF_CURRENT_SERVICE,0.0
NI02PRENDOW2024,ACTUAL_ACQUISITION_CF_CURRENT_SERVICE,0.0
NI02PRENDOW2024,ACTUAL_COMMISSION_CF_CURRENT_SERVICE,0.0
NI02PRENDOW2024,DERECOGNITION_ASSET_OTHER_CF_BF_INIT_RECOG,0.0
NI02PSMRTRE2021,ACTUAL_PREMIUM_CF_PAST_SERVICE,0.0
NI02PSMRTRE2021,ACTUAL_PREMIUM_CF_FUTURE_SERVICE,0.0
NI02PSMRTRE2021,ACTUAL_ACQUISITION_CF_PAST_SERVICE,0.0
NI02PSMRTRE2021,ACTUAL_ACQUISITION_CF_FUTURE_SERVICE,0.0
NI02PSMRTRE2021,ACTUAL_INV_COMP_PAYABLE,0.0
NI02PSMRTRE2021,ACTUAL_CHANGE_FV_FINANCIAL_UNDERLYING_ITEMS,0.0
NI02PSMRTRE2021,ACTUAL_CHANGE_FV_TECHNICAL_UNDERLYING_ITEMS,0.0
NI02PSMRTRE2021,FIN_RISK_MITIGATION,0.0
NI02PSMRTRE2021,RE_RISK_MITIGATION,0.0
NI02PSMRTRE2021,ACTUAL_COVERAGE_UNIT,0.0
NI02PSMRTRE2021,THEORETICAL_PREMIUM_DERECOGNITION_LRC,0.0
NI02PSMRTRE2021,THEORETICAL_PREMIUM_DERECOGNITION_LIC,0.0
NI02PSMRTRE2021,THEORETICAL_PREMIUM_RECOGNITION,0.0
NI02PSMRTRE2021,DERECOGNITION_ASSET_ACQ_CF_BF_INIT_RECOG,0.0
NI02PSMRTRE2021,ACTUAL_COMMISSION_CF_PAST_SERVICE,0.0
NI02PSMRTRE2021,ACTUAL_COMMISSION_CF_FUTURE_SERVICE,0.0
NI02PSMRTRE2021,RE_RISK_MITIGATION_PNL,0.0
NI02PSMRTRE2021,ACTUAL_PREMIUM_CF_CURRENT_SERVICE,0.0
NI02PSMRTRE2021,ACTUAL_ACQUISITION_CF_CURRENT_SERVICE,0.0
NI02PSMRTRE2021,ACTUAL_COMMISSION_CF_CURRENT_SERVICE,0.0
NI02PSMRTRE2021,DERECOGNITION_ASSET_OTHER_CF_BF_INIT_RECOG,0.0
NI02OTMLIFE2021,ACTUAL_PREMIUM_CF_PAST_SERVICE,0.0
NI02OTMLIFE2021,ACTUAL_PREMIUM_CF_FUTURE_SERVICE,0.0
NI02OTMLIFE2021,ACTUAL_ACQUISITION_CF_PAST_SERVICE,0.0
NI02OTMLIFE2021,ACTUAL_ACQUISITION_CF_FUTURE_SERVICE,0.0
NI02OTMLIFE2021,ACTUAL_INV_COMP_PAYABLE,0.0
NI02OTMLIFE2021,ACTUAL_CHANGE_FV_FINANCIAL_UNDERLYING_ITEMS,0.0
NI02OTMLIFE2021,ACTUAL_CHANGE_FV_TECHNICAL_UNDERLYING_ITEMS,0.0
NI02OTMLIFE2021,FIN_RISK_MITIGATION,0.0
NI02OTMLIFE2021,RE_RISK_MITIGATION,0.0
NI02OTMLIFE2021,ACTUAL_COVERAGE_UNIT,0.0
NI02OTMLIFE2021,THEORETICAL_PREMIUM_DERECOGNITION_LRC,0.0
NI02OTMLIFE2021,THEORETICAL_PREMIUM_DERECOGNITION_LIC,0.0
NI02OTMLIFE2021,THEORETICAL_PREMIUM_RECOGNITION,0.0
NI02OTMLIFE2021,DERECOGNITION_ASSET_ACQ_CF_BF_INIT_RECOG,0.0
NI02OTMLIFE2021,ACTUAL_COMMISSION_CF_PAST_SERVICE,0.0
NI02OTMLIFE2021,ACTUAL_COMMISSION_CF_FUTURE_SERVICE,0.0
NI02OTMLIFE2021,RE_RISK_MITIGATION_PNL,0.0
NI02OTMLIFE2021,ACTUAL_PREMIUM_CF_CURRENT_SERVICE,0.0
NI02OTMLIFE2021,ACTUAL_ACQUISITION_CF_CURRENT_SERVICE,0.0
NI02OTMLIFE2021,ACTUAL_COMMISSION_CF_CURRENT_SERVICE,0.0
NI02OTMLIFE2021,DERECOGNITION_ASSET_OTHER_CF_BF_INIT_RECOG,0.0
NI02PTMLIFE2022,ACTUAL_PREMIUM_CF_PAST_SERVICE,0.0
NI02PTMLIFE2022,ACTUAL_PREMIUM_CF_FUTURE_SERVICE,0.0
NI02PTMLIFE2022,ACTUAL_ACQUISITION_CF_PAST_SERVICE,0.0
NI02PTMLIFE2022,ACTUAL_ACQUISITION_CF_FUTURE_SERVICE,0.0
NI02PTMLIFE2022,ACTUAL_INV_COMP_PAYABLE,0.0
NI02PTMLIFE2022,ACTUAL_CHANGE_FV_FINANCIAL_UNDERLYING_ITEMS,0.0
NI02PTMLIFE2022,ACTUAL_CHANGE_FV_TECHNICAL_UNDERLYING_ITEMS,0.0
NI02PTMLIFE2022,FIN_RISK_MITIGATION,0.0
NI02PTMLIFE2022,RE_RISK_MITIGATION,0.0
NI02PTMLIFE2022,ACTUAL_COVERAGE_UNIT,0.0
NI02PTMLIFE2022,THEORETICAL_PREMIUM_DERECOGNITION_LRC,0.0
NI02PTMLIFE2022,THEORETICAL_PREMIUM_DERECOGNITION_LIC,0.0
NI02PTMLIFE2022,THEORETICAL_PREMIUM_RECOGNITION,0.0
NI02PTMLIFE2022,DERECOGNITION_ASSET_ACQ_CF_BF_INIT_RECOG,0.0
NI02PTMLIFE2022,ACTUAL_COMMISSION_CF_PAST_SERVICE,0.0
NI02PTMLIFE2022,ACTUAL_COMMISSION_CF_FUTURE_SERVICE,0.0
NI02PTMLIFE2022,RE_RISK_MITIGATION_PNL,0.0
NI02PTMLIFE2022,ACTUAL_PREMIUM_CF_CURRENT_SERVICE,0.0
NI02PTMLIFE2022,ACTUAL_ACQUISITION_CF_CURRENT_SERVICE,0.0
NI02PTMLIFE2022,ACTUAL_COMMISSION_CF_CURRENT_SERVICE,0.0
NI02PTMLIFE2022,DERECOGNITION_ASSET_OTHER_CF_BF_INIT_RECOG,0.0
NI02PTMLIFE2023,ACTUAL_PREMIUM_CF_PAST_SERVICE,0.0
NI02PTMLIFE2023,ACTUAL_PREMIUM_CF_FUTURE_SERVICE,0.0
NI02PTMLIFE2023,ACTUAL_ACQUISITION_CF_PAST_SERVICE,0.0
NI02PTMLIFE2023,ACTUAL_ACQUISITION_CF_FUTURE_SERVICE,0.0
NI02PTMLIFE2023,ACTUAL_INV_COMP_PAYABLE,0.0
NI02PTMLIFE2023,ACTUAL_CHANGE_FV_FINANCIAL_UNDERLYING_ITEMS,0.0
NI02PTMLIFE2023,ACTUAL_CHANGE_FV_TECHNICAL_UNDERLYING_ITEMS,0.0
NI02PTMLIFE2023,FIN_RISK_MITIGATION,0.0
NI02PTMLIFE2023,RE_RISK_MITIGATION,0.0
NI02PTMLIFE2023,ACTUAL_COVERAGE_UNIT,0.0
NI02PTMLIFE2023,THEORETICAL_PREMIUM_DERECOGNITION_LRC,0.0
NI02PTMLIFE2023,THEORETICAL_PREMIUM_DERECOGNITION_LIC,0.0
NI02PTMLIFE2023,THEORETICAL_PREMIUM_RECOGNITION,0.0
NI02PTMLIFE2023,DERECOGNITION_ASSET_ACQ_CF_BF_INIT_RECOG,0.0
NI02PTMLIFE2023,ACTUAL_COMMISSION_CF_PAST_SERVICE,0.0
NI02PTMLIFE2023,ACTUAL_COMMISSION_CF_FUTURE_SERVICE,0.0
NI02PTMLIFE2023,RE_RISK_MITIGATION_PNL,0.0
NI02PTMLIFE2023,ACTUAL_PREMIUM_CF_CURRENT_SERVICE,0.0
NI02PTMLIFE2023,ACTUAL_ACQUISITION_CF_CURRENT_SERVICE,0.0
NI02PTMLIFE2023,ACTUAL_COMMISSION_CF_CURRENT_SERVICE,0.0
NI02PTMLIFE2023,DERECOGNITION_ASSET_OTHER_CF_BF_INIT_RECOG,0.0
NI02PTMLIFE2024,ACTUAL_PREMIUM_CF_PAST_SERVICE,0.0
NI02PTMLIFE2024,ACTUAL_PREMIUM_CF_FUTURE_SERVICE,57783109.595
NI02PTMLIFE2024,ACTUAL_ACQUISITION_CF_PAST_SERVICE,0.0
NI02PTMLIFE2024,ACTUAL_ACQUISITION_CF_FUTURE_SERVICE,10610597.9
NI02PTMLIFE2024,ACTUAL_INV_COMP_PAYABLE,0.0
NI02PTMLIFE2024,ACTUAL_CHANGE_FV_FINANCIAL_UNDERLYING_ITEMS,0.0
NI02PTMLIFE2024,ACTUAL_CHANGE_FV_TECHNICAL_UNDERLYING_ITEMS,0.0
NI02PTMLIFE2024,FIN_RISK_MITIGATION,0.0
NI02PTMLIFE2024,RE_RISK_MITIGATION,0.0
NI02PTMLIFE2024,ACTUAL_COVERAGE_UNIT,0.0
NI02PTMLIFE2024,THEORETICAL_PREMIUM_DERECOGNITION_LRC,0.0
NI02PTMLIFE2024,THEORETICAL_PREMIUM_DERECOGNITION_LIC,0.0
NI02PTMLIFE2024,THEORETICAL_PREMIUM_RECOGNITION,0.0
NI02PTMLIFE2024,DERECOGNITION_ASSET_ACQ_CF_BF_INIT_RECOG,0.0
NI02PTMLIFE2024,ACTUAL_COMMISSION_CF_PAST_SERVICE,0.0
NI02PTMLIFE2024,ACTUAL_COMMISSION_CF_FUTURE_SERVICE,0.0
NI02PTMLIFE2024,RE_RISK_MITIGATION_PNL,0.0
NI02PTMLIFE2024,ACTUAL_PREMIUM_CF_CURRENT_SERVICE,0.0
NI02PTMLIFE2024,ACTUAL_ACQUISITION_CF_CURRENT_SERVICE,0.0
NI02PTMLIFE2024,ACTUAL_COMMISSION_CF_CURRENT_SERVICE,0.0
NI02PTMLIFE2024,DERECOGNITION_ASSET_OTHER_CF_BF_INIT_RECOG,0.0
NI02PWHLIFE2021,ACTUAL_PREMIUM_CF_PAST_SERVICE,0.0
NI02PWHLIFE2021,ACTUAL_PREMIUM_CF_FUTURE_SERVICE,0.0
NI02PWHLIFE2021,ACTUAL_ACQUISITION_CF_PAST_SERVICE,0.0
NI02PWHLIFE2021,ACTUAL_ACQUISITION_CF_FUTURE_SERVICE,0.0
NI02PWHLIFE2021,ACTUAL_INV_COMP_PAYABLE,-6348078.03957052
NI02PWHLIFE2021,ACTUAL_CHANGE_FV_FINANCIAL_UNDERLYING_ITEMS,0.0
NI02PWHLIFE2021,ACTUAL_CHANGE_FV_TECHNICAL_UNDERLYING_ITEMS,0.0
NI02PWHLIFE2021,FIN_RISK_MITIGATION,0.0
NI02PWHLIFE2021,RE_RISK_MITIGATION,0.0
NI02PWHLIFE2021,ACTUAL_COVERAGE_UNIT,0.0
NI02PWHLIFE2021,THEORETICAL_PREMIUM_DERECOGNITION_LRC,0.0
NI02PWHLIFE2021,THEORETICAL_PREMIUM_DERECOGNITION_LIC,0.0
NI02PWHLIFE2021,THEORETICAL_PREMIUM_RECOGNITION,0.0
NI02PWHLIFE2021,DERECOGNITION_ASSET_ACQ_CF_BF_INIT_RECOG,0.0
NI02PWHLIFE2021,ACTUAL_COMMISSION_CF_PAST_SERVICE,0.0
NI02PWHLIFE2021,ACTUAL_COMMISSION_CF_FUTURE_SERVICE,0.0
NI02PWHLIFE2021,RE_RISK_MITIGATION_PNL,0.0
NI02PWHLIFE2021,ACTUAL_PREMIUM_CF_CURRENT_SERVICE,0.0
NI02PWHLIFE2021,ACTUAL_ACQUISITION_CF_CURRENT_SERVICE,0.0
NI02PWHLIFE2021,ACTUAL_COMMISSION_CF_CURRENT_SERVICE,0.0
NI02PWHLIFE2021,DERECOGNITION_ASSET_OTHER_CF_BF_INIT_RECOG,0.0
NI02PWHLIFE2023,ACTUAL_PREMIUM_CF_PAST_SERVICE,0.0
NI02PWHLIFE2023,ACTUAL_PREMIUM_CF_FUTURE_SERVICE,0.0
NI02PWHLIFE2023,ACTUAL_ACQUISITION_CF_PAST_SERVICE,0.0
NI02PWHLIFE2023,ACTUAL_ACQUISITION_CF_FUTURE_SERVICE,0.0
NI02PWHLIFE2023,ACTUAL_INV_COMP_PAYABLE,-17405.388104308076
NI02PWHLIFE2023,ACTUAL_CHANGE_FV_FINANCIAL_UNDERLYING_ITEMS,0.0
NI02PWHLIFE2023,ACTUAL_CHANGE_FV_TECHNICAL_UNDERLYING_ITEMS,0.0
NI02PWHLIFE2023,FIN_RISK_MITIGATION,0.0
NI02PWHLIFE2023,RE_RISK_MITIGATION,0.0
NI02PWHLIFE2023,ACTUAL_COVERAGE_UNIT,0.0
NI02PWHLIFE2023,THEORETICAL_PREMIUM_DERECOGNITION_LRC,0.0
NI02PWHLIFE2023,THEORETICAL_PREMIUM_DERECOGNITION_LIC,0.0
NI02PWHLIFE2023,THEORETICAL_PREMIUM_RECOGNITION,0.0
NI02PWHLIFE2023,DERECOGNITION_ASSET_ACQ_CF_BF_INIT_RECOG,0.0
NI02PWHLIFE2023,ACTUAL_COMMISSION_CF_PAST_SERVICE,0.0
NI02PWHLIFE2023,ACTUAL_COMMISSION_CF_FUTURE_SERVICE,0.0
NI02PWHLIFE2023,RE_RISK_MITIGATION_PNL,0.0
NI02PWHLIFE2023,ACTUAL_PREMIUM_CF_CURRENT_SERVICE,0.0
NI02PWHLIFE2023,ACTUAL_ACQUISITION_CF_CURRENT_SERVICE,0.0
NI02PWHLIFE2023,ACTUAL_COMMISSION_CF_CURRENT_SERVICE,0.0
NI02PWHLIFE2023,DERECOGNITION_ASSET_OTHER_CF_BF_INIT_RECOG,0.0
NI02PWHLIFE2024,ACTUAL_PREMIUM_CF_PAST_SERVICE,0.0
NI02PWHLIFE2024,ACTUAL_PREMIUM_CF_FUTURE_SERVICE,57923099.84
NI02PWHLIFE2024,ACTUAL_ACQUISITION_CF_PAST_SERVICE,0.0
NI02PWHLIFE2024,ACTUAL_ACQUISITION_CF_FUTURE_SERVICE,11578431.928
NI02PWHLIFE2024,ACTUAL_INV_COMP_PAYABLE,0.0
NI02PWHLIFE2024,ACTUAL_CHANGE_FV_FINANCIAL_UNDERLYING_ITEMS,0.0
NI02PWHLIFE2024,ACTUAL_CHANGE_FV_TECHNICAL_UNDERLYING_ITEMS,0.0
NI02PWHLIFE2024,FIN_RISK_MITIGATION,0.0
NI02PWHLIFE2024,RE_RISK_MITIGATION,0.0
NI02PWHLIFE2024,ACTUAL_COVERAGE_UNIT,0.0
NI02PWHLIFE2024,THEORETICAL_PREMIUM_DERECOGNITION_LRC,0.0
NI02PWHLIFE2024,THEORETICAL_PREMIUM_DERECOGNITION_LIC,0.0
NI02PWHLIFE2024,THEORETICAL_PREMIUM_RECOGNITION,0.0
NI02PWHLIFE2024,DERECOGNITION_ASSET_ACQ_CF_BF_INIT_RECOG,0.0
NI02PWHLIFE2024,ACTUAL_COMMISSION_CF_PAST_SERVICE,0.0
NI02PWHLIFE2024,ACTUAL_COMMISSION_CF_FUTURE_SERVICE,0.0
NI02PWHLIFE2024,RE_RISK_MITIGATION_PNL,0.0
NI02PWHLIFE2024,ACTUAL_PREMIUM_CF_CURRENT_SERVICE,0.0
NI02PWHLIFE2024,ACTUAL_ACQUISITION_CF_CURRENT_SERVICE,0.0
NI02PWHLIFE2024,ACTUAL_COMMISSION_CF_CURRENT_SERVICE,0.0
NI02PWHLIFE2024,DERECOGNITION_ASSET_OTHER_CF_BF_INIT_RECOG,0.0
