GOC_ID,VARIABLE_NAME,1
NI02PMFUNDS2021,ACTUAL_PREMIUM_CF_PAST_SERVICE,0.0
NI02PMFUNDS2021,ACTUAL_PREMIUM_CF_FUTURE_SERVICE,0.0
NI02PMFUNDS2021,ACTUAL_ACQUISITION_CF_PAST_SERVICE,0.0
NI02PMFUNDS2021,ACTUAL_ACQUISITION_CF_FUTURE_SERVICE,0.0
NI02PMFUNDS2021,ACTUAL_INV_COMP_PAYABLE,1462335.0797300786
NI02PMFUNDS2021,ACTUAL_CHANGE_FV_FINANCIAL_UNDERLYING_ITEMS,0.0
NI02PMFUNDS2021,ACTUAL_CHANGE_FV_TECHNICAL_UNDERLYING_ITEMS,0.0
NI02PMFUNDS2021,FIN_RISK_MITIGATION,0.0
NI02PMFUNDS2021,RE_RISK_MITIGATION,0.0
NI02PMFUNDS2021,ACTUAL_COVERAGE_UNIT,0.0
NI02PMFUNDS2021,THEORETICAL_PREMIUM_DERECOGNITION_LRC,0.0
NI02PMFUNDS2021,THEORETICAL_PREMIUM_DERECOGNITION_LIC,0.0
NI02PMFUNDS2021,THEORETICAL_PREMIUM_RECOGNITION,0.0
NI02PMFUNDS2021,DERECOGNITION_ASSET_ACQ_CF_BF_INIT_RECOG,0.0
NI02PMFUNDS2021,ACTUAL_COMMISSION_CF_PAST_SERVICE,0.0
NI02PMFUNDS2021,ACTUAL_COMMISSION_CF_FUTURE_SERVICE,0.0
NI02PMFUNDS2021,RE_RISK_MITIGATION_PNL,0.0
NI02PMFUNDS2021,ACTUAL_PREMIUM_CF_CURRENT_SERVICE,0.0
NI02PMFUNDS2021,ACTUAL_ACQUISITION_CF_CURRENT_SERVICE,0.0
NI02PMFUNDS2021,ACTUAL_COMMISSION_CF_CURRENT_SERVICE,0.0
NI02PMFUNDS2021,DERECOGNITION_ASSET_OTHER_CF_BF_INIT_RECOG,0.0
0,ACTUAL_PREMIUM_CF_PAST_SERVICE,0.0
0,ACTUAL_PREMIUM_CF_FUTURE_SERVICE,0.0
0,ACTUAL_ACQUISITION_CF_PAST_SERVICE,0.0
0,ACTUAL_ACQUISITION_CF_FUTURE_SERVICE,0.0
0,ACTUAL_INV_COMP_PAYABLE,0.0
0,ACTUAL_CHANGE_FV_FINANCIAL_UNDERLYING_ITEMS,0.0
0,ACTUAL_CHANGE_FV_TECHNICAL_UNDERLYING_ITEMS,0.0
0,FIN_RISK_MITIGATION,0.0
0,RE_RISK_MITIGATION,0.0
0,ACTUAL_COVERAGE_UNIT,0.0
0,THEORETICAL_PREMIUM_DERECOGNITION_LRC,0.0
0,THEORETICAL_PREMIUM_DERECOGNITION_LIC,0.0
0,THEORETICAL_PREMIUM_RECOGNITION,0.0
0,DERECOGNITION_ASSET_ACQ_CF_BF_INIT_RECOG,0.0
0,ACTUAL_COMMISSION_CF_PAST_SERVICE,0.0
0,ACTUAL_COMMISSION_CF_FUTURE_SERVICE,0.0
0,RE_RISK_MITIGATION_PNL,0.0
0,ACTUAL_PREMIUM_CF_CURRENT_SERVICE,0.0
0,ACTUAL_ACQUISITION_CF_CURRENT_SERVICE,0.0
0,ACTUAL_COMMISSION_CF_CURRENT_SERVICE,0.0
0,DERECOGNITION_ASSET_OTHER_CF_BF_INIT_RECOG,0.0
NI02OMLPLAN2021,ACTUAL_PREMIUM_CF_PAST_SERVICE,0.0
NI02OMLPLAN2021,ACTUAL_PREMIUM_CF_FUTURE_SERVICE,0.0
NI02OMLPLAN2021,ACTUAL_ACQUISITION_CF_PAST_SERVICE,0.0
NI02OMLPLAN2021,ACTUAL_ACQUISITION_CF_FUTURE_SERVICE,0.0
NI02OMLPLAN2021,ACTUAL_INV_COMP_PAYABLE,0.0
NI02OMLPLAN2021,ACTUAL_CHANGE_FV_FINANCIAL_UNDERLYING_ITEMS,0.0
NI02OMLPLAN2021,ACTUAL_CHANGE_FV_TECHNICAL_UNDERLYING_ITEMS,0.0
NI02OMLPLAN2021,FIN_RISK_MITIGATION,0.0
NI02OMLPLAN2021,RE_RISK_MITIGATION,0.0
NI02OMLPLAN2021,ACTUAL_COVERAGE_UNIT,0.0
NI02OMLPLAN2021,THEORETICAL_PREMIUM_DERECOGNITION_LRC,0.0
NI02OMLPLAN2021,THEORETICAL_PREMIUM_DERECOGNITION_LIC,0.0
NI02OMLPLAN2021,THEORETICAL_PREMIUM_RECOGNITION,0.0
NI02OMLPLAN2021,DERECOGNITION_ASSET_ACQ_CF_BF_INIT_RECOG,0.0
NI02OMLPLAN2021,ACTUAL_COMMISSION_CF_PAST_SERVICE,0.0
NI02OMLPLAN2021,ACTUAL_COMMISSION_CF_FUTURE_SERVICE,0.0
NI02OMLPLAN2021,RE_RISK_MITIGATION_PNL,0.0
NI02OMLPLAN2021,ACTUAL_PREMIUM_CF_CURRENT_SERVICE,0.0
NI02OMLPLAN2021,ACTUAL_ACQUISITION_CF_CURRENT_SERVICE,44203385.72499935
NI02OMLPLAN2021,ACTUAL_COMMISSION_CF_CURRENT_SERVICE,0.0
NI02OMLPLAN2021,DERECOGNITION_ASSET_OTHER_CF_BF_INIT_RECOG,0.0
NI02OMLPLAN2022,ACTUAL_PREMIUM_CF_PAST_SERVICE,0.0
NI02OMLPLAN2022,ACTUAL_PREMIUM_CF_FUTURE_SERVICE,0.0
NI02OMLPLAN2022,ACTUAL_ACQUISITION_CF_PAST_SERVICE,0.0
NI02OMLPLAN2022,ACTUAL_ACQUISITION_CF_FUTURE_SERVICE,0.0
NI02OMLPLAN2022,ACTUAL_INV_COMP_PAYABLE,0.0
NI02OMLPLAN2022,ACTUAL_CHANGE_FV_FINANCIAL_UNDERLYING_ITEMS,0.0
NI02OMLPLAN2022,ACTUAL_CHANGE_FV_TECHNICAL_UNDERLYING_ITEMS,0.0
NI02OMLPLAN2022,FIN_RISK_MITIGATION,0.0
NI02OMLPLAN2022,RE_RISK_MITIGATION,0.0
NI02OMLPLAN2022,ACTUAL_COVERAGE_UNIT,0.0
NI02OMLPLAN2022,THEORETICAL_PREMIUM_DERECOGNITION_LRC,0.0
NI02OMLPLAN2022,THEORETICAL_PREMIUM_DERECOGNITION_LIC,0.0
NI02OMLPLAN2022,THEORETICAL_PREMIUM_RECOGNITION,0.0
NI02OMLPLAN2022,DERECOGNITION_ASSET_ACQ_CF_BF_INIT_RECOG,0.0
NI02OMLPLAN2022,ACTUAL_COMMISSION_CF_PAST_SERVICE,0.0
NI02OMLPLAN2022,ACTUAL_COMMISSION_CF_FUTURE_SERVICE,0.0
NI02OMLPLAN2022,RE_RISK_MITIGATION_PNL,0.0
NI02OMLPLAN2022,ACTUAL_PREMIUM_CF_CURRENT_SERVICE,4118863.12
NI02OMLPLAN2022,ACTUAL_ACQUISITION_CF_CURRENT_SERVICE,0.0
NI02OMLPLAN2022,ACTUAL_COMMISSION_CF_CURRENT_SERVICE,0.0
NI02OMLPLAN2022,DERECOGNITION_ASSET_OTHER_CF_BF_INIT_RECOG,0.0
