GOC_ID,MEASUREMENT_MODEL,ANNUAL_COHORT,AOM_ID,INCEPTION_CURVE_ID,TIMING_INCEPTION_CURVE,CSM_RELEASE_RATIO_CURVE_ID,SHARE_TECH_EXP_ENTITY_SHARE,OCI_OPTION,OCI_OPTION_LRC,OCI_OPTION_LIC,GOC_DURATION,GOC_TYPE_IF_NB,GOC_CURRENCY,REPORTING_CURRENCY,GOC_TYPE_REINSURANCE,AGGREG_1_ID,AGGREG_2_ID,AGGREG_3_ID,AGGREG_4_ID,AGGREG_5_ID
NI02PREINST2021,BBA,2021,15,20211231_NGN_LP100_INC,1_JANUARY,INCEPTION_CURVE,0,INCEPTION_YIELD,1_YES_INCL_CALIBRATION,1_YES_INCL_CALIBRATION,0,1_IF,NGN,NGN,3_RE_CEDED_NON_RETRO,L&S - Others_BBA_Ceded,BBA_Ceded,REINSURANCE ST ,0.0,0.0
NI02PREINST2022,BBA,2022,15,20221231_NGN_LP100_INC,1_JANUARY,INCEPTION_CURVE,0,INCEPTION_YIELD,1_YES_INCL_CALIBRATION,1_YES_INCL_CALIBRATION,0,1_IF,NGN,NGN,3_RE_CEDED_NON_RETRO,L&S - Others_BBA_Ceded,BBA_Ceded,REINSURANCE ST ,0.0,0.0
NI02PREINST2023,BBA,2023,15,20231231_NGN_LP100_INC,1_JANUARY,INCEPTION_CURVE,0,INCEPTION_YIELD,1_YES_INCL_CALIBRATION,1_YES_INCL_CALIBRATION,0,1_IF,NGN,NGN,3_RE_CEDED_NON_RETRO,L&S - Others_BBA_Ceded,BBA_Ceded,REINSURANCE ST ,0.0,0.0
NI02OREINST2021,BBA,2021,15,20211231_NGN_LP100_INC,1_JANUARY,INCEPTION_CURVE,0,INCEPTION_YIELD,1_YES_INCL_CALIBRATION,1_YES_INCL_CALIBRATION,0,1_IF,NGN,NGN,3_RE_CEDED_NON_RETRO,L&S - Others_BBA_Ceded,BBA_Ceded,REINSURANCE ST ,0.0,0.0
NI02OREINST2022,BBA,2022,15,20221231_NGN_LP100_INC,1_JANUARY,INCEPTION_CURVE,0,INCEPTION_YIELD,1_YES_INCL_CALIBRATION,1_YES_INCL_CALIBRATION,0,1_IF,NGN,NGN,3_RE_CEDED_NON_RETRO,L&S - Others_BBA_Ceded,BBA_Ceded,REINSURANCE ST ,0.0,0.0
NI02OREINST2023,BBA,2023,15,20231231_NGN_LP100_INC,1_JANUARY,INCEPTION_CURVE,0,INCEPTION_YIELD,1_YES_INCL_CALIBRATION,1_YES_INCL_CALIBRATION,0,1_IF,NGN,NGN,3_RE_CEDED_NON_RETRO,L&S - Others_BBA_Ceded,BBA_Ceded,REINSURANCE ST ,0.0,0.0
