GOC_SEG_ID,GOC_ID,SEG_ID,ALLOCATION_RATIO
NI02OAIPLAN2021_01_LIF_SAV,NI02OAIPLAN2021,01_LIF_SAV,1
NI02OAIPLAN2022_01_LIF_SAV,NI02OAIPLAN2022,01_LIF_SAV,1
NI02PANNUIT2021_01_LIF_SAV,NI02PANNUIT2021,01_LIF_SAV,1
NI02PBNLIFE2021_01_LIF_SAV,NI02PBNLIFE2021,01_LIF_SAV,1
NI02PBNLIFE2022_01_LIF_SAV,NI02PBNLIFE2022,01_LIF_SAV,1
NI02PCTLIFE2021_01_LIF_SAV,NI02PCTLIFE2021,01_LIF_SAV,1
NI02PCTLIFE2022_01_LIF_SAV,NI02PCTLIFE2022,01_LIF_SAV,1
NI02PCLBRTE2021_01_LIF_SAV,NI02PCLBRTE2021,01_LIF_SAV,1
NI02PCLBRTE2022_01_LIF_SAV,NI02PCLBRTE2022,01_LIF_SAV,1
NI02OCRLIFE2021_01_LIF_SAV,NI02OCRLIFE2021,01_LIF_SAV,1
NI02OCRLIFE2022_01_LIF_SAV,NI02OCRLIFE2022,01_LIF_SAV,1
NI02OEDPLAN2021_01_LIF_SAV,NI02OEDPLAN2021,01_LIF_SAV,1
NI02OEDPLAN2022_01_LIF_SAV,NI02OEDPLAN2022,01_LIF_SAV,1
NI02PEDPLAN2022_01_LIF_SAV,NI02PEDPLAN2022,01_LIF_SAV,1
NI02PEDUPOL2021_01_LIF_SAV,NI02PEDUPOL2021,01_LIF_SAV,1
NI02OEDUPOL2022_01_LIF_SAV,NI02OEDUPOL2022,01_LIF_SAV,1
NI02PEDUPOL2022_01_LIF_SAV,NI02PEDUPOL2022,01_LIF_SAV,1
NI02PEIPLAN2021_01_LIF_SAV,NI02PEIPLAN2021,01_LIF_SAV,1
NI02OLIFESV2021_01_LIF_SAV,NI02OLIFESV2021,01_LIF_SAV,1
NI02OLIFESV2022_01_LIF_SAV,NI02OLIFESV2022,01_LIF_SAV,1
NI02PMFUNDS2021_01_LIF_SAV,NI02PMFUNDS2021,01_LIF_SAV,1
NI02OMLPLAN2021_01_LIF_SAV,NI02OMLPLAN2021,01_LIF_SAV,1
NI02OMLPLAN2022_01_LIF_SAV,NI02OMLPLAN2022,01_LIF_SAV,1
NI02OMORTGE2021_01_LIF_SAV,NI02OMORTGE2021,01_LIF_SAV,1
NI02PMORTGE2022_01_LIF_SAV,NI02PMORTGE2022,01_LIF_SAV,1
NI02PSMRTRE2021_01_LIF_SAV,NI02PSMRTRE2021,01_LIF_SAV,1
NI02OTMLIFE2021_01_LIF_SAV,NI02OTMLIFE2021,01_LIF_SAV,1
NI02PTMLIFE2022_01_LIF_SAV,NI02PTMLIFE2022,01_LIF_SAV,1
NI02PWHLIFE2021_01_LIF_SAV,NI02PWHLIFE2021,01_LIF_SAV,1
