GOC_ID,MEASUREMENT_MODEL,ANNUAL_COHORT,AOM_ID,INCEPTION_CURVE_ID,TIMING_INCEPTION_CURVE,CSM_RELEASE_RATIO_CURVE_ID,SHARE_TECH_EXP_ENTITY_SHARE,OCI_OPTION,OCI_OPTION_LRC,OCI_OPTION_LIC,GOC_DURATION,GOC_TYPE_IF_NB,GOC_CURRENCY,REPORTING_CURRENCY,GOC_TYPE_REINSURANCE,AGGREG_1_ID,AGGREG_2_ID,AGGREG_3_ID,AGGREG_4_ID,AGGREG_5_ID
NI02PANNUIT2021,BBA,2021,13,20211231_NGN_LP100_INC,1_JANUARY,INCEPTION_CURVE,0,INCEPTION_YIELD,1_YES_INCL_CALIBRATION,1_YES_INCL_CALIBRATION,12,1_IF,NGN,NGN,1_DIRECT,L&S - Others_BBA_Direct,BBA_Direct,ANNUITY,0.0,0.0
NI02OMORTGE2021,BBA,2021,13,20211231_NGN_LP100_INC,1_JANUARY,INCEPTION_CURVE,0,INCEPTION_YIELD,1_YES_INCL_CALIBRATION,1_YES_INCL_CALIBRATION,12,1_IF,NGN,NGN,1_DIRECT,L&S - Others_BBA_Direct,BBA_Direct,MORTGAGE,0.0,0.0
NI02PMORTGE2022,BBA,2022,13,20221231_NGN_LP100_INC,1_JANUARY,INCEPTION_CURVE,0,INCEPTION_YIELD,1_YES_INCL_CALIBRATION,1_YES_INCL_CALIBRATION,0,1_IF,NGN,NGN,1_DIRECT,L&S - Others_BBA_Direct,BBA_Direct,MORTGAGE,0.0,0.0
NI02PSMRTRE2021,BBA,2021,13,20211231_NGN_LP100_INC,1_JANUARY,INCEPTION_CURVE,0,INCEPTION_YIELD,1_YES_INCL_CALIBRATION,1_YES_INCL_CALIBRATION,12,1_IF,NGN,NGN,1_DIRECT,L&S - Others_BBA_Direct,BBA_Direct,SMARTRE,0.0,0.0
NI02OTMLIFE2021,BBA,2021,13,20211231_NGN_LP100_INC,1_JANUARY,INCEPTION_CURVE,0,INCEPTION_YIELD,1_YES_INCL_CALIBRATION,1_YES_INCL_CALIBRATION,12,1_IF,NGN,NGN,1_DIRECT,L&S - Others_BBA_Direct,BBA_Direct,TERMLIFE,0.0,0.0
NI02PTMLIFE2022,BBA,2022,13,20221231_NGN_LP100_INC,1_JANUARY,INCEPTION_CURVE,0,INCEPTION_YIELD,1_YES_INCL_CALIBRATION,1_YES_INCL_CALIBRATION,0,1_IF,NGN,NGN,1_DIRECT,L&S - Others_BBA_Direct,BBA_Direct,TERMLIFE,0.0,0.0
NI02PWHLIFE2021,BBA,2021,13,20211231_NGN_LP100_INC,1_JANUARY,INCEPTION_CURVE,0,INCEPTION_YIELD,1_YES_INCL_CALIBRATION,1_YES_INCL_CALIBRATION,12,1_IF,NGN,NGN,1_DIRECT,L&S - Others_BBA_Direct,BBA_Direct,WHOLELIFE ,0.0,0.0
