GOC_SEG_ID,GOC_ID,SEG_ID,ALLOCATION_RATIO
NI02OCRLIFE2021_01_LIF_SAV,NI02OCRLIFE2021,01_LIF_SAV,1
NI02OCRLIFE2022_01_LIF_SAV,NI02OCRLIFE2022,01_LIF_SAV,1
NI02OEDPLAN2021_01_LIF_SAV,NI02OEDPLAN2021,01_LIF_SAV,1
NI02OEDPLAN2022_01_LIF_SAV,NI02OEDPLAN2022,01_LIF_SAV,1
NI02PEDPLAN2022_01_LIF_SAV,NI02PEDPLAN2022,01_LIF_SAV,1
NI02PEDUPOL2021_01_LIF_SAV,NI02PEDUPOL2021,01_LIF_SAV,1
NI02OEDUPOL2022_01_LIF_SAV,NI02OEDUPOL2022,01_LIF_SAV,1
NI02PEDUPOL2022_01_LIF_SAV,NI02PEDUPOL2022,01_LIF_SAV,1
NI02PEIPLAN2021_01_LIF_SAV,NI02PEIPLAN2021,01_LIF_SAV,1
NI02OLIFESV2021_01_LIF_SAV,NI02OLIFESV2021,01_LIF_SAV,1
NI02OLIFESV2022_01_LIF_SAV,NI02OLIFESV2022,01_LIF_SAV,1
