GOC_SEG_ID,GOC_ID,SEG_ID,ALLOCATION_RATIO
NI02OMLPLAN2021_01_LIF_SAV,NI02OMLPLAN2021,01_LIF_SAV,1
NI02OMLPLAN2022_01_LIF_SAV,NI02OMLPLAN2022,01_LIF_SAV,1
NI02OMLPLAN2023_01_LIF_SAV,NI02OMLPLAN2023,01_LIF_SAV,1
NI02OMLPLAN2024_01_LIF_SAV,NI02OMLPLAN2024,01_LIF_SAV,1
NI02OMORTGE2021_01_LIF_SAV,NI02OMORTGE2021,01_LIF_SAV,1
NI02PMORTGE2022_01_LIF_SAV,NI02PMORTGE2022,01_LIF_SAV,1
NI02PMORTGE2023_01_LIF_SAV,NI02PMORTGE2023,01_LIF_SAV,1
NI02PMORTGE2024_01_LIF_SAV,NI02PMORTGE2024,01_LIF_SAV,1
NI02OMORTGE2025_01_LIF_SAV,NI02OMORTGE2025,01_LIF_SAV,1
NI02PRENDOW2024_01_LIF_SAV,NI02PRENDOW2024,01_LIF_SAV,1
NI02PRENDOW2025_01_LIF_SAV,NI02PRENDOW2025,01_LIF_SAV,1
NI02PSMRTRE2021_01_LIF_SAV,NI02PSMRTRE2021,01_LIF_SAV,1
NI02OTMLIFE2021_01_LIF_SAV,NI02OTMLIFE2021,01_LIF_SAV,1
NI02PTMLIFE2022_01_LIF_SAV,NI02PTMLIFE2022,01_LIF_SAV,1
NI02PTMLIFE2023_01_LIF_SAV,NI02PTMLIFE2023,01_LIF_SAV,1
NI02PTMLIFE2024_01_LIF_SAV,NI02PTMLIFE2024,01_LIF_SAV,1
NI02PWHLIFE2021_01_LIF_SAV,NI02PWHLIFE2021,01_LIF_SAV,1
NI02PWHLIFE2023_01_LIF_SAV,NI02PWHLIFE2023,01_LIF_SAV,1
NI02PWHLIFE2024_01_LIF_SAV,NI02PWHLIFE2024,01_LIF_SAV,1
NI02OAIPLAN2021_01_LIF_SAV,NI02OAIPLAN2021,01_LIF_SAV,1
NI02OAIPLAN2022_01_LIF_SAV,NI02OAIPLAN2022,01_LIF_SAV,1
NI02OAIPLAN2023_01_LIF_SAV,NI02OAIPLAN2023,01_LIF_SAV,1
NI02PAIPLAN2023_01_LIF_SAV,NI02PAIPLAN2023,01_LIF_SAV,1
NI02OAIPLAN2024_01_LIF_SAV,NI02OAIPLAN2024,01_LIF_SAV,1
NI02OAIPLAN2025_01_LIF_SAV,NI02OAIPLAN2025,01_LIF_SAV,1
NI02PANNUIT2021_01_LIF_SAV,NI02PANNUIT2021,01_LIF_SAV,1
NI02PAENDOW2024_01_LIF_SAV,NI02PAENDOW2024,01_LIF_SAV,1
NI02PAENDOW2025_01_LIF_SAV,NI02PAENDOW2025,01_LIF_SAV,2
NI02PBNLIFE2021_01_LIF_SAV,NI02PBNLIFE2021,01_LIF_SAV,1
NI02PBNLIFE2022_01_LIF_SAV,NI02PBNLIFE2022,01_LIF_SAV,1
NI02PBNLIFE2023_01_LIF_SAV,NI02PBNLIFE2023,01_LIF_SAV,1
NI02OBNLIFE2024_01_LIF_SAV,NI02OBNLIFE2024,01_LIF_SAV,1
NI02OBNLIFE2025_01_LIF_SAV,NI02OBNLIFE2025,01_LIF_SAV,2
NI02PCTLIFE2021_01_LIF_SAV,NI02PCTLIFE2021,01_LIF_SAV,1
NI02PCTLIFE2022_01_LIF_SAV,NI02PCTLIFE2022,01_LIF_SAV,1
NI02OCRLIFE2021_01_LIF_SAV,NI02OCRLIFE2021,01_LIF_SAV,1
NI02OCRLIFE2022_01_LIF_SAV,NI02OCRLIFE2022,01_LIF_SAV,1
NI02PCRLIFE2023_01_LIF_SAV,NI02PCRLIFE2023,01_LIF_SAV,1
NI02OCRLIFE2024_01_LIF_SAV,NI02OCRLIFE2024,01_LIF_SAV,1
NI02OCRLIFE2025_01_LIF_SAV,NI02OCRLIFE2025,01_LIF_SAV,1
NI02OEDPLAN2021_01_LIF_SAV,NI02OEDPLAN2021,01_LIF_SAV,1
NI02PEDPLAN2022_01_LIF_SAV,NI02PEDPLAN2022,01_LIF_SAV,1
NI02OEDPLAN2022_01_LIF_SAV,NI02OEDPLAN2022,01_LIF_SAV,1
NI02OEDPLAN2023_01_LIF_SAV,NI02OEDPLAN2023,01_LIF_SAV,1
NI02OEDPLAN2024_01_LIF_SAV,NI02OEDPLAN2024,01_LIF_SAV,1
NI02PEDUPOL2021_01_LIF_SAV,NI02PEDUPOL2021,01_LIF_SAV,1
NI02OEDUPOL2022_01_LIF_SAV,NI02OEDUPOL2022,01_LIF_SAV,1
NI02PEDUPOL2022_01_LIF_SAV,NI02PEDUPOL2022,01_LIF_SAV,1
NI02OEDUPOL2023_01_LIF_SAV,NI02OEDUPOL2023,01_LIF_SAV,1
NI02OEDUPOL2024_01_LIF_SAV,NI02OEDUPOL2024,01_LIF_SAV,1
NI02OEDUPOL2025_01_LIF_SAV,NI02OEDUPOL2025,01_LIF_SAV,1
NI02PEIPLAN2021_01_LIF_SAV,NI02PEIPLAN2021,01_LIF_SAV,1
NI02PEIPLAN2024_01_LIF_SAV,NI02PEIPLAN2024,01_LIF_SAV,1
NI02OLIFESV2021_01_LIF_SAV,NI02OLIFESV2021,01_LIF_SAV,1
NI02OLIFESV2022_01_LIF_SAV,NI02OLIFESV2022,01_LIF_SAV,1
NI02OLIFESV2023_01_LIF_SAV,NI02OLIFESV2023,01_LIF_SAV,1
NI02OLIFESV2024_01_LIF_SAV,NI02OLIFESV2024,01_LIF_SAV,1
NI02OLIFESV2025_01_LIF_SAV,NI02OLIFESV2025,01_LIF_SAV,1
NI02PMFUNDS2021_01_LIF_SAV,NI02PMFUNDS2021,01_LIF_SAV,1
NI02OMFUNDS2023_01_LIF_SAV,NI02OMFUNDS2023,01_LIF_SAV,1
NI02PCLBRTE2021_01_LIF_SAV,NI02PCLBRTE2021,01_LIF_SAV,1
NI02PCLBRTE2022_01_LIF_SAV,NI02PCLBRTE2022,01_LIF_SAV,1
NI02OCLBRTE2023_01_LIF_SAV,NI02OCLBRTE2023,01_LIF_SAV,1
NI02PCLBRTE2023_01_LIF_SAV,NI02PCLBRTE2023,01_LIF_SAV,1
NI02PCLBRTE2024_01_LIF_SAV,NI02PCLBRTE2024,01_LIF_SAV,1
