GOC_ID,MEASUREMENT_MODEL,ANNUAL_COHORT,AOM_ID,INCEPTION_CURVE_ID,TIMING_INCEPTION_CURVE,CSM_RELEASE_RATIO_CURVE_ID,SHARE_TECH_EXP_ENTITY_SHARE,OCI_OPTION,OCI_OPTION_LRC,OCI_OPTION_LIC,GOC_DURATION,GOC_TYPE_IF_NB,GOC_CURRENCY,REPORTING_CURRENCY,GOC_TYPE_REINSURANCE,AGGREG_1_ID,AGGREG_2_ID,AGGREG_3_ID,AGGREG_4_ID,AGGREG_5_ID
NI02PSMRTRE2021,BBA,2021.0,13.0,20211231_NGN_LP100_INC,1_JANUARY,INCEPTION_CURVE,0.0,INCEPTION_YIELD,1_YES_INCL_CALIBRATION,1_YES_INCL_CALIBRATION,24.0,1_IF,NGN,NGN,1_DIRECT,L&S - Others_BBA_Direct,BBA_Direct,SMARTRE,0.0,0.0
NI02OTMLIFE2021,BBA,2021.0,13.0,20211231_NGN_LP100_INC,1_JANUARY,INCEPTION_CURVE,0.0,INCEPTION_YIELD,1_YES_INCL_CALIBRATION,1_YES_INCL_CALIBRATION,24.0,1_IF,NGN,NGN,1_DIRECT,L&S - Others_BBA_Direct,BBA_Direct,TERMLIFE,0.0,0.0
NI02PTMLIFE2022,BBA,2022.0,13.0,20221231_NGN_LP100_INC,1_JANUARY,INCEPTION_CURVE,0.0,INCEPTION_YIELD,1_YES_INCL_CALIBRATION,1_YES_INCL_CALIBRATION,12.0,1_IF,NGN,NGN,1_DIRECT,L&S - Others_BBA_Direct,BBA_Direct,TERMLIFE,0.0,0.0
NI02PTMLIFE2023,BBA,2023.0,13.0,20231231_NGN_LP100_INC,1_JANUARY,INCEPTION_CURVE,0.0,INCEPTION_YIELD,1_YES_INCL_CALIBRATION,1_YES_INCL_CALIBRATION,0.0,1_IF,NGN,NGN,1_DIRECT,L&S - Others_BBA_Direct,BBA_Direct,TERMLIFE,0.0,0.0
NI02PTMLIFE2024,BBA,2024.0,13.0,20241231_NGN_LP100_INC,1_JANUARY,INCEPTION_CURVE,0.0,INCEPTION_YIELD,1_YES_INCL_CALIBRATION,1_YES_INCL_CALIBRATION,0.0,1_IF,NGN,NGN,1_DIRECT,L&S - Others_BBA_Direct,BBA_Direct,TERMLIFE,0.0,0.0
NI02PWHLIFE2021,BBA,2021.0,13.0,20211231_NGN_LP100_INC,1_JANUARY,INCEPTION_CURVE,0.0,INCEPTION_YIELD,1_YES_INCL_CALIBRATION,1_YES_INCL_CALIBRATION,24.0,1_IF,NGN,NGN,1_DIRECT,L&S - Others_BBA_Direct,BBA_Direct,WHOLELIFE,0.0,0.0
NI02PWHLIFE2023,BBA,2023.0,13.0,20231231_NGN_LP100_INC,1_JANUARY,INCEPTION_CURVE,0.0,INCEPTION_YIELD,1_YES_INCL_CALIBRATION,1_YES_INCL_CALIBRATION,0.0,1_IF,NGN,NGN,1_DIRECT,L&S - Others_BBA_Direct,BBA_Direct,WHOLELIFE,0.0,0.0
NI02PWHLIFE2024,BBA,2024.0,13.0,20241231_NGN_LP100_INC,1_JANUARY,INCEPTION_CURVE,0.0,INCEPTION_YIELD,1_YES_INCL_CALIBRATION,1_YES_INCL_CALIBRATION,0.0,1_IF,NGN,NGN,1_DIRECT,L&S - Others_BBA_Direct,BBA_Direct,WHOLELIFE,0.0,0.0
NI02OCRLIFE2021,BBA,2021.0,13.0,20211231_NGN_LP100_INC,1_JANUARY,INCEPTION_CURVE,0.0,INCEPTION_YIELD,1_YES_INCL_CALIBRATION,1_YES_INCL_CALIBRATION,24.0,1_IF,NGN,NGN,1_DIRECT,L&S - Others_BBA_Direct,BBA_Direct,CREDITLIFE,0.0,0.0
NI02OCRLIFE2022,BBA,2022.0,13.0,20221231_NGN_LP100_INC,1_JANUARY,INCEPTION_CURVE,0.0,INCEPTION_YIELD,1_YES_INCL_CALIBRATION,1_YES_INCL_CALIBRATION,12.0,1_IF,NGN,NGN,1_DIRECT,L&S - Others_BBA_Direct,BBA_Direct,CREDITLIFE,0.0,0.0
NI02PCRLIFE2023,BBA,2023.0,13.0,20231231_NGN_LP100_INC,1_JANUARY,INCEPTION_CURVE,0.0,INCEPTION_YIELD,1_YES_INCL_CALIBRATION,1_YES_INCL_CALIBRATION,0.0,1_IF,NGN,NGN,1_DIRECT,L&S - Others_BBA_Direct,BBA_Direct,CREDITLIFE,0.0,0.0
NI02OCRLIFE2024,BBA,2024.0,13.0,20241231_NGN_LP100_INC,1_JANUARY,INCEPTION_CURVE,0.0,INCEPTION_YIELD,1_YES_INCL_CALIBRATION,1_YES_INCL_CALIBRATION,0.0,1_IF,NGN,NGN,1_DIRECT,L&S - Others_BBA_Direct,BBA_Direct,CREDITLIFE,0.0,0.0
NI02OCRLIFE2025,BBA,2025.0,14.0,20240530_NGN_LP100_INC,07_JULY,INCEPTION_CURVE,0.0,INCEPTION_YIELD,1_YES_INCL_CALIBRATION,1_YES_INCL_CALIBRATION,1.0,1_IF,NGN,NGN,1_DIRECT,L&S - Others_BBA_Direct,BBA_Direct,CREDITLIFE,0.0,0.0
NI02OEDPLAN2021,BBA,2021.0,13.0,20211231_NGN_LP100_INC,1_JANUARY,INCEPTION_CURVE,0.0,INCEPTION_YIELD,1_YES_INCL_CALIBRATION,1_YES_INCL_CALIBRATION,24.0,1_IF,NGN,NGN,1_DIRECT,L&S - Others_BBA_Direct,BBA_Direct,EDUPLAN,0.0,0.0
NI02PEDPLAN2022,BBA,2022.0,13.0,20221231_NGN_LP100_INC,1_JANUARY,INCEPTION_CURVE,0.0,INCEPTION_YIELD,1_YES_INCL_CALIBRATION,1_YES_INCL_CALIBRATION,12.0,1_IF,NGN,NGN,1_DIRECT,L&S - Others_BBA_Direct,BBA_Direct,EDUPLAN,0.0,0.0
NI02OEDPLAN2022,BBA,2022.0,13.0,20231231_NGN_LP100_INC,1_JANUARY,INCEPTION_CURVE,0.0,INCEPTION_YIELD,1_YES_INCL_CALIBRATION,1_YES_INCL_CALIBRATION,0.0,1_IF,NGN,NGN,1_DIRECT,L&S - Others_BBA_Direct,BBA_Direct,EDUPLAN,0.0,0.0
NI02OEDPLAN2023,BBA,2023.0,13.0,20231231_NGN_LP100_INC,1_JANUARY,INCEPTION_CURVE,0.0,INCEPTION_YIELD,1_YES_INCL_CALIBRATION,1_YES_INCL_CALIBRATION,0.0,1_IF,NGN,NGN,1_DIRECT,L&S - Others_BBA_Direct,BBA_Direct,EDUPLAN,0.0,0.0
NI02OEDPLAN2024,BBA,2024.0,13.0,20241231_NGN_LP100_INC,1_JANUARY,INCEPTION_CURVE,0.0,INCEPTION_YIELD,1_YES_INCL_CALIBRATION,1_YES_INCL_CALIBRATION,0.0,1_IF,NGN,NGN,1_DIRECT,L&S - Others_BBA_Direct,BBA_Direct,EDUPLAN,0.0,0.0
NI02PEDUPOL2021,BBA,2021.0,13.0,20211231_NGN_LP100_INC,1_JANUARY,INCEPTION_CURVE,0.0,INCEPTION_YIELD,1_YES_INCL_CALIBRATION,1_YES_INCL_CALIBRATION,24.0,1_IF,NGN,NGN,1_DIRECT,L&S - Others_BBA_Direct,BBA_Direct,EDUPOLICY,0.0,0.0
NI02OEDUPOL2022,BBA,2022.0,13.0,20221231_NGN_LP100_INC,1_JANUARY,INCEPTION_CURVE,0.0,INCEPTION_YIELD,1_YES_INCL_CALIBRATION,1_YES_INCL_CALIBRATION,12.0,1_IF,NGN,NGN,1_DIRECT,L&S - Others_BBA_Direct,BBA_Direct,EDUPOLICY,0.0,0.0
NI02PEDUPOL2022,BBA,2022.0,13.0,20231231_NGN_LP100_INC,1_JANUARY,INCEPTION_CURVE,0.0,INCEPTION_YIELD,1_YES_INCL_CALIBRATION,1_YES_INCL_CALIBRATION,12.0,1_IF,NGN,NGN,1_DIRECT,L&S - Others_BBA_Direct,BBA_Direct,EDUPOLICY,0.0,0.0
NI02OEDUPOL2023,BBA,2023.0,13.0,20231231_NGN_LP100_INC,1_JANUARY,INCEPTION_CURVE,0.0,INCEPTION_YIELD,1_YES_INCL_CALIBRATION,1_YES_INCL_CALIBRATION,0.0,1_IF,NGN,NGN,1_DIRECT,L&S - Others_BBA_Direct,BBA_Direct,EDUPOLICY,0.0,0.0
NI02OEDUPOL2024,BBA,2024.0,13.0,20241231_NGN_LP100_INC,1_JANUARY,INCEPTION_CURVE,0.0,INCEPTION_YIELD,1_YES_INCL_CALIBRATION,1_YES_INCL_CALIBRATION,0.0,1_IF,NGN,NGN,1_DIRECT,L&S - Others_BBA_Direct,BBA_Direct,EDUPOLICY,0.0,0.0
NI02OEDUPOL2025,BBA,2025.0,13.0,20250630_NGN_LP100_INC,07_JULY,INCEPTION_CURVE,0.0,INCEPTION_YIELD,1_YES_INCL_CALIBRATION,1_YES_INCL_CALIBRATION,0.0,1_IF,NGN,NGN,1_DIRECT,L&S - Others_BBA_Direct,BBA_Direct,EDUPOLICY,0.0,0.0
NI02PEIPLAN2021,BBA,2021.0,13.0,20211231_NGN_LP100_INC,1_JANUARY,INCEPTION_CURVE,0.0,INCEPTION_YIELD,1_YES_INCL_CALIBRATION,1_YES_INCL_CALIBRATION,24.0,1_IF,NGN,NGN,1_DIRECT,L&S - Others_BBA_Direct,BBA_Direct,EIP,0.0,0.0
NI02PEIPLAN2024,BBA,2024.0,13.0,20241231_NGN_LP100_INC,1_JANUARY,INCEPTION_CURVE,0.0,INCEPTION_YIELD,1_YES_INCL_CALIBRATION,1_YES_INCL_CALIBRATION,0.0,1_IF,NGN,NGN,1_DIRECT,L&S - Others_BBA_Direct,BBA_Direct,EIP,0.0,0.0
NI02OLIFESV2021,BBA,2021.0,13.0,20211231_NGN_LP100_INC,1_JANUARY,INCEPTION_CURVE,0.0,INCEPTION_YIELD,1_YES_INCL_CALIBRATION,1_YES_INCL_CALIBRATION,24.0,1_IF,NGN,NGN,1_DIRECT,L&S - Others_BBA_Direct,BBA_Direct,LIFESAVINGS,0.0,0.0
NI02OLIFESV2022,BBA,2022.0,13.0,20221231_NGN_LP100_INC,1_JANUARY,INCEPTION_CURVE,0.0,INCEPTION_YIELD,1_YES_INCL_CALIBRATION,1_YES_INCL_CALIBRATION,12.0,1_IF,NGN,NGN,1_DIRECT,L&S - Others_BBA_Direct,BBA_Direct,LIFESAVINGS,0.0,0.0
NI02OLIFESV2023,BBA,2023.0,13.0,20231231_NGN_LP100_INC,1_JANUARY,INCEPTION_CURVE,0.0,INCEPTION_YIELD,1_YES_INCL_CALIBRATION,1_YES_INCL_CALIBRATION,0.0,1_IF,NGN,NGN,1_DIRECT,L&S - Others_BBA_Direct,BBA_Direct,LIFESAVINGS,0.0,0.0
NI02OLIFESV2024,BBA,2024.0,13.0,20241231_NGN_LP100_INC,1_JANUARY,INCEPTION_CURVE,0.0,INCEPTION_YIELD,1_YES_INCL_CALIBRATION,1_YES_INCL_CALIBRATION,0.0,1_IF,NGN,NGN,1_DIRECT,L&S - Others_BBA_Direct,BBA_Direct,LIFESAVINGS,0.0,0.0
NI02OLIFESV2025,BBA,2025.0,13.0,20250630_NGN_LP100_INC,07_JULY,INCEPTION_CURVE,0.0,INCEPTION_YIELD,1_YES_INCL_CALIBRATION,1_YES_INCL_CALIBRATION,0.0,1_IF,NGN,NGN,1_DIRECT,L&S - Others_BBA_Direct,BBA_Direct,LIFESAVINGS,0.0,0.0
NI02PMFUNDS2021,BBA,2021.0,13.0,20211231_NGN_LP100_INC,1_JANUARY,INCEPTION_CURVE,0.0,INCEPTION_YIELD,1_YES_INCL_CALIBRATION,1_YES_INCL_CALIBRATION,24.0,1_IF,NGN,NGN,1_DIRECT,L&S - Others_BBA_Direct,BBA_Direct,MFUNDS,0.0,0.0
NI02OMFUNDS2023,BBA,2023.0,13.0,20231231_NGN_LP100_INC,1_JANUARY,INCEPTION_CURVE,0.0,INCEPTION_YIELD,1_YES_INCL_CALIBRATION,1_YES_INCL_CALIBRATION,0.0,1_IF,NGN,NGN,1_DIRECT,L&S - Others_BBA_Direct,BBA_Direct,MFUNDS,0.0,0.0
NI02OMLPLAN2021,BBA,2021.0,13.0,20211231_NGN_LP100_INC,1_JANUARY,INCEPTION_CURVE,0.0,INCEPTION_YIELD,1_YES_INCL_CALIBRATION,1_YES_INCL_CALIBRATION,24.0,1_IF,NGN,NGN,1_DIRECT,L&S - Others_BBA_Direct,BBA_Direct,MLIP,0.0,0.0
NI02OMLPLAN2022,BBA,2022.0,13.0,20221231_NGN_LP100_INC,1_JANUARY,INCEPTION_CURVE,0.0,INCEPTION_YIELD,1_YES_INCL_CALIBRATION,1_YES_INCL_CALIBRATION,12.0,1_IF,NGN,NGN,1_DIRECT,L&S - Others_BBA_Direct,BBA_Direct,MLIP,0.0,0.0
NI02OMLPLAN2023,BBA,2023.0,13.0,20231231_NGN_LP100_INC,1_JANUARY,INCEPTION_CURVE,0.0,INCEPTION_YIELD,1_YES_INCL_CALIBRATION,1_YES_INCL_CALIBRATION,0.0,1_IF,NGN,NGN,1_DIRECT,L&S - Others_BBA_Direct,BBA_Direct,MLIP,0.0,0.0
NI02OMLPLAN2024,BBA,2024.0,13.0,20241231_NGN_LP100_INC,1_JANUARY,INCEPTION_CURVE,0.0,INCEPTION_YIELD,1_YES_INCL_CALIBRATION,1_YES_INCL_CALIBRATION,0.0,1_IF,NGN,NGN,1_DIRECT,L&S - Others_BBA_Direct,BBA_Direct,MLIP,0.0,0.0
NI02OMORTGE2021,BBA,2021.0,13.0,20211231_NGN_LP100_INC,1_JANUARY,INCEPTION_CURVE,0.0,INCEPTION_YIELD,1_YES_INCL_CALIBRATION,1_YES_INCL_CALIBRATION,24.0,1_IF,NGN,NGN,1_DIRECT,L&S - Others_BBA_Direct,BBA_Direct,MORTGAGE,0.0,0.0
NI02PMORTGE2022,BBA,2022.0,13.0,20221231_NGN_LP100_INC,1_JANUARY,INCEPTION_CURVE,0.0,INCEPTION_YIELD,1_YES_INCL_CALIBRATION,1_YES_INCL_CALIBRATION,12.0,1_IF,NGN,NGN,1_DIRECT,L&S - Others_BBA_Direct,BBA_Direct,MORTGAGE,0.0,0.0
NI02PMORTGE2023,BBA,2023.0,13.0,20231231_NGN_LP100_INC,1_JANUARY,INCEPTION_CURVE,0.0,INCEPTION_YIELD,1_YES_INCL_CALIBRATION,1_YES_INCL_CALIBRATION,0.0,1_IF,NGN,NGN,1_DIRECT,L&S - Others_BBA_Direct,BBA_Direct,MORTGAGE,0.0,0.0
NI02PMORTGE2024,BBA,2024.0,13.0,20241231_NGN_LP100_INC,1_JANUARY,INCEPTION_CURVE,0.0,INCEPTION_YIELD,1_YES_INCL_CALIBRATION,1_YES_INCL_CALIBRATION,0.0,1_IF,NGN,NGN,1_DIRECT,L&S - Others_BBA_Direct,BBA_Direct,MORTGAGE,0.0,0.0
NI02OMORTGE2025,BBA,2025.0,13.0,20250630_NGN_LP100_INC,07_JULY,INCEPTION_CURVE,0.0,INCEPTION_YIELD,1_YES_INCL_CALIBRATION,1_YES_INCL_CALIBRATION,0.0,1_IF,NGN,NGN,1_DIRECT,L&S - Others_BBA_Direct,BBA_Direct,MORTGAGE,0.0,0.0
NI02PRENDOW2024,BBA,2024.0,13.0,20241231_NGN_LP100_INC,07_JANUARY,INCEPTION_CURVE,0.0,INCEPTION_YIELD,1_YES_INCL_CALIBRATION,1_YES_INCL_CALIBRATION,0.0,1_IF,NGN,NGN,1_DIRECT,L&S - Others_BBA_Direct,BBA_Direct,REGULAR ENDOWMENT,0.0,0.0
NI02PRENDOW2025,BBA,2024.0,13.0,20250630_NGN_LP100_INC,07_JULY,INCEPTION_CURVE,0.0,INCEPTION_YIELD,1_YES_INCL_CALIBRATION,1_YES_INCL_CALIBRATION,0.0,1_IF,NGN,NGN,1_DIRECT,L&S - Others_BBA_Direct,BBA_Direct,0,0.0,0.0
0,0,0.0,0.0,0,0,0,0.0,0,0,0,0.0,0,0,0,0,0,0,0,0.0,0.0
0,0,0.0,0.0,0,0,0,0.0,0,0,0,0.0,0,0,0,0,0,0,0,0.0,0.0
0,0,0.0,0.0,0, ,0,0.0,0,0,0,0.0,0,0,0,0,0,0,0,0.0,0.0
NI02PCLBRTE2021,BBA,2021.0,13.0,20211231_NGN_LP100_INC,1_JANUARY,INCEPTION_CURVE,0.0,INCEPTION_YIELD,1_YES_INCL_CALIBRATION,1_YES_INCL_CALIBRATION,24.0,1_IF,NGN,NGN,1_DIRECT,L&S - Others_BBA_Direct,BBA_Direct,CELEBRATE,0.0,0.0
NI02PCLBRTE2022,BBA,2022.0,13.0,20221231_NGN_LP100_INC,1_JANUARY,INCEPTION_CURVE,0.0,INCEPTION_YIELD,1_YES_INCL_CALIBRATION,1_YES_INCL_CALIBRATION,12.0,1_IF,NGN,NGN,1_DIRECT,L&S - Others_BBA_Direct,BBA_Direct,CELEBRATE,0.0,0.0
NI02OCLBRTE2023,BBA,2023.0,13.0,20231231_NGN_LP100_INC,1_JANUARY,INCEPTION_CURVE,0.0,INCEPTION_YIELD,1_YES_INCL_CALIBRATION,1_YES_INCL_CALIBRATION,0.0,1_IF,NGN,NGN,1_DIRECT,L&S - Others_BBA_Direct,BBA_Direct,CELEBRATE,0.0,0.0
NI02PCLBRTE2023,BBA,2023.0,13.0,20231231_NGN_LP100_INC,1_JANUARY,INCEPTION_CURVE,0.0,INCEPTION_YIELD,1_YES_INCL_CALIBRATION,1_YES_INCL_CALIBRATION,0.0,1_IF,NGN,NGN,1_DIRECT,L&S - Others_BBA_Direct,BBA_Direct,CELEBRATE,0.0,0.0
NI02PCLBRTE2024,BBA,2024.0,13.0,20241231_NGN_LP100_INC,1_JANUARY,INCEPTION_CURVE,0.0,INCEPTION_YIELD,1_YES_INCL_CALIBRATION,1_YES_INCL_CALIBRATION,0.0,1_IF,NGN,NGN,1_DIRECT,L&S - Others_BBA_Direct,BBA_Direct,CELEBRATE,0.0,0.0
NI02OAIPLAN2021,BBA,2021.0,13.0,20211231_NGN_LP100_INC,1_JANUARY,INCEPTION_CURVE,0.0,INCEPTION_YIELD,1_YES_INCL_CALIBRATION,1_YES_INCL_CALIBRATION,36.0,1_IF,NGN,NGN,1_DIRECT,L&S - Others_BBA_Direct,BBA_Direct,AIP,0.0,0.0
NI02OAIPLAN2022,BBA,2022.0,13.0,20221231_NGN_LP100_INC,1_JANUARY,INCEPTION_CURVE,0.0,INCEPTION_YIELD,1_YES_INCL_CALIBRATION,1_YES_INCL_CALIBRATION,24.0,1_IF,NGN,NGN,1_DIRECT,L&S - Others_BBA_Direct,BBA_Direct,AIP,0.0,0.0
NI02OAIPLAN2023,BBA,2023.0,13.0,20231231_NGN_LP100_INC,1_JANUARY,INCEPTION_CURVE,0.0,INCEPTION_YIELD,1_YES_INCL_CALIBRATION,1_YES_INCL_CALIBRATION,12.0,1_IF,NGN,NGN,1_DIRECT,L&S - Others_BBA_Direct,BBA_Direct,AIP,0.0,0.0
NI02PAIPLAN2023,BBA,2023.0,13.0,20231231_NGN_LP100_INC,1_JANUARY,INCEPTION_CURVE,0.0,INCEPTION_YIELD,1_YES_INCL_CALIBRATION,1_YES_INCL_CALIBRATION,12.0,1_IF,NGN,NGN,1_DIRECT,L&S - Others_BBA_Direct,BBA_Direct,AIP,0.0,0.0
NI02OAIPLAN2024,BBA,2024.0,13.0,20241231_NGN_LP100_INC,1_JANUARY,INCEPTION_CURVE,0.0,INCEPTION_YIELD,1_YES_INCL_CALIBRATION,1_YES_INCL_CALIBRATION,0.0,1_IF,NGN,NGN,1_DIRECT,L&S - Others_BBA_Direct,BBA_Direct,AIP,0.0,0.0
NI02OAIPLAN2025,BBA,2025.0,13.0,20250630_NGN_LP100_INC,07_JULY,INCEPTION_CURVE,0.0,INCEPTION_YIELD,1_YES_INCL_CALIBRATION,1_YES_INCL_CALIBRATION,0.0,1_IF,NGN,NGN,1_DIRECT,L&S - Others_BBA_Direct,BBA_Direct,AIP,0.0,0.0
NI02PANNUIT2021,BBA,2021.0,13.0,20211231_NGN_LP100_INC,1_JANUARY,INCEPTION_CURVE,0.0,INCEPTION_YIELD,1_YES_INCL_CALIBRATION,1_YES_INCL_CALIBRATION,24.0,1_IF,NGN,NGN,1_DIRECT,L&S - Others_BBA_Direct,BBA_Direct,ANNUITY,0.0,0.0
NI02PAENDOW2024,BBA,2024.0,13.0,20241231_NGN_LP100_INC,1_JANUARY,INCEPTION_CURVE,0.0,INCEPTION_YIELD,1_YES_INCL_CALIBRATION,1_YES_INCL_CALIBRATION,0.0,1_IF,NGN,NGN,1_DIRECT,L&S - Others_BBA_Direct,BBA_Direct,ANTICIPATED ENDOWMENT,0.0,0.0
NI02PAENDOW2025,BBA,2025.0,13.0,20250630_NGN_LP100_INC,07_JULY,INCEPTION_CURVE,0.0,INCEPTION_YIELD,1_YES_INCL_CALIBRATION,1_YES_INCL_CALIBRATION,0.0,1_IF,NGN,NGN,1_DIRECT,L&S - Others_BBA_Direct,BBA_Direct,ANTICIPATED ENDOWMENT,0.0,0.0
NI02PBNLIFE2021,BBA,2021.0,13.0,20211231_NGN_LP100_INC,1_JANUARY,INCEPTION_CURVE,0.0,INCEPTION_YIELD,1_YES_INCL_CALIBRATION,1_YES_INCL_CALIBRATION,36.0,1_IF,NGN,NGN,1_DIRECT,L&S - Others_BBA_Direct,BBA_Direct,BONUSLIFE,0.0,0.0
NI02PBNLIFE2022,BBA,2022.0,13.0,20221231_NGN_LP100_INC,1_JANUARY,INCEPTION_CURVE,0.0,INCEPTION_YIELD,1_YES_INCL_CALIBRATION,1_YES_INCL_CALIBRATION,24.0,1_IF,NGN,NGN,1_DIRECT,L&S - Others_BBA_Direct,BBA_Direct,BONUSLIFE,0.0,0.0
NI02PBNLIFE2023,BBA,2023.0,13.0,20231231_NGN_LP100_INC,1_JANUARY,INCEPTION_CURVE,0.0,INCEPTION_YIELD,1_YES_INCL_CALIBRATION,1_YES_INCL_CALIBRATION,12.0,1_IF,NGN,NGN,1_DIRECT,L&S - Others_BBA_Direct,BBA_Direct,BONUSLIFE,0.0,0.0
NI02OBNLIFE2024,BBA,2024.0,13.0,20241231_NGN_LP100_INC,1_JANUARY,INCEPTION_CURVE,0.0,INCEPTION_YIELD,1_YES_INCL_CALIBRATION,1_YES_INCL_CALIBRATION,0.0,1_IF,NGN,NGN,1_DIRECT,L&S - Others_BBA_Direct,BBA_Direct,BONUSLIFE,0.0,0.0
NI02OBNLIFE2025,BBA,2025.0,13.0,20250630_NGN_LP100_INC,07_JULY,INCEPTION_CURVE,1.0,INCEPTION_YIELD,1_YES_INCL_CALIBRATION,1_YES_INCL_CALIBRATION,1.0,1_IF,NGN,NGN,1_DIRECT,L&S - Others_BBA_Direct,BBA_Direct,BONUSLIFE,0.0,0.0
NI02PCTLIFE2021,BBA,2021.0,13.0,20211231_NGN_LP100_INC,1_JANUARY,INCEPTION_CURVE,0.0,INCEPTION_YIELD,1_YES_INCL_CALIBRATION,1_YES_INCL_CALIBRATION,24.0,1_IF,NGN,NGN,1_DIRECT,L&S - Others_BBA_Direct,BBA_Direct,CBTL,0.0,0.0
NI02PCTLIFE2022,BBA,2022.0,13.0,20221231_NGN_LP100_INC,1_JANUARY,INCEPTION_CURVE,0.0,INCEPTION_YIELD,1_YES_INCL_CALIBRATION,1_YES_INCL_CALIBRATION,12.0,1_IF,NGN,NGN,1_DIRECT,L&S - Others_BBA_Direct,BBA_Direct,CBTL,0.0,0.0
