GOC_SEG_ID,GOC_ID,SEG_ID,ALLOCATION_RATIO
NI02OAIPLAN2021_01_LIF_SAV,NI02OAIPLAN2021,01_LIF_SAV,1
NI02OAIPLAN2022_01_LIF_SAV,NI02OAIPLAN2022,01_LIF_SAV,1
NI02PBNLIFE2021_01_LIF_SAV,NI02PBNLIFE2021,01_LIF_SAV,1
NI02PBNLIFE2022_01_LIF_SAV,NI02PBNLIFE2022,01_LIF_SAV,1
NI02PCLBRTE2021_01_LIF_SAV,NI02PCLBRTE2021,01_LIF_SAV,1
NI02OCLBRTE2022_01_LIF_SAV,NI02OCLBRTE2022,01_LIF_SAV,1
NI02PCLBRTE2022_01_LIF_SAV,NI02PCLBRTE2022,01_LIF_SAV,1
NI02OCRLIFE2021_01_LIF_SAV,NI02OCRLIFE2021,01_LIF_SAV,1
NI02OCRLIFE2022_01_LIF_SAV,NI02OCRLIFE2022,01_LIF_SAV,1
NI02PMFUNDS2021_01_LIF_SAV,NI02PMFUNDS2021,01_LIF_SAV,1
NI02OMLPLAN2021_01_LIF_SAV,NI02OMLPLAN2021,01_LIF_SAV,1
NI02OMLPLAN2022_01_LIF_SAV,NI02OMLPLAN2022,01_LIF_SAV,1
