GOC_ID,VARIABLE_NAME,1
NI02OREINST2021,PVFC_LRC_CUMULATIVE_OCI_DERECOG,0
NI02OREINST2021,PVFC_LIC_CUMULATIVE_OCI_DERECOG,0
NI02OREINST2021,RA_LRC_CUMULATIVE_OCI_DERECOG,0
NI02OREINST2021,RA_LIC_CUMULATIVE_OCI_DERECOG,0
NI02OREINST2022,PVFC_LRC_CUMULATIVE_OCI_DERECOG,0
NI02OREINST2022,PVFC_LIC_CUMULATIVE_OCI_DERECOG,0
NI02OREINST2022,RA_LRC_CUMULATIVE_OCI_DERECOG,0
NI02OREINST2022,RA_LIC_CUMULATIVE_OCI_DERECOG,0
NI02OREINST2023,PVFC_LRC_CUMULATIVE_OCI_DERECOG,0
NI02OREINST2023,PVFC_LIC_CUMULATIVE_OCI_DERECOG,0
NI02OREINST2023,RA_LRC_CUMULATIVE_OCI_DERECOG,0
NI02OREINST2023,RA_LIC_CUMULATIVE_OCI_DERECOG,0
NI02PREINST2021,PVFC_LRC_CUMULATIVE_OCI_DERECOG,0
NI02PREINST2021,PVFC_LIC_CUMULATIVE_OCI_DERECOG,0
NI02PREINST2021,RA_LRC_CUMULATIVE_OCI_DERECOG,0
NI02PREINST2021,RA_LIC_CUMULATIVE_OCI_DERECOG,0
NI02PREINST2022,PVFC_LRC_CUMULATIVE_OCI_DERECOG,0
NI02PREINST2022,PVFC_LIC_CUMULATIVE_OCI_DERECOG,0
NI02PREINST2022,RA_LRC_CUMULATIVE_OCI_DERECOG,0
NI02PREINST2022,RA_LIC_CUMULATIVE_OCI_DERECOG,0
NI02PREINST2023,PVFC_LRC_CUMULATIVE_OCI_DERECOG,0
NI02PREINST2023,PVFC_LIC_CUMULATIVE_OCI_DERECOG,0
NI02PREINST2023,RA_LRC_CUMULATIVE_OCI_DERECOG,0
NI02PREINST2023,RA_LIC_CUMULATIVE_OCI_DERECOG,0
