GOC_ID,VARIABLE_NAME,1
NI02OCRLIFE2021,PVFC_LRC_CUMULATIVE_OCI_DERECOG,0
NI02OCRLIFE2021,PVFC_LIC_CUMULATIVE_OCI_DERECOG,0
NI02OCRLIFE2021,RA_LRC_CUMULATIVE_OCI_DERECOG,0
NI02OCRLIFE2021,RA_LIC_CUMULATIVE_OCI_DERECOG,0
NI02OCRLIFE2022,PVFC_LRC_CUMULATIVE_OCI_DERECOG,0
NI02OCRLIFE2022,PVFC_LIC_CUMULATIVE_OCI_DERECOG,0
NI02OCRLIFE2022,RA_LRC_CUMULATIVE_OCI_DERECOG,0
NI02OCRLIFE2022,RA_LIC_CUMULATIVE_OCI_DERECOG,0
NI02OEDPLAN2021,PVFC_LRC_CUMULATIVE_OCI_DERECOG,0
NI02OEDPLAN2021,PVFC_LIC_CUMULATIVE_OCI_DERECOG,0
NI02OEDPLAN2021,RA_LRC_CUMULATIVE_OCI_DERECOG,0
NI02OEDPLAN2021,RA_LIC_CUMULATIVE_OCI_DERECOG,0
NI02OEDPLAN2022,PVFC_LRC_CUMULATIVE_OCI_DERECOG,0
NI02OEDPLAN2022,PVFC_LIC_CUMULATIVE_OCI_DERECOG,0
NI02OEDPLAN2022,RA_LRC_CUMULATIVE_OCI_DERECOG,0
NI02OEDPLAN2022,RA_LIC_CUMULATIVE_OCI_DERECOG,0
NI02PEDPLAN2022,PVFC_LRC_CUMULATIVE_OCI_DERECOG,0
NI02PEDPLAN2022,PVFC_LIC_CUMULATIVE_OCI_DERECOG,0
NI02PEDPLAN2022,RA_LRC_CUMULATIVE_OCI_DERECOG,0
NI02PEDPLAN2022,RA_LIC_CUMULATIVE_OCI_DERECOG,0
NI02PEDUPOL2021,PVFC_LRC_CUMULATIVE_OCI_DERECOG,0
NI02PEDUPOL2021,PVFC_LIC_CUMULATIVE_OCI_DERECOG,0
NI02PEDUPOL2021,RA_LRC_CUMULATIVE_OCI_DERECOG,0
NI02PEDUPOL2021,RA_LIC_CUMULATIVE_OCI_DERECOG,0
NI02OEDUPOL2022,PVFC_LRC_CUMULATIVE_OCI_DERECOG,0
NI02OEDUPOL2022,PVFC_LIC_CUMULATIVE_OCI_DERECOG,0
NI02OEDUPOL2022,RA_LRC_CUMULATIVE_OCI_DERECOG,0
NI02OEDUPOL2022,RA_LIC_CUMULATIVE_OCI_DERECOG,0
NI02PEDUPOL2022,PVFC_LRC_CUMULATIVE_OCI_DERECOG,0
NI02PEDUPOL2022,PVFC_LIC_CUMULATIVE_OCI_DERECOG,0
NI02PEDUPOL2022,RA_LRC_CUMULATIVE_OCI_DERECOG,0
NI02PEDUPOL2022,RA_LIC_CUMULATIVE_OCI_DERECOG,0
NI02PEIPLAN2021,PVFC_LRC_CUMULATIVE_OCI_DERECOG,0
NI02PEIPLAN2021,PVFC_LIC_CUMULATIVE_OCI_DERECOG,0
NI02PEIPLAN2021,RA_LRC_CUMULATIVE_OCI_DERECOG,0
NI02PEIPLAN2021,RA_LIC_CUMULATIVE_OCI_DERECOG,0
NI02OLIFESV2021,PVFC_LRC_CUMULATIVE_OCI_DERECOG,0
NI02OLIFESV2021,PVFC_LIC_CUMULATIVE_OCI_DERECOG,0
NI02OLIFESV2021,RA_LRC_CUMULATIVE_OCI_DERECOG,0
NI02OLIFESV2021,RA_LIC_CUMULATIVE_OCI_DERECOG,0
NI02OLIFESV2022,PVFC_LRC_CUMULATIVE_OCI_DERECOG,0
NI02OLIFESV2022,PVFC_LIC_CUMULATIVE_OCI_DERECOG,0
NI02OLIFESV2022,RA_LRC_CUMULATIVE_OCI_DERECOG,0
NI02OLIFESV2022,RA_LIC_CUMULATIVE_OCI_DERECOG,0
