GOC_ID,VARIABLE_NAME,1
NI02OAIPLAN2021,PVFC_LRC_CUMULATIVE_OCI_DERECOG,0
NI02OAIPLAN2021,PVFC_LIC_CUMULATIVE_OCI_DERECOG,0
NI02OAIPLAN2021,RA_LRC_CUMULATIVE_OCI_DERECOG,0
NI02OAIPLAN2021,RA_LIC_CUMULATIVE_OCI_DERECOG,0
NI02OAIPLAN2022,PVFC_LRC_CUMULATIVE_OCI_DERECOG,0
NI02OAIPLAN2022,PVFC_LIC_CUMULATIVE_OCI_DERECOG,0
NI02OAIPLAN2022,RA_LRC_CUMULATIVE_OCI_DERECOG,0
NI02OAIPLAN2022,RA_LIC_CUMULATIVE_OCI_DERECOG,0
NI02PBNLIFE2021,PVFC_LRC_CUMULATIVE_OCI_DERECOG,0
NI02PBNLIFE2021,PVFC_LIC_CUMULATIVE_OCI_DERECOG,0
NI02PBNLIFE2021,RA_LRC_CUMULATIVE_OCI_DERECOG,0
NI02PBNLIFE2021,RA_LIC_CUMULATIVE_OCI_DERECOG,0
NI02PBNLIFE2022,PVFC_LRC_CUMULATIVE_OCI_DERECOG,0
NI02PBNLIFE2022,PVFC_LIC_CUMULATIVE_OCI_DERECOG,0
NI02PBNLIFE2022,RA_LRC_CUMULATIVE_OCI_DERECOG,0
NI02PBNLIFE2022,RA_LIC_CUMULATIVE_OCI_DERECOG,0
NI02PCTLIFE2021,PVFC_LRC_CUMULATIVE_OCI_DERECOG,0
NI02PCTLIFE2021,PVFC_LIC_CUMULATIVE_OCI_DERECOG,0
NI02PCTLIFE2021,RA_LRC_CUMULATIVE_OCI_DERECOG,0
NI02PCTLIFE2021,RA_LIC_CUMULATIVE_OCI_DERECOG,0
NI02PCTLIFE2022,PVFC_LRC_CUMULATIVE_OCI_DERECOG,0
NI02PCTLIFE2022,PVFC_LIC_CUMULATIVE_OCI_DERECOG,0
NI02PCTLIFE2022,RA_LRC_CUMULATIVE_OCI_DERECOG,0
NI02PCTLIFE2022,RA_LIC_CUMULATIVE_OCI_DERECOG,0
NI02PCLBRTE2021,PVFC_LRC_CUMULATIVE_OCI_DERECOG,0
NI02PCLBRTE2021,PVFC_LIC_CUMULATIVE_OCI_DERECOG,0
NI02PCLBRTE2021,RA_LRC_CUMULATIVE_OCI_DERECOG,0
NI02PCLBRTE2021,RA_LIC_CUMULATIVE_OCI_DERECOG,0
NI02OCLBRTE2022,PVFC_LRC_CUMULATIVE_OCI_DERECOG,0
NI02OCLBRTE2022,PVFC_LIC_CUMULATIVE_OCI_DERECOG,0
NI02OCLBRTE2022,RA_LRC_CUMULATIVE_OCI_DERECOG,0
NI02OCLBRTE2022,RA_LIC_CUMULATIVE_OCI_DERECOG,0
NI02PCLBRTE2022,PVFC_LRC_CUMULATIVE_OCI_DERECOG,0
NI02PCLBRTE2022,PVFC_LIC_CUMULATIVE_OCI_DERECOG,0
NI02PCLBRTE2022,RA_LRC_CUMULATIVE_OCI_DERECOG,0
NI02PCLBRTE2022,RA_LIC_CUMULATIVE_OCI_DERECOG,0
NI02PMFUNDS2021,PVFC_LRC_CUMULATIVE_OCI_DERECOG,0
NI02PMFUNDS2021,PVFC_LIC_CUMULATIVE_OCI_DERECOG,0
NI02PMFUNDS2021,RA_LRC_CUMULATIVE_OCI_DERECOG,0
NI02PMFUNDS2021,RA_LIC_CUMULATIVE_OCI_DERECOG,0
NI02OMLPLAN2021,PVFC_LRC_CUMULATIVE_OCI_DERECOG,0
NI02OMLPLAN2021,PVFC_LIC_CUMULATIVE_OCI_DERECOG,0
NI02OMLPLAN2021,RA_LRC_CUMULATIVE_OCI_DERECOG,0
NI02OMLPLAN2021,RA_LIC_CUMULATIVE_OCI_DERECOG,0
NI02OMLPLAN2022,PVFC_LRC_CUMULATIVE_OCI_DERECOG,0
NI02OMLPLAN2022,PVFC_LIC_CUMULATIVE_OCI_DERECOG,0
NI02OMLPLAN2022,RA_LRC_CUMULATIVE_OCI_DERECOG,0
NI02OMLPLAN2022,RA_LIC_CUMULATIVE_OCI_DERECOG,0
