GOC_ID,VARIABLE_NAME,1
NI02PCLBRTE2021,PVFC_LRC_CUMULATIVE_OCI_DERECOG,0
NI02PCLBRTE2021,PVFC_LIC_CUMULATIVE_OCI_DERECOG,0
NI02PCLBRTE2021,RA_LRC_CUMULATIVE_OCI_DERECOG,0
NI02PCLBRTE2021,RA_LIC_CUMULATIVE_OCI_DERECOG,0
NI02PCLBRTE2022,PVFC_LRC_CUMULATIVE_OCI_DERECOG,0
NI02PCLBRTE2022,PVFC_LIC_CUMULATIVE_OCI_DERECOG,0
NI02PCLBRTE2022,RA_LRC_CUMULATIVE_OCI_DERECOG,0
NI02PCLBRTE2022,RA_LIC_CUMULATIVE_OCI_DERECOG,0
NI02OCLBRTE2023,PVFC_LRC_CUMULATIVE_OCI_DERECOG,0
NI02OCLBRTE2023,PVFC_LIC_CUMULATIVE_OCI_DERECOG,0
NI02OCLBRTE2023,RA_LRC_CUMULATIVE_OCI_DERECOG,0
NI02OCLBRTE2023,RA_LIC_CUMULATIVE_OCI_DERECOG,0
NI02PCLBRTE2023,PVFC_LRC_CUMULATIVE_OCI_DERECOG,0
NI02PCLBRTE2023,PVFC_LIC_CUMULATIVE_OCI_DERECOG,0
NI02PCLBRTE2023,RA_LRC_CUMULATIVE_OCI_DERECOG,0
NI02PCLBRTE2023,RA_LIC_CUMULATIVE_OCI_DERECOG,0
NI02OAIPLAN2021,PVFC_LRC_CUMULATIVE_OCI_DERECOG,0
NI02OAIPLAN2021,PVFC_LIC_CUMULATIVE_OCI_DERECOG,0
NI02OAIPLAN2021,RA_LRC_CUMULATIVE_OCI_DERECOG,0
NI02OAIPLAN2021,RA_LIC_CUMULATIVE_OCI_DERECOG,0
NI02OAIPLAN2022,PVFC_LRC_CUMULATIVE_OCI_DERECOG,0
NI02OAIPLAN2022,PVFC_LIC_CUMULATIVE_OCI_DERECOG,0
NI02OAIPLAN2022,RA_LRC_CUMULATIVE_OCI_DERECOG,0
NI02OAIPLAN2022,RA_LIC_CUMULATIVE_OCI_DERECOG,0
NI02OAIPLAN2023,PVFC_LRC_CUMULATIVE_OCI_DERECOG,0
NI02OAIPLAN2023,PVFC_LIC_CUMULATIVE_OCI_DERECOG,0
NI02OAIPLAN2023,RA_LRC_CUMULATIVE_OCI_DERECOG,0
NI02OAIPLAN2023,RA_LIC_CUMULATIVE_OCI_DERECOG,0
NI02PAIPLAN2023,PVFC_LRC_CUMULATIVE_OCI_DERECOG,0
NI02PAIPLAN2023,PVFC_LIC_CUMULATIVE_OCI_DERECOG,0
NI02PAIPLAN2023,RA_LRC_CUMULATIVE_OCI_DERECOG,0
NI02PAIPLAN2023,RA_LIC_CUMULATIVE_OCI_DERECOG,0
NI02PANNUIT2021,PVFC_LRC_CUMULATIVE_OCI_DERECOG,0
NI02PANNUIT2021,PVFC_LIC_CUMULATIVE_OCI_DERECOG,0
NI02PANNUIT2021,RA_LRC_CUMULATIVE_OCI_DERECOG,0
NI02PANNUIT2021,RA_LIC_CUMULATIVE_OCI_DERECOG,0
NI02PBNLIFE2021,PVFC_LRC_CUMULATIVE_OCI_DERECOG,0
NI02PBNLIFE2021,PVFC_LIC_CUMULATIVE_OCI_DERECOG,0
NI02PBNLIFE2021,RA_LRC_CUMULATIVE_OCI_DERECOG,0
NI02PBNLIFE2021,RA_LIC_CUMULATIVE_OCI_DERECOG,0
NI02PBNLIFE2022,PVFC_LRC_CUMULATIVE_OCI_DERECOG,0
NI02PBNLIFE2022,PVFC_LIC_CUMULATIVE_OCI_DERECOG,0
NI02PBNLIFE2022,RA_LRC_CUMULATIVE_OCI_DERECOG,0
NI02PBNLIFE2022,RA_LIC_CUMULATIVE_OCI_DERECOG,0
NI02PBNLIFE2023,PVFC_LRC_CUMULATIVE_OCI_DERECOG,0
NI02PBNLIFE2023,PVFC_LIC_CUMULATIVE_OCI_DERECOG,0
NI02PBNLIFE2023,RA_LRC_CUMULATIVE_OCI_DERECOG,0
NI02PBNLIFE2023,RA_LIC_CUMULATIVE_OCI_DERECOG,0
NI02PCTLIFE2021,PVFC_LRC_CUMULATIVE_OCI_DERECOG,0
NI02PCTLIFE2021,PVFC_LIC_CUMULATIVE_OCI_DERECOG,0
NI02PCTLIFE2021,RA_LRC_CUMULATIVE_OCI_DERECOG,0
NI02PCTLIFE2021,RA_LIC_CUMULATIVE_OCI_DERECOG,0
NI02PCTLIFE2022,PVFC_LRC_CUMULATIVE_OCI_DERECOG,0
NI02PCTLIFE2022,PVFC_LIC_CUMULATIVE_OCI_DERECOG,0
NI02PCTLIFE2022,RA_LRC_CUMULATIVE_OCI_DERECOG,0
NI02PCTLIFE2022,RA_LIC_CUMULATIVE_OCI_DERECOG,0
NI02OCRLIFE2021,PVFC_LRC_CUMULATIVE_OCI_DERECOG,0
NI02OCRLIFE2021,PVFC_LIC_CUMULATIVE_OCI_DERECOG,0
NI02OCRLIFE2021,RA_LRC_CUMULATIVE_OCI_DERECOG,0
NI02OCRLIFE2021,RA_LIC_CUMULATIVE_OCI_DERECOG,0
NI02OCRLIFE2022,PVFC_LRC_CUMULATIVE_OCI_DERECOG,0
NI02OCRLIFE2022,PVFC_LIC_CUMULATIVE_OCI_DERECOG,0
NI02OCRLIFE2022,RA_LRC_CUMULATIVE_OCI_DERECOG,0
NI02OCRLIFE2022,RA_LIC_CUMULATIVE_OCI_DERECOG,0
NI02PCRLIFE2023,PVFC_LRC_CUMULATIVE_OCI_DERECOG,0
NI02PCRLIFE2023,PVFC_LIC_CUMULATIVE_OCI_DERECOG,0
NI02PCRLIFE2023,RA_LRC_CUMULATIVE_OCI_DERECOG,0
NI02PCRLIFE2023,RA_LIC_CUMULATIVE_OCI_DERECOG,0
NI02OEDPLAN2021,PVFC_LRC_CUMULATIVE_OCI_DERECOG,0
NI02OEDPLAN2021,PVFC_LIC_CUMULATIVE_OCI_DERECOG,0
NI02OEDPLAN2021,RA_LRC_CUMULATIVE_OCI_DERECOG,0
NI02OEDPLAN2021,RA_LIC_CUMULATIVE_OCI_DERECOG,0
NI02PEDPLAN2022,PVFC_LRC_CUMULATIVE_OCI_DERECOG,0
NI02PEDPLAN2022,PVFC_LIC_CUMULATIVE_OCI_DERECOG,0
NI02PEDPLAN2022,RA_LRC_CUMULATIVE_OCI_DERECOG,0
NI02PEDPLAN2022,RA_LIC_CUMULATIVE_OCI_DERECOG,0
NI02OEDPLAN2022,PVFC_LRC_CUMULATIVE_OCI_DERECOG,0
NI02OEDPLAN2022,PVFC_LIC_CUMULATIVE_OCI_DERECOG,0
NI02OEDPLAN2022,RA_LRC_CUMULATIVE_OCI_DERECOG,0
NI02OEDPLAN2022,RA_LIC_CUMULATIVE_OCI_DERECOG,0
NI02OEDPLAN2023,PVFC_LRC_CUMULATIVE_OCI_DERECOG,0
NI02OEDPLAN2023,PVFC_LIC_CUMULATIVE_OCI_DERECOG,0
NI02OEDPLAN2023,RA_LRC_CUMULATIVE_OCI_DERECOG,0
NI02OEDPLAN2023,RA_LIC_CUMULATIVE_OCI_DERECOG,0
NI02PEDUPOL2021,PVFC_LRC_CUMULATIVE_OCI_DERECOG,0
NI02PEDUPOL2021,PVFC_LIC_CUMULATIVE_OCI_DERECOG,0
NI02PEDUPOL2021,RA_LRC_CUMULATIVE_OCI_DERECOG,0
NI02PEDUPOL2021,RA_LIC_CUMULATIVE_OCI_DERECOG,0
NI02PEDUPOL2022,PVFC_LRC_CUMULATIVE_OCI_DERECOG,0
NI02PEDUPOL2022,PVFC_LIC_CUMULATIVE_OCI_DERECOG,0
NI02PEDUPOL2022,RA_LRC_CUMULATIVE_OCI_DERECOG,0
NI02PEDUPOL2022,RA_LIC_CUMULATIVE_OCI_DERECOG,0
NI02OEDUPOL2022,PVFC_LRC_CUMULATIVE_OCI_DERECOG,0
NI02OEDUPOL2022,PVFC_LIC_CUMULATIVE_OCI_DERECOG,0
NI02OEDUPOL2022,RA_LRC_CUMULATIVE_OCI_DERECOG,0
NI02OEDUPOL2022,RA_LIC_CUMULATIVE_OCI_DERECOG,0
NI02OEDUPOL2023,PVFC_LRC_CUMULATIVE_OCI_DERECOG,0
NI02OEDUPOL2023,PVFC_LIC_CUMULATIVE_OCI_DERECOG,0
NI02OEDUPOL2023,RA_LRC_CUMULATIVE_OCI_DERECOG,0
NI02OEDUPOL2023,RA_LIC_CUMULATIVE_OCI_DERECOG,0
NI02PEIPLAN2021,PVFC_LRC_CUMULATIVE_OCI_DERECOG,0
NI02PEIPLAN2021,PVFC_LIC_CUMULATIVE_OCI_DERECOG,0
NI02PEIPLAN2021,RA_LRC_CUMULATIVE_OCI_DERECOG,0
NI02PEIPLAN2021,RA_LIC_CUMULATIVE_OCI_DERECOG,0
NI02OLIFESV2021,PVFC_LRC_CUMULATIVE_OCI_DERECOG,0
NI02OLIFESV2021,PVFC_LIC_CUMULATIVE_OCI_DERECOG,0
NI02OLIFESV2021,RA_LRC_CUMULATIVE_OCI_DERECOG,0
NI02OLIFESV2021,RA_LIC_CUMULATIVE_OCI_DERECOG,0
NI02OLIFESV2022,PVFC_LRC_CUMULATIVE_OCI_DERECOG,0
NI02OLIFESV2022,PVFC_LIC_CUMULATIVE_OCI_DERECOG,0
NI02OLIFESV2022,RA_LRC_CUMULATIVE_OCI_DERECOG,0
NI02OLIFESV2022,RA_LIC_CUMULATIVE_OCI_DERECOG,0
NI02OLIFESV2023,PVFC_LRC_CUMULATIVE_OCI_DERECOG,0
NI02OLIFESV2023,PVFC_LIC_CUMULATIVE_OCI_DERECOG,0
NI02OLIFESV2023,RA_LRC_CUMULATIVE_OCI_DERECOG,0
NI02OLIFESV2023,RA_LIC_CUMULATIVE_OCI_DERECOG,0
NI02PMFUNDS2021,PVFC_LRC_CUMULATIVE_OCI_DERECOG,0
NI02PMFUNDS2021,PVFC_LIC_CUMULATIVE_OCI_DERECOG,0
NI02PMFUNDS2021,RA_LRC_CUMULATIVE_OCI_DERECOG,0
NI02PMFUNDS2021,RA_LIC_CUMULATIVE_OCI_DERECOG,0
NI02OMFUNDS2023,PVFC_LRC_CUMULATIVE_OCI_DERECOG,0
NI02OMFUNDS2023,PVFC_LIC_CUMULATIVE_OCI_DERECOG,0
NI02OMFUNDS2023,RA_LRC_CUMULATIVE_OCI_DERECOG,0
NI02OMFUNDS2023,RA_LIC_CUMULATIVE_OCI_DERECOG,0
NI02OMLPLAN2021,PVFC_LRC_CUMULATIVE_OCI_DERECOG,0
NI02OMLPLAN2021,PVFC_LIC_CUMULATIVE_OCI_DERECOG,0
NI02OMLPLAN2021,RA_LRC_CUMULATIVE_OCI_DERECOG,0
NI02OMLPLAN2021,RA_LIC_CUMULATIVE_OCI_DERECOG,0
NI02OMLPLAN2022,PVFC_LRC_CUMULATIVE_OCI_DERECOG,0
NI02OMLPLAN2022,PVFC_LIC_CUMULATIVE_OCI_DERECOG,0
NI02OMLPLAN2022,RA_LRC_CUMULATIVE_OCI_DERECOG,0
NI02OMLPLAN2022,RA_LIC_CUMULATIVE_OCI_DERECOG,0
NI02OMLPLAN2023,PVFC_LRC_CUMULATIVE_OCI_DERECOG,0
NI02OMLPLAN2023,PVFC_LIC_CUMULATIVE_OCI_DERECOG,0
NI02OMLPLAN2023,RA_LRC_CUMULATIVE_OCI_DERECOG,0
NI02OMLPLAN2023,RA_LIC_CUMULATIVE_OCI_DERECOG,0
NI02OMORTGE2021,PVFC_LRC_CUMULATIVE_OCI_DERECOG,0
NI02OMORTGE2021,PVFC_LIC_CUMULATIVE_OCI_DERECOG,0
NI02OMORTGE2021,RA_LRC_CUMULATIVE_OCI_DERECOG,0
NI02OMORTGE2021,RA_LIC_CUMULATIVE_OCI_DERECOG,0
NI02PMORTGE2022,PVFC_LRC_CUMULATIVE_OCI_DERECOG,0
NI02PMORTGE2022,PVFC_LIC_CUMULATIVE_OCI_DERECOG,0
NI02PMORTGE2022,RA_LRC_CUMULATIVE_OCI_DERECOG,0
NI02PMORTGE2022,RA_LIC_CUMULATIVE_OCI_DERECOG,0
NI02PMORTGE2023,PVFC_LRC_CUMULATIVE_OCI_DERECOG,0
NI02PMORTGE2023,PVFC_LIC_CUMULATIVE_OCI_DERECOG,0
NI02PMORTGE2023,RA_LRC_CUMULATIVE_OCI_DERECOG,0
NI02PMORTGE2023,RA_LIC_CUMULATIVE_OCI_DERECOG,0
NI02PSMRTRE2021,PVFC_LRC_CUMULATIVE_OCI_DERECOG,0
NI02PSMRTRE2021,PVFC_LIC_CUMULATIVE_OCI_DERECOG,0
NI02PSMRTRE2021,RA_LRC_CUMULATIVE_OCI_DERECOG,0
NI02PSMRTRE2021,RA_LIC_CUMULATIVE_OCI_DERECOG,0
NI02OTMLIFE2021,PVFC_LRC_CUMULATIVE_OCI_DERECOG,0
NI02OTMLIFE2021,PVFC_LIC_CUMULATIVE_OCI_DERECOG,0
NI02OTMLIFE2021,RA_LRC_CUMULATIVE_OCI_DERECOG,0
NI02OTMLIFE2021,RA_LIC_CUMULATIVE_OCI_DERECOG,0
NI02PTMLIFE2022,PVFC_LRC_CUMULATIVE_OCI_DERECOG,0
NI02PTMLIFE2022,PVFC_LIC_CUMULATIVE_OCI_DERECOG,0
NI02PTMLIFE2022,RA_LRC_CUMULATIVE_OCI_DERECOG,0
NI02PTMLIFE2022,RA_LIC_CUMULATIVE_OCI_DERECOG,0
NI02PTMLIFE2023,PVFC_LRC_CUMULATIVE_OCI_DERECOG,0
NI02PTMLIFE2023,PVFC_LIC_CUMULATIVE_OCI_DERECOG,0
NI02PTMLIFE2023,RA_LRC_CUMULATIVE_OCI_DERECOG,0
NI02PTMLIFE2023,RA_LIC_CUMULATIVE_OCI_DERECOG,0
NI02PWHLIFE2021,PVFC_LRC_CUMULATIVE_OCI_DERECOG,0
NI02PWHLIFE2021,PVFC_LIC_CUMULATIVE_OCI_DERECOG,0
NI02PWHLIFE2021,RA_LRC_CUMULATIVE_OCI_DERECOG,0
NI02PWHLIFE2021,RA_LIC_CUMULATIVE_OCI_DERECOG,0
NI02PWHLIFE2023,PVFC_LRC_CUMULATIVE_OCI_DERECOG,0
NI02PWHLIFE2023,PVFC_LIC_CUMULATIVE_OCI_DERECOG,0
NI02PWHLIFE2023,RA_LRC_CUMULATIVE_OCI_DERECOG,0
NI02PWHLIFE2023,RA_LIC_CUMULATIVE_OCI_DERECOG,0
NI02OREINST2021,PVFC_LRC_CUMULATIVE_OCI_DERECOG,0
NI02OREINST2021,PVFC_LIC_CUMULATIVE_OCI_DERECOG,0
NI02OREINST2021,RA_LRC_CUMULATIVE_OCI_DERECOG,0
NI02OREINST2021,RA_LIC_CUMULATIVE_OCI_DERECOG,0
NI02OREINST2022,PVFC_LRC_CUMULATIVE_OCI_DERECOG,0
NI02OREINST2022,PVFC_LIC_CUMULATIVE_OCI_DERECOG,0
NI02OREINST2022,RA_LRC_CUMULATIVE_OCI_DERECOG,0
NI02OREINST2022,RA_LIC_CUMULATIVE_OCI_DERECOG,0
NI02PREINST2021,PVFC_LRC_CUMULATIVE_OCI_DERECOG,0
NI02PREINST2021,PVFC_LIC_CUMULATIVE_OCI_DERECOG,0
NI02PREINST2021,RA_LRC_CUMULATIVE_OCI_DERECOG,0
NI02PREINST2021,RA_LIC_CUMULATIVE_OCI_DERECOG,0
NI02PREINST2022,PVFC_LRC_CUMULATIVE_OCI_DERECOG,0
NI02PREINST2022,PVFC_LIC_CUMULATIVE_OCI_DERECOG,0
NI02PREINST2022,RA_LRC_CUMULATIVE_OCI_DERECOG,0
NI02PREINST2022,RA_LIC_CUMULATIVE_OCI_DERECOG,0
