GOC_ID,VARIABLE_NAME,1
NI02OTMLIFE2021,ACTUARIAL_ACTUAL_CLAIMS_CF_CY,0
NI02OTMLIFE2021,ACTUARIAL_ACTUAL_EXPENSE_CLHANDL_CF_CY,0
NI02OTMLIFE2021,ACTUARIAL_ACTUAL_CLAIMS_CF_PY,0
NI02OTMLIFE2021,ACTUARIAL_ACTUAL_EXPENSE_CF_PY,0
NI02OTMLIFE2021,ACTUARIAL_ACTUAL_EXPENSE_NCLHANDL_CF_CY,0
NI02OTMLIFE2021,INVESTMENT_INCOME_PNL,0
NI02OTMLIFE2021,INVESTMENT_INCOME_OCI,0
NI02OTMLIFE2021,NON_ATTRIBUTABLE_EXPENSE,0
NI02PTMLIFE2022,ACTUARIAL_ACTUAL_CLAIMS_CF_CY,0
NI02PTMLIFE2022,ACTUARIAL_ACTUAL_EXPENSE_CLHANDL_CF_CY,0
NI02PTMLIFE2022,ACTUARIAL_ACTUAL_CLAIMS_CF_PY,0
NI02PTMLIFE2022,ACTUARIAL_ACTUAL_EXPENSE_CF_PY,0
NI02PTMLIFE2022,ACTUARIAL_ACTUAL_EXPENSE_NCLHANDL_CF_CY,0
NI02PTMLIFE2022,INVESTMENT_INCOME_PNL,0
NI02PTMLIFE2022,INVESTMENT_INCOME_OCI,0
NI02PTMLIFE2022,NON_ATTRIBUTABLE_EXPENSE,0
