GOC_ID,VARIABLE_NAME,1
,,
,,
,,
,,
,,
,,
,,
,,
,,
,,
,,
,,
,,
,,
,,
,,
,,
,,
,,
,,
,,
,,
,,
NI02OTMLIFE2021,PVFC_LRC_CUMULATIVE_OCI_DERECOG,0.0
NI02OTMLIFE2021,PVFC_LIC_CUMULATIVE_OCI_DERECOG,0.0
NI02OTMLIFE2021,RA_LRC_CUMULATIVE_OCI_DERECOG,0.0
NI02OTMLIFE2021,RA_LIC_CUMULATIVE_OCI_DERECOG,0.0
NI02PTMLIFE2022,PVFC_LRC_CUMULATIVE_OCI_DERECOG,0.0
NI02PTMLIFE2022,PVFC_LIC_CUMULATIVE_OCI_DERECOG,0.0
NI02PTMLIFE2022,RA_LRC_CUMULATIVE_OCI_DERECOG,0.0
NI02PTMLIFE2022,RA_LIC_CUMULATIVE_OCI_DERECOG,0.0
